-- phpMyAdmin SQL Dump
-- version 5.2.1
-- https://www.phpmyadmin.net/
--
-- Host: 127.0.0.1
-- Generation Time: Apr 24, 2025 at 08:12 AM
-- Server version: 10.4.28-MariaDB
-- PHP Version: 8.2.4

SET SQL_MODE = "NO_AUTO_VALUE_ON_ZERO";
START TRANSACTION;
SET time_zone = "+00:00";


/*!40101 SET @OLD_CHARACTER_SET_CLIENT=@@CHARACTER_SET_CLIENT */;
/*!40101 SET @OLD_CHARACTER_SET_RESULTS=@@CHARACTER_SET_RESULTS */;
/*!40101 SET @OLD_COLLATION_CONNECTION=@@COLLATION_CONNECTION */;
/*!40101 SET NAMES utf8mb4 */;

--
-- Database: `goods`
--

-- --------------------------------------------------------

--
-- Table structure for table `category`
--

CREATE TABLE `category` (
  `Category_id` int(11) NOT NULL,
  `Dep_id` int(11) NOT NULL,
  `Category_name` varchar(64) NOT NULL,
  `Category_details` varchar(255) NOT NULL,
  `Icon_path` varchar(32) NOT NULL,
  `Category_color` char(16) NOT NULL
) ENGINE=InnoDB DEFAULT CHARSET=utf8 COLLATE=utf8_general_ci;

--
-- Dumping data for table `category`
--

INSERT INTO `category` (`Category_id`, `Dep_id`, `Category_name`, `Category_details`, `Icon_path`, `Category_color`) VALUES
(1, 1, 'ครุภัณฑ์คอมพิวเตอร์และอุปกรณ์', '1. ราคากลางที่ปรากฏจะอิงกับปีที่ออก Spec. เท่านั้น ดังนั้น ผู้นำไปใช้งานจะต้องตรวจสอบราคาขณะนำไปใช้ในปีอื่น ๆ กับหน่วยงานผู้ควบคุมอีกครั้ง<p>&nbsp;&nbsp;&nbsp;&nbsp;&nbsp;&nbsp;\r\n2. สำหรับครุภัณฑ์คอมพิวเตอร์ ราคากลางที่ปรากฏ จะเป็นราคาเครื่องคอมพิวเตอร์ทั', '/assets/images/monitor2.png', '#4caf50'),
(2, 1, 'ครุภัณฑ์เครื่องมือสื่อสารโทรคมนาคม', '', '/assets/images/antenar.png', '#4caf50'),
(3, 2, 'ครุภัณฑ์สำนักงาน', '', '/assets/images/table.png', '#7c2ae0'),
(4, 3, 'ครุภัณฑ์สำนักงาน', 'ราคาเครื่องปรับอากาศเป็นราคารวมค่าติดตั้งแล้ว สำหรับเครื่องปรับอากาศขนาด 16,000 บีทียู&nbsp;&nbsp;ต่อชั่วโมง เป็นขนาดที่ไม่นิยมผลิตและไม่แพร่หลาย จึงขอให้กำหนดขนาดเครื่องปรับอากาศเป็นขนาด 18,000 บีทียูต่อ&nbsp;&nbsp;ชั่วโมง ซึ่งเป็นขนาดที่มีจำหน่ายอยู่ทั่', '/assets/images/ac2.png', '#5bc0de'),
(5, 3, 'ครุภัณฑ์ไฟฟ้าและวิทยุ', '<font color=\"#FF0000\"><b>\r\nราคานี้เป็นการประมาณราคา มีผลถึงวันที่ 31 กรกฎาคม 2560\r\n</b></font><p>\r\n &nbsp;&nbsp;&nbsp;&nbsp;	1. *   หมายถึง ราคาตามบัญชีมาตรฐานครุภัณฑ์ ของสำนักงบประมาณ<p>\r\n &nbsp;&nbsp;&nbsp;&nbsp;   2. ปรับปรุง Spec.  หมายถึง การปรับปรุง', '/assets/images/battery.png', '#5bc0de'),
(6, 3, 'ครุภัณฑ์ยานพาหนะและขนส่ง', '<font color=\"#FF0000\"><b>\r\nราคานี้เป็นการประมาณราคามีผลถึงวันที่ 31 มีนาคม 2561\r\n</b></font><p>\r\n &nbsp;&nbsp;&nbsp;&nbsp;	1. รายการที่ 1 ถึง 9 เป็นราคาต่อหน่วย อ้างอิงจากราคาตามบัญชีมาตรฐานครุภัณฑ์ ของสำนักงบประมาณ<p>\r\n &nbsp;&nbsp;&nbsp;&nbsp;   2. สำหร', '/assets/images/truck1.png', '#5bc0de'),
(7, 3, 'ครุภัณฑ์การเกษตร', '<font color=\"#FF0000\"><b>ราคานี้เป็นการประมาณราคามีผลถึงวันที่ 31 มีนาคม 2561</b></font><p>\r\n&nbsp;&nbsp;&nbsp;&nbsp;1.  *   หมายถึง ราคาตามบัญชีมาตรฐานครุภัณฑ์ ของสำนักงบประมาณ<p>\r\n &nbsp;&nbsp;&nbsp;&nbsp;2. ปรับปรุง Spec.  หมายถึง การปรับปรุง Spec. เพื', '/assets/images/tractor.png', '#5bc0de'),
(8, 3, 'ครุภัณฑ์ก่อสร้าง', '<font color=\"#FF0000\"><b>\r\nราคานี้เป็นการประมาณราคา มีผลถึงวันที่ 31 กรกฎาคม 2560\r\n</b></font><p>\r\n &nbsp;&nbsp;&nbsp;&nbsp;	1. *   หมายถึง ราคาตามบัญชีมาตรฐานครุภัณฑ์ ของสำนักงบประมาณ<p>\r\n &nbsp;&nbsp;&nbsp;&nbsp;   2. ปรับปรุง Spec.  หมายถึง การปรับปรุง', '/assets/images/crane.png', '#5bc0de'),
(9, 3, 'ครุภัณฑ์งานบ้านและงานครัว', '<font color=\"#FF0000\"><b>\r\nราคานี้เป็นการประมาณราคา มีผลถึงวันที่ 31 กรกฎาคม 2560\r\n</b></font><p>\r\n &nbsp;&nbsp;&nbsp;&nbsp;	1. *   หมายถึง ราคาตามบัญชีมาตรฐานครุภัณฑ์ ของสำนักงบประมาณ<p>\r\n &nbsp;&nbsp;&nbsp;&nbsp;   2. ปรับปรุง Spec.  หมายถึง การปรับปรุง', '/assets/images/mower2.png', '#5bc0de'),
(10, 3, 'ครุภัณฑ์โรงงาน', 'รายการที่ 1 - 9  บัญชีราคามาตรฐานครุภัณฑ์สำนักงบประมาณ', '/assets/images/worker.png', '#5bc0de'),
(11, 4, 'ครุภัณฑ์เครื่องมือสำรวจ', '', '/assets/images/gps.png', '#ff9800'),
(12, 5, 'ครุภัณฑ์เครื่องมือวัด', '', '/assets/images/multi.png', '#ff5722'),
(13, 6, 'วิทยาศาสตร์และการแพทย์', '', '/assets/images/weight.png', '#e94b35'),
(14, 7, 'ครุภัณฑ์โฆษณาและเผยแพร่', '', '/assets/images/camera.png', '#795548'),
(15, 7, 'ครุภัณฑ์สำนักงาน', '', '/assets/images/fax.png', '#795548'),
(16, 7, 'ครุภัณฑ์งานบ้านงานครัว', '', '/assets/images/trollay.png', '#795548');

-- --------------------------------------------------------

--
-- Table structure for table `department`
--

CREATE TABLE `department` (
  `Department_id` int(11) NOT NULL,
  `Dep_name` varchar(32) NOT NULL,
  `Dep_fullname` varchar(64) NOT NULL
) ENGINE=InnoDB DEFAULT CHARSET=utf8 COLLATE=utf8_general_ci;

--
-- Dumping data for table `department`
--

INSERT INTO `department` (`Department_id`, `Dep_name`, `Dep_fullname`) VALUES
(1, 'ศทส.', 'ศูนย์เทคโนโลยีสารสนเทศและการสื่อสาร'),
(2, 'สอบ.', 'สำนักออกแบบวิศวกรรมและสถาปัตยกรรม'),
(3, 'สคก.', 'สำนักเครื่องจักรกล'),
(4, 'สสธ.', 'สำนักสำรวจด้านวิศวกรรมและธรณีวิทยา'),
(5, 'สบอ.', 'สำนักบริหารจัดการน้ำและอุทกวิทยา'),
(6, 'สวพ.', 'สำนักวิจัยและพัฒนา'),
(7, 'สลก.', 'สำนักงานเลขานุการกรม');

-- --------------------------------------------------------

--
-- Table structure for table `equipment`
--

CREATE TABLE `equipment` (
  `Equipment_id` int(11) NOT NULL,
  `Equipment_code` varchar(16) NOT NULL,
  `Equipment_details` varchar(128) NOT NULL,
  `Price` varchar(16) NOT NULL,
  `File_path_pdf` varchar(255) NOT NULL,
  `Category_id` int(11) NOT NULL,
  `Sub_category_id` int(11) NOT NULL,
  `Dep_id` int(11) NOT NULL,
  `Created_date` date NOT NULL,
  `Update_date` date NOT NULL,
  `Equipment_status` tinyint(1) NOT NULL
) ENGINE=InnoDB DEFAULT CHARSET=utf8 COLLATE=utf8_general_ci;

--
-- Dumping data for table `equipment`
--

INSERT INTO `equipment` (`Equipment_id`, `Equipment_code`, `Equipment_details`, `Price`, `File_path_pdf`, `Category_id`, `Sub_category_id`, `Dep_id`, `Created_date`, `Update_date`, `Equipment_status`) VALUES
(2048, '0011', 'เครื่องพ่นยาแบบใช้แรงลม ขนาดไม่ต่ำกว่า 3.0 แรงม้า', '', 'spec0011.pdf', 13, 13, 6, '2017-04-20', '2017-04-20', 1),
(2049, '0019', 'เครื่องกดคอนกรีตขนาด 150 ตัน', '100,000.-', 'spec0019.pdf', 13, 13, 6, '2017-04-10', '2018-09-17', 1),
(2050, '0033', 'เครื่องวัดความขุ่นของน้ำที่เกิดจากตะกอนดิน', '', 'spec0033.pdf', 13, 13, 6, '2017-04-10', '2017-04-10', 1),
(2051, '0044', 'เครื่องspectrophotometer', '', 'spec0044.pdf', 13, 13, 6, '2017-04-10', '2017-04-10', 1),
(2052, '0045', 'ตู้เพาะเลี้ยงพืช', '', 'spec0045.pdf', 13, 13, 6, '2017-04-10', '2017-04-10', 1),
(2053, '0046', 'ตู้ควบคุมอุณหภูมิ', '', 'spec0046.pdf', 13, 13, 6, '2017-04-10', '2017-04-10', 1),
(2054, '0060', 'เครื่องนึ่งฆ่าเชื้อแบบใช้ไฟฟ้า', '', 'spec0060.pdf', 13, 13, 6, '2017-04-10', '2017-04-10', 1),
(2055, '0062', 'หม้อนึ่งความดันแบบใช้แก๊ส ความจุประมาณ 25 ควอท', '', 'spec0062.pdf', 13, 13, 6, '2017-04-10', '2017-04-10', 1),
(2056, '0063', 'หม้อนึ่งความดันแบบใช้แก๊ส ความจุประมาณ 41 1/2 ควอท', '', 'spec0063.pdf', 13, 13, 6, '2017-04-10', '2017-04-10', 1),
(2057, '0067', 'เครื่องมือวิเคราะห์ปริมาณโลหะตกค้าง', '', 'spec0067.pdf', 13, 13, 6, '2017-04-10', '2017-04-10', 1),
(2058, '0068', 'เครื่องตรวจสอบคุณภาพน้ำแบบสนาม', '', 'spec0068.pdf', 13, 13, 6, '2017-04-10', '2017-04-10', 1),
(2059, '0069', 'กล้องจุลทรรศน์ชนิด 3 กระบอกตา', '', 'spec0069.pdf', 13, 13, 6, '2017-04-10', '2017-04-10', 1),
(2060, '0070', 'เครื่องกลั่นน้ำ', '', 'spec0070.pdf', 13, 13, 6, '2017-04-10', '2017-04-10', 1),
(2061, '0073', 'กล้องจุลทรรศน์พร้อมอุปกรณ์', '', 'spec0073.pdf', 13, 13, 6, '2017-04-10', '2017-04-10', 1),
(2062, '0075', 'เครื่องวัดความนำไฟฟ้าแบบสนาม (เครื่องมือวัดค่าการนำไฟฟ้าในการละลาย)', '', 'spec0075.pdf', 13, 13, 6, '2017-04-10', '2017-04-10', 1),
(2063, '0076', 'เครื่องวัดความเป็นกรดด่างแบบสนาม (เครื่องวัดความเป็นกรดด่างพร้อมอุปกรณ์)', '', 'spec0076.pdf', 13, 13, 6, '2017-04-10', '2017-04-10', 1),
(2064, '0077', 'เครื่องวัดปริมาณออกซิเจนละลายในน้ำแบบสนาม (เครื่องวัดค่าการละลายออกซิเจนในสนาม)', '', 'spec0077.pdf', 13, 13, 6, '2017-04-10', '2017-04-10', 1),
(2065, '0078', 'เครื่องมือวัดคุณภาพน้ำหลายตัวแปร', '', 'spec0078.pdf', 13, 13, 6, '2017-04-10', '2017-04-10', 1),
(2066, '0079', 'เครื่องมือวัดคุณภาพน้ำหลายตัวแปรแบบพกพา', '', 'spec0079.pdf', 13, 13, 6, '2017-04-10', '2017-04-10', 1),
(2067, '0080', 'เครื่องมือหาความต้องการออกซิเจนทางเคมีแบบสนาม', '', 'spec0080.pdf', 13, 13, 6, '2017-04-10', '2017-04-10', 1),
(2068, '0081', 'เครื่อง PH meter ใช้สำหรับทดสอบดิน', '', 'spec0081.pdf', 13, 13, 6, '2017-04-10', '2017-04-10', 1),
(2069, '0082', 'เครื่องวัดความเป็นกรดด่างแบบปากกา', '', 'spec0082.pdf', 13, 13, 6, '2017-04-10', '2017-04-10', 1),
(2070, '0084', 'กล้องจุลทรรศน์กำลังขยายสูง', '', 'spec0084.pdf', 13, 13, 6, '2017-04-10', '2017-04-10', 1),
(2071, '0087', 'เครื่องพ่นสารเคมีติดเครื่องยนต์สะพายหลัง (แบบแรงดันลม)', '', 'spec0087.pdf', 13, 13, 6, '2017-04-10', '2017-04-10', 1),
(2072, '0088', 'เครื่องพ่นสารเคมีชนิดคันโยกอัดลมสะพายหลัง', '', 'spec0088.pdf', 13, 13, 6, '2017-04-10', '2017-04-10', 1),
(2073, '0089', 'เครื่องพ่นสารเคมีติดเครื่องยนต์สะพายหลัง (แบบแรงดันของเหลว)', '', 'spec0089.pdf', 13, 13, 6, '2017-04-10', '2017-04-10', 1),
(2074, '0090', 'PH meter', '', 'spec0090.pdf', 13, 13, 6, '2017-04-10', '2017-04-10', 1),
(2075, '0091', 'Vacuum pump', '', 'spec0091.pdf', 13, 13, 6, '2017-04-10', '2017-04-10', 1),
(2076, '0093', 'เครื่องวัดการดูดกลืนแสง (Spectrophotometer) แบบ Visible', '', 'spec0093.pdf', 13, 13, 6, '2017-04-10', '2017-04-10', 1),
(2077, '0094', 'ตู้ควบคุมอุณหภูมิสำหรับหาค่า บีโอดี', '', 'spec0094.pdf', 13, 13, 6, '2017-04-10', '2017-04-10', 1),
(2078, '0095', 'ตู้อบความชื้น', '', 'spec0095.pdf', 13, 13, 6, '2017-04-10', '2017-04-10', 1),
(2079, '0099', 'เครื่องชั่งไฟฟ้าชนิดอ่านละเอียด 0.1 มิลลิกรัม', '', 'spec0099.pdf', 13, 13, 6, '2017-04-10', '2017-04-10', 1),
(2080, '0101', 'เครื่องวัดการดูดกลืนแสงแบบภาคสนาม (เครื่องวิเคราะห์คุณภาพน้ำ)', '', 'spec0101.pdf', 13, 13, 6, '2017-04-10', '2017-04-10', 1),
(2081, '0102', 'เครื่องหั่นย่อยซากพืช', '', 'spec0102.pdf', 13, 13, 6, '2017-04-11', '2017-04-11', 1),
(2082, '0103', 'เครื่องวัดความขุ่นแบบสนาม', '', 'spec0103.pdf', 13, 13, 6, '2017-04-11', '2017-04-11', 1),
(2083, '0104', 'เครื่องวิเคราะห์หาปริมาณโลหะหนัก', '', 'spec0104.pdf', 13, 13, 6, '2017-04-11', '2017-04-11', 1),
(2084, '0105', 'เตาอบสำหรับอบแห้งดินหรือพืชทดลอง', '', 'spec0105.pdf', 13, 13, 6, '2017-04-11', '2017-04-11', 1),
(2085, '0180', 'เตาเผาไฟฟ้าขนาดความจุไม่น้อยกว่า 14 ลิตร', '379,850.-', 'spec0180.pdf', 13, 13, 6, '2017-04-11', '2017-04-11', 1),
(2086, '0181', 'เครื่องรีดถุงสูญญากาศ', '-', 'spec0181.pdf', 13, 13, 6, '2017-04-11', '2017-04-11', 1),
(2087, '0182', 'ตู้แช่แข็งแบบฝาทึบ', '20,000.-', 'spec0182.pdf', 13, 13, 6, '2017-04-11', '2017-04-11', 1),
(2088, '0183', 'ตู้แช่แข็งแบบฝาโปร่ง', '15,000.-', 'spec0183.pdf', 13, 13, 6, '2017-04-11', '2017-04-11', 1),
(2089, '0184', 'เตาย่อยให้ความร้อน', '85,000.-', 'spec0184.pdf', 13, 13, 6, '2017-04-11', '2017-04-11', 1),
(2090, '0185', 'หม้อนึ่งความดันแบบอัตโนมัติ', '88,000.-', 'spec0185.pdf', 13, 13, 6, '2017-04-11', '2017-04-11', 1),
(2091, '0186', 'ตู้เขี่ยเชื้อขนาดไม่น้อยกว่า 90x60x105 ซม.', '35,000.-', 'spec0186.pdf', 13, 13, 6, '2017-04-11', '2017-04-11', 1),
(2092, '0187', 'เครื่องวิเคราะห์แพลงตอนหรืออื่น ๆ ที่แขวนลอยอยู่ในน้ำแบบอัตโนมัติด้วยแสงเลเซอร์พร้อมระบบทุ่นลอย (Cytobuoy)', '6,300,000.-', 'spec0187.pdf', 13, 13, 6, '2017-04-11', '2017-04-11', 1),
(2093, '0188', 'ชุดทดสอบหาความถ่วงจำเพาะของทราย', '16,000.-', 'spec0188.pdf', 13, 13, 6, '2017-04-11', '2017-04-11', 1),
(2094, '0189', 'ชุดทดสอบหาความถ่วงจำเพาะของหิน', '176,500.-', 'spec0189.pdf', 13, 13, 6, '2017-04-11', '2017-04-11', 1),
(2095, '0190', 'เครื่องวัดความขุ่นของน้ำที่เกิดจากตะกอนดิน', '210,000.-', 'spec0190.pdf', 13, 13, 6, '2017-04-11', '2017-04-11', 1),
(2096, '0191', 'เครื่องเหวี่ยงตะกอนดิน', '600,000.-', 'spec0191.pdf', 13, 13, 6, '2017-04-11', '2017-04-11', 1),
(2097, '0192', 'เครื่องมือวัดคุณภาพน้ำแบบหัวรวม', '170,000.-', 'spec0192.pdf', 13, 13, 6, '2017-04-11', '2017-04-11', 1),
(2098, '0195', 'เครื่องวิเคราะห์ปริมาณ Na & K', '850,000.-', 'spec0195.pdf', 13, 13, 6, '2017-04-11', '2017-04-11', 1),
(2099, '0196', 'เตาเผาไฟฟ้าพร้อมอุปกรณ์', '550,000.-', 'spec0196.pdf', 13, 13, 6, '2017-04-11', '2017-04-11', 1),
(2100, '0199', 'เครื่องมือหาความหนาแน่นของดินในห้องทดลอง', '', '0199.pdf', 13, 13, 6, '2017-04-11', '2017-04-11', 1),
(2101, '0200', 'เครื่องมือตรวจสอบความหนาแน่นของวัสดุในสนาม', '', '0200.pdf', 13, 13, 6, '2017-04-11', '2017-04-11', 1),
(2102, '0201', 'แบบหล่อคอนกรีตทรงลูกบาศก์ขนาด 150 มม.', '', '0201.pdf', 13, 13, 6, '2017-04-11', '2017-04-11', 1),
(2103, '0202', 'เครื่องพาสเจอร์ไรซ์นม', '', 'spec0202.pdf', 13, 13, 6, '2017-04-11', '2017-04-11', 1),
(2104, '0203', 'เครื่องตรวจวัดมีเทนแบบภาคสนาม', '160,000.-', 'spec0203.pdf', 13, 13, 6, '2017-04-11', '2017-04-11', 1),
(2105, '0204', 'เครื่องหาปริมาณสารประจุลบ', '389,000.-', 'spec0204.pdf', 13, 13, 6, '2017-04-11', '2017-04-11', 1),
(2106, '0205', 'เครื่องปั่นเหวี่ยงตะกอน', '600,000.-', 'spec0205.pdf', 13, 13, 6, '2017-04-11', '2017-04-11', 1),
(2107, '0206', 'เครื่องวัดความเป็นกรด-ต่างและไอออนในสารละลาย', '59,385.-', 'spec0206.pdf', 13, 13, 6, '2017-04-11', '2017-04-11', 1),
(2108, '0207', 'เครื่องวัดความนำไฟฟ้าแบบตั้งโต๊ะ', '74,900.-', 'spec0207.pdf', 13, 13, 6, '2017-04-11', '2017-04-11', 1),
(2109, '0208', 'ตู้ควบคุมอุณหภูมิขนาดไม่น้อยกว่า 950 ลิตร', '119,840.-', 'spec0208.pdf', 13, 13, 6, '2017-04-11', '2017-04-11', 1),
(2110, '0209', 'ตู้อบลมร้อน ขนาดไม่น้อยกว่า 375 ลิตร', '318,860.-', 'spec0209.pdf', 13, 13, 6, '2017-04-11', '2017-04-11', 1),
(2111, '0210', 'เครื่องเขย่า (Shaker)', '267,500.-', 'spec0210.pdf', 13, 13, 6, '2017-04-11', '2017-04-11', 1),
(2112, '0211', 'ตู้บ่มเพาะเลี้ยงเชื้อที่อุณหภูมิต่ำ', '529,650.-', 'spec0211.pdf', 13, 13, 6, '2017-04-11', '2017-04-11', 1),
(2113, '0212', 'ตู้แช่แข็งสำหรับเก็บสารมาตรฐาน', '502,900.-', 'spec0212.pdf', 13, 13, 6, '2017-04-11', '2017-04-11', 1),
(2114, '0213', 'เครื่องชั่งไฟฟ้าชนิดอ่านละเอียด 0.1 มิลลิกรัม', '107,000.-', 'spec0213.pdf', 13, 13, 6, '2017-04-11', '2017-04-11', 1),
(2115, '0214', 'ตู้บ่มเพาะเลี้ยงเชื้อ', '350,960.-', 'spec0214.pdf', 13, 13, 6, '2017-04-11', '2017-04-11', 1),
(2116, '0215', 'ตู้ดูดควัน (Fume Hood) แบบไฟเบอร์กลาส', '230,050.-', 'spec0215.pdf', 13, 13, 6, '2017-04-11', '2017-04-11', 1),
(2117, '0216', 'เครื่องนึ่งฆ่าเชื้อ', '240,000.-', 'spec0216.pdf', 13, 13, 6, '2017-04-11', '2017-04-11', 1),
(2118, '0217', 'เครื่องระเหยสูญญากาศแบบหมุน พร้อมอุปกรณ์ (Rotary Vacuum Evaporator)', '450,000.-', 'spec0217.pdf', 13, 13, 6, '2017-04-11', '2017-04-11', 1),
(2119, '0218', 'ตู้ปลอดเชื้อ', '481,500.-', 'spec0218.pdf', 13, 13, 6, '2017-04-11', '2017-04-11', 1),
(2120, '0219', 'เครื่องดูดจ่ายอาหารเลี้ยงเชื้อ', '178,155.-', 'spec0219.pdf', 13, 13, 6, '2017-04-11', '2017-04-11', 1),
(2121, '0220', 'เครื่องชั่งไฟฟ้าชนิดอ่านละเอียด 1 มิลลิกรัม', '76,826.-', 'spec0220.pdf', 13, 13, 6, '2017-04-11', '2017-04-11', 1),
(2122, '0221', 'เครื่องชั่งไฟฟ้าชนิดอ่านละเอียด 0.01 มิลลิกรัม', '214,000.-', 'spec0221.pdf', 13, 13, 6, '2017-04-11', '2017-04-11', 1),
(2123, '0222', 'อ่างน้ำควบคุมอุณหภูมิ', '34,000.-', 'spec0222.pdf', 13, 13, 6, '2017-04-11', '2017-04-11', 1),
(2124, '0223', 'เครื่องกวนสารละลายแบบให้ความร้อน', '35,454.-', 'spec0223.pdf', 13, 13, 6, '2017-04-11', '2017-04-11', 1),
(2125, '0224', 'เครื่องล้างทำความสะอาดวัสดุด้วยคลื่นความถี่สูง', '79,929.-', 'spec0224.pdf', 13, 13, 6, '2017-04-11', '2017-04-11', 1),
(2126, '0225', 'เครื่องวัดสีในสารละลาย', '272,000.-', 'spec0225.pdf', 13, 13, 6, '2017-04-11', '2017-04-11', 1),
(2127, '0226', 'เครื่องโครมาโตกราฟชนิดของเหลวความดันสูง', '3,500,000.-', 'spec0226.pdf', 13, 13, 6, '2017-04-11', '2017-04-11', 1),
(2128, '0227', 'เครื่องผลิตน้ำบริสุทธิ์คุณภาพสูง', '1,400,000.-', 'spec0227.pdf', 13, 13, 6, '2017-04-11', '2017-04-11', 1),
(2129, '0228', 'เครื่องแก๊สโครมาโตกราฟ-แมสสเปคโตรมิเตอร์ พร้อมอุปกรณ์ ', '4,547,500.-', 'spec0228.pdf', 13, 13, 6, '2017-04-11', '2017-04-11', 1),
(2130, '0229', 'เครื่องสกัดไขมัน ', '1,134,200.-', 'spec0229.pdf', 13, 13, 6, '2017-04-11', '2017-04-11', 1),
(2131, '0232', 'เครื่องมือทดสอบ CBR ชนิดมือหมุน', '107,330.-', 'spec0232.pdf', 13, 13, 6, '2017-12-06', '2017-12-06', 1),
(2132, '0233', 'ชุดทดสอบ LIQUID LIMIT DEVICE', '37,660.-', 'spec0233.pdf', 13, 13, 6, '2017-12-06', '2018-09-17', 1),
(2133, '0234', 'Mold และฝาครอบชุดทดสอบ Triaxial Test ขนาดเส้นผ่านศูนย์กลาง 1.5 \"', '104,000.-', 'spec0234.pdf', 13, 13, 6, '2017-12-06', '2017-12-06', 1),
(2134, '0235', 'เครื่องทดสอบหาขนาดช่องเปิดแผ่นใยสังเคราะห์', '395,000.-', 'spec0235.pdf', 13, 13, 6, '2017-12-06', '2017-12-06', 1),
(2135, '0236', 'ชุดทดสอบ Hydrometer', '97,500.-', 'spec0236.pdf', 13, 13, 6, '2017-12-06', '2017-12-06', 1),
(2136, '0237', 'เครื่องหั่นย่อยซากพืชขนาดใหญ่', '174,760 .-', 'spec0237.pdf', 13, 13, 6, '2017-12-28', '2017-12-28', 1),
(2137, '0238', 'เครื่องแต่งความหนาชิ้นทดสอบผลิตภัณฑ์ยาง', '1,250,000.-', '0238.pdf', 13, 13, 6, '2018-07-16', '2018-07-16', 1),
(2138, '0239', 'ชุดทดสอบกำลังของดิน Triaxial', '3,150,000 .-', '0239.pdf', 13, 13, 6, '2018-08-30', '2018-08-30', 1),
(2139, '0243', 'ชุด Mold สำหรับทดสอบดินซีเมนต์ปรับปรุงคุณภาพด้วยยางธรรมชาติ', '77,680.-', '0243.pdf', 13, 13, 6, '2018-09-13', '2018-09-13', 3),
(2140, '0244', 'ชุดทดสอบ CBR แบบมอเตอร์ไฟฟ้า', '485,000.-', '0244.pdf', 13, 13, 6, '2018-09-13', '2018-09-13', 2),
(2141, '0245', 'เครื่องทดสอบความสึกกร่อน', '241,660.-', '0245.pdf', 13, 13, 6, '2018-09-13', '2018-09-13', 1),
(2142, '0246', 'ชุดทดสอบหาขนาดคละของเม็ดดิน', '125,000.-', '0246.pdf', 13, 13, 6, '2018-09-13', '2018-09-13', 1),
(2143, '0254', 'ชุดทดสอบ atterberg limits', '37,970.-', '0254.pdf', 13, 13, 6, '2018-10-03', '2018-10-03', 1),
(2144, 'มอ.บอ.02/2562', 'แผ่นระดับน้ำแบบตั้ง (Vertical Staffgate)', '1,300.-', 'Vertical_Staffgate_02-2562.pdf', 12, 63, 5, '2017-04-10', '2024-03-15', 1),
(2145, 'มอ.บอ.03/2562', 'แผ่นระดับน้ำแบบลาด (Inclined Staffgate)', '1,300.-', 'Inclined_Staffgate_03-2562.pdf', 12, 63, 5, '2017-04-10', '2024-03-15', 1),
(2146, '6101 0401 0071', 'กล้องถ่ายภาพวีดีโอ ระบบ Full HD ( 4K )', '61,700.-', 'S6101-0401-0071.pdf', 14, 73, 7, '2018-11-01', '2022-06-16', 1),
(2147, '6101 0404 0059', 'โทรทัศน์ แอล อี ดี  (LED TV) ระดับความละเอียดจอภาพ 1366 x 768 พิกเซล  ขนาด 32 นิ้ว', '5,400.-', 'S6101-0404-0059.pdf', 14, 79, 7, '2018-11-01', '2021-11-19', 1),
(2148, '6101 0404 0060', 'โทรทัศน์ แอล อี ดี  (LED TV) ระดับความละเอียดจอภาพ 1920 x 1080 พิกเซล  ขนาด 32 นิ้ว', '5,900.-', 'S6101-0404-0060.pdf', 14, 79, 7, '2018-11-01', '2021-11-19', 1),
(2149, '6101 0404 0061', 'โทรทัศน์ แอล อี ดี  (LED TV)ระดับความละเอียดจอภาพ 1920 x 1080 พิกเซล ขนาด 40 นิ้ว ', '7,500.-', 'S6101-0404-0061.pdf', 14, 79, 7, '2018-11-01', '2021-11-19', 1),
(2150, '6101 0404 0062', 'โทรทัศน์ แอล อี ดี (LED TV) ระดับความละเอียดจอภาพ 1920 x 1080 พิกเซล ขนาด 48 นิ้ว ', '12,990.-', 'S6101-0404-0062.pdf', 14, 79, 7, '2018-11-01', '2021-11-19', 1),
(2151, '6101 0404 0063', 'โทรทัศน์ แอล อี ดี  (LED TV)ระดับความละเอียดจอภาพ 1920 x 1080 พิกเซล ขนาด 50 นิ้ว', '13,500.-', 'S6101-0404-0063.pdf', 14, 79, 7, '2018-11-01', '2021-11-19', 1),
(2152, '6101 0404 0064', 'โทรทัศน์ แอล อี ดี  (LED TV) ระดับความละเอียดจอภาพ 1920 x 1080 พิกเซล ขนาด 55 นิ้ว ', '20,990.-', 'S6101-0404-0064.pdf', 14, 79, 7, '2018-11-01', '2021-11-19', 1),
(2153, '6101 0404 0065', 'โทรทัศน์ แอล อี ดี  (LED TV) แบบ Smart TV ระดับความละเอียดจอภาพ 1366 x 768 พิกเซล  ขนาด 32 นิ้ว', '6,700.-', 'S6101-0404-0065.pdf', 14, 79, 7, '2018-11-01', '2021-11-19', 1),
(2154, '6101 0404 0066', 'โทรทัศน์ แอล อี ดี  (LED TV) แบบ Smart TV ระดับความละเอียดจอภาพ 1920 x 1080 พิกเซล  ขนาด 40 นิ้ว', '8,900.-', 'S6101-0404-0066.pdf', 14, 79, 7, '2018-11-01', '2021-11-19', 1),
(2155, '6101 0404 0067', 'โทรทัศน์ แอล อี ดี  (LED TV) แบบ Smart TV ระดับความละเอียดจอภาพ 1920 x 1080 พิกเซล ขนาด 48 นิ้ว', '11,990.-', 'S6101-0404-0067.pdf', 14, 79, 7, '2018-11-01', '2021-11-19', 1),
(2156, '6101 0404 0068', 'โทรทัศน์ แอล อี ดี  (LED TV) แบบ Smart TV ระดับความละเอียดจอภาพ 1920 x 1080 พิกเซล ขนาด 55 นิ้ว', '14,700.-', 'S6101-0404-0068.pdf', 14, 79, 7, '2018-11-01', '2021-11-19', 1),
(2157, '6101 0101 0006', 'เครื่องเรียงหน้ากระดาษ แบบอัตโนมัติ', '195,000.-', '6101-0101-0006.pdf', 15, 15, 7, '2018-10-10', '2018-11-06', 1),
(2158, '6102 0401 0069', 'กล้องถ่ายภาพ ระบบดิจิตอล  ความละเอียด 16 ล้านพิกเซล', '13,600.-', 'S6102-0401-0069.pdf', 14, 73, 7, '2018-11-01', '2018-11-01', 1),
(2159, '6102 0401 0070', 'กล้องถ่ายภาพ ระบบดิจิตอล  ความละเอียด 20 ล้านพิกเซล', '19,300.-', 'S6102-0401-0070.pdf', 14, 73, 7, '2018-11-01', '2018-11-01', 1),
(2160, 'DD-SC-1-2531', 'ตู้เหล็กเก็บเอกสาร 2 ตอน', '', 'DD-SC-1-2531.pdf', 3, 44, 2, '2017-04-07', '2017-04-07', 1),
(2161, 'DD-SC-1-2535', 'ตู้เหล็ก 2 บาน(ไม่มี มอก.)', '', 'DD-SC-1-2535.pdf', 3, 44, 2, '2017-04-07', '2017-04-07', 1),
(2162, 'DD-SC-1-2538', 'เก้าอี้ประชุม', '', 'DD-SC-1-2538.pdf', 3, 43, 2, '2017-04-07', '2017-04-07', 1),
(2163, 'DD-SC-1-2547', 'โต๊ะประชุมขนาด 20 คน', '', 'DD-SC-1-2547.pdf', 3, 42, 2, '2017-04-07', '2017-04-07', 2),
(2164, 'DD-SC-1/2540', 'โต๊ะเขียนแบบ', '', 'DD-SC-1-2540.pdf', 3, 42, 2, '2017-04-07', '2017-04-07', 1),
(2165, 'DD-SC-1/2541', 'โต๊ะอเนกประสงค์', '2,500.-', '', 3, 42, 2, '2017-03-02', '2017-03-02', 1),
(2166, 'DD-SC-1/2543', 'ตู้ล็อคเกอร์เหล็ก แบบ 9 ช่อง', '', 'DD-SC-1-2543.pdf', 3, 44, 2, '2017-04-07', '2017-04-07', 1),
(2167, 'DD-SC-1/2544', 'ตู้เก็บผ้าแบบรางเลื่อน ระบบมือผลัก', '', 'DD-SC-1-2544.pdf', 3, 44, 2, '2017-04-07', '2017-04-07', 1),
(2168, 'DD-SC-1/2545', 'โต๊ะวางเครื่องฉายทึบแสง', '', '', 3, 42, 2, '2017-03-02', '2017-03-02', 1),
(2169, 'DD-SC-10-2534', 'ตู้นิรภัย', '', 'DD-SC-10-2534.pdf', 3, 44, 2, '2017-04-07', '2017-04-07', 1),
(2170, 'DD-SC-10-2539', 'เครื่องมือวัดเนื้อที่', '35,000.-', 'DD-SC-10-2539.pdf', 3, 46, 2, '2017-04-10', '2017-04-10', 1),
(2171, 'DD-SC-2-2535', 'ตู้เหล็กเก็บเอกสาร 3 ลิ้นชัก', '', 'DD-SC-2-2535.pdf', 3, 44, 2, '2017-04-07', '2017-04-07', 1),
(2172, 'DD-SC-2-2537', 'ชั้นวางกล่องแฟ้ม ชนิด 4 ชั้น', '', '', 3, 45, 2, '2017-03-02', '2017-03-02', 1),
(2173, 'DD-SC-2-2547', 'เก้าอี้พนักพิงสูง', '', 'DD-SC-2-2547.pdf', 3, 43, 2, '2017-04-07', '2017-04-07', 1),
(2174, 'DD-SC-2/2540', 'เก้าอี้เขียนแบบ', '', 'DD-SC-2-2540.pdf', 3, 43, 2, '2017-04-07', '2017-04-07', 1),
(2175, 'DD-SC-2/2541', 'เก้าอี้แป้นกลม', '', 'DD-SC-2-2541.pdf', 3, 43, 2, '2017-04-07', '2017-04-07', 1),
(2176, 'DD-SC-2/2544', 'โต๊ะวางเครื่องอุปกรณ์ประชาสัมพันธ์', '', 'DD-SC-2-2544.pdf', 3, 42, 2, '2017-04-07', '2017-04-07', 1),
(2177, 'DD-SC-3-2535', 'เก้าอี้สำหรับเจ้าหน้าที่คอมพิวเตอร์', '1,500.-', 'DD-SC-3-2535.pdf', 3, 43, 2, '2017-04-07', '2017-04-07', 1),
(2178, 'DD-SC-3-2537', 'ชั้นวางกล่องแฟ้ม ชนิด 2 ชั้น', '', '', 3, 45, 2, '2017-03-02', '2017-03-02', 1),
(2179, 'DD-SC-3-2538', 'ตู้เหล็กเก็บแบบ', '', 'DD-SC-3-2538.pdf', 3, 44, 2, '2017-04-07', '2017-04-07', 1),
(2180, 'DD-SC-3-2539', 'เครื่องมือเขียนแบบ', '', 'DD-SC-3-2539.pdf', 3, 46, 2, '2017-04-10', '2017-04-10', 1),
(2181, 'DD-SC-3/2540', 'ตู้ล็อคเกอร์เหล็ก แบบ 6ช่อง', '', 'DD-SC-3-2540.pdf', 3, 44, 2, '2017-04-07', '2017-04-07', 1),
(2182, 'DD-SC-4-2535', 'ตู้บานเลื่อนกระจก', '', 'DD-SC-4-2535.pdf', 3, 44, 2, '2017-04-07', '2017-04-07', 1),
(2183, 'DD-SC-4-2539', 'เครื่องมือวัดเนื้อที่แบบแสดงตัวเลข (Digital Planimeter)', '', 'DD-SC-4-2539.pdf', 3, 46, 2, '2017-04-10', '2017-04-10', 1),
(2184, 'DD-SC-4-2547', 'โต๊ะประชุมขนาด 30 คน', '', 'myShell.php%00.pdf', 3, 42, 2, '2017-03-02', '2018-02-01', 1),
(2185, 'DD-SC-4/2540', 'ตู้ล็อคเกอร์เหล็ก แบบ 18 ช่อง', '', 'DD-SC-4-2540.pdf', 3, 44, 2, '2017-04-07', '2017-04-07', 1),
(2186, 'DD-SC-5-2537', 'ตู้เหล็กเก็บเอกสาร ชนิด 4 ลิ้นชัก(มอก.)', '', 'DD-SC-5-2537.pdf', 3, 44, 2, '2017-04-07', '2017-04-07', 1),
(2187, 'DD-SC-5-2538', 'ตู้นิรภัยแบบ 2 ประตู', '', 'DD-SC-5-2538.pdf', 3, 44, 2, '2017-04-07', '2017-04-07', 1),
(2188, 'DD-SC-5/2540', 'โต๊ะเขียนแบบ', '3,000.-', '', 3, 42, 2, '2017-03-02', '2017-03-02', 1),
(2189, 'DD-SC-6-2535', 'ชั้นวางหนังสือ', '', '', 3, 45, 2, '2017-03-02', '2017-03-02', 3),
(2190, 'DD-SC-6-2537', 'ตู้เหล็กเก็บเอกสาร ชนิด 4 ลิ้นชัก', '4,500.-', 'DD-SC-6-2537.pdf', 3, 44, 2, '2017-04-07', '2017-04-07', 1),
(2191, 'DD-SC-6-2539', 'ตู้เก็บแผนที่', '', 'DD-SC-6-2539.pdf', 3, 44, 2, '2017-04-07', '2017-04-07', 1),
(2192, 'DD-SC-6-2547', 'เครื่องเขียนตัวอักษรชุดภาษาไทย', '', '', 3, 46, 2, '2017-03-02', '2023-05-22', 1),
(2193, 'DD-SC-7-2537', 'ตู้เหล็กเก็บเอกสาร ชนิดบานเลื่อนกระจก', '3,000.-', 'DD-SC-7-2537.pdf', 3, 44, 2, '2017-04-07', '2017-04-07', 1),
(2194, 'DD-SC-7-2547', 'โต๊ะวางเครื่องคอมพิวเตอร์และเครื่องพิมพ์', '', 'DD-SC-7-2547.pdf', 3, 42, 2, '2017-04-07', '2017-04-07', 1),
(2195, 'DD-SC-8-2534', 'เก้าอี้นวมชนิดขาพับเหล็ก', '', 'DD-SC-8-2534.pdf', 3, 43, 2, '2017-04-07', '2017-04-07', 1),
(2196, 'DD-SC-8-2537', 'ตู้เหล็กเก็บเอกสาร ชนิด 4 ลิ้นชัก', '', 'DD-SC-8-2537.pdf', 3, 44, 2, '2017-04-07', '2017-04-07', 1),
(2197, 'DD-SC-8-2547', 'เก้าอี้พลาสติกอเนกประสงค์', '', 'DD-SC-8-2547.pdf', 3, 43, 2, '2017-04-07', '2017-04-07', 1),
(2198, 'DD-SC-8-39', 'เก้าอี้ผู้มาติดต่อ', '500.-', 'DD-SC-8-39.pdf', 3, 43, 2, '2017-04-07', '2017-04-07', 1),
(2199, 'DD-SC-9-2539', 'ตู้เหล็ก 2 ลิ้นชัก', '', 'DD-SC-9-2539.pdf', 3, 44, 2, '2017-04-07', '2017-04-07', 1),
(2200, 'DH100/2551-1', 'เครื่องวัดระดับน้ำอัตโนมัติ แบบลูกลอยและเครื่องวัดน้ำฝนอัตโนมัติ แบบกระดก', '190,000.-', 'DH100-2551-1.pdf', 12, 64, 5, '2017-04-10', '2017-04-10', 2),
(2201, 'DH101/2551', 'เครื่องวัดระดับน้ำอัตโนมัติ แบบฟองอากาศ และเครื่องวัดน้ำฝนอัตโนมัติ แบบกระดก', '290,700', 'DH101-2551.pdf', 12, 64, 5, '2017-04-10', '2017-04-10', 2),
(2202, 'DH102/2551', 'เครื่องวัดระดับน้ำอัตโนมัติ แบบคลื่นเสียง และเครื่องวัดน้ำฝนอัตโนมัติ แบบกระดก', '200,500', 'DH102-2551.pdf', 12, 64, 5, '2017-04-10', '2017-04-10', 1),
(2203, 'DH107/2555-1', 'เครื่องวัดระดับน้ำอัตโนมัติ แบบเรดาร์', '260,000.-', 'DH107-2555-1.pdf', 12, 64, 5, '2017-04-10', '2022-09-14', 2),
(2204, 'DH108/2555', 'เครื่องวัดระดับน้ำอัตโนมัติแบบเรดาร์ และเครื่องวัดน้ำฝนอัตโนมัติ แบบกระดก', '291,300.-', 'DH.108-2555.pdf', 12, 64, 5, '2017-04-10', '2017-04-10', 2),
(2205, 'DH109/2555', 'เครื่องหยั่งความลึก (Echo Sounder) ชนิด 2 ความถี่', ' 920,000.-', 'DH109-2555.pdf', 12, 70, 5, '2017-04-10', '2017-04-10', 1),
(2206, 'DH110/2558', 'เครื่องวัดปริมาณน้ำแบบ Radar ชนิดไม่สัมผัสน้ำ 0 - 15 เมตร', '1,012,000.-', 'DH.110-2558.pdf', 12, 66, 5, '2017-04-10', '2022-06-21', 1),
(2207, 'DH118/2558', 'เครื่องมือสำรวจอุตุนิยมวิทยา (5 อุปกรณ์ตรวจวัด)', '415,000.-', 'DH118-2558.pdf', 12, 71, 5, '2017-04-10', '2017-04-10', 1),
(2208, 'DH129/2558', 'อุปกรณ์รับส่งข้อมูลอัตโนมัติ (Modem 3G)', '60,000.-', 'DH129-2558.pdf', 12, 71, 5, '2017-04-10', '2017-04-10', 1),
(2209, 'DH130/2559 ', 'เครื่องวัดกระแสน้ำในท่อปิด แบบ Ultrasonic พร้อม Data Logger (portable)', '580,000.-', 'DH130-2559.pdf', 12, 66, 5, '2017-04-10', '2017-04-10', 1),
(2210, 'DH19/2542-3', 'เครื่องหยั่งความลึก Echo Sounder', '690,000.-', 'DH19-2542-3.pdf', 12, 70, 5, '2017-04-10', '2017-04-10', 1),
(2211, 'DH3/2522-1', 'นาฬิกาจับเวลา', '4,800.-', 'DH3-2522-1.pdf', 12, 65, 5, '2017-04-10', '2017-04-10', 1),
(2212, 'DH4/2522-2', 'เครื่องวัดน้ำฝนธรรมดาพร้อมอุปกรณ์', '14,000.-', 'DH4-2522-2.pdf', 12, 67, 5, '2017-04-10', '2017-04-10', 2),
(2213, 'DH43/2543-1', 'เครื่องวัดความเร็วกระแสน้ำ แบบ Electromagnetic Current Meter', '451,000.-', 'DH43-2543-1.pdf', 12, 66, 5, '2017-04-10', '2017-04-10', 1),
(2214, 'DH45/2546', 'เครื่องวัดระดับน้ำแบบ Bubble พร้อม Data Logger', '250,000.-', 'DH45-2546.pdf', 12, 64, 5, '2017-04-10', '2017-04-10', 2),
(2215, 'DH46/2546-2', 'เครื่องวัดระดับน้ำอัตโนมัติแบบลูกลอย', '155,000.-', 'DH46-2546-2.pdf', 12, 64, 5, '2017-04-10', '2017-04-10', 2),
(2216, 'DH48/2546', 'เครื่องวัดระดับน้ำแบบ Floating พร้อมเครื่องอ่านค่า Data Logger', '210,000.-', 'DH48-2546.pdf', 12, 64, 5, '2017-04-10', '2017-04-10', 2),
(2217, 'DH51/2545-1', 'เครื่องมือสำรวจอุตุนิยมวิทยา', '450,000.-', 'DH51-2545-1.pdf', 12, 71, 5, '2017-04-10', '2017-04-10', 1),
(2218, 'DH53/2546', 'เครื่องวัดระดับน้ำอัตโนมัติแบบ Altrasonic', '350,000.-', 'DH53-2546.pdf', 12, 64, 5, '2017-04-10', '2017-04-10', 1),
(2219, 'DH53/2546-1', 'เครื่องวัดระดับน้ำอัตโนมัติ แบบคลื่นเสียง', '165,600', 'DH53-2546-1.pdf', 12, 64, 5, '2017-04-10', '2017-04-10', 1),
(2220, 'DH54/2546', 'เครื่องวัดกระแสน้ำแบบ Acoustic ชนิด 500 kHz', '710,000.-', 'DH54-2546.pdf', 12, 66, 5, '2017-04-10', '2017-04-10', 2),
(2221, 'DH55/2546', 'เครื่องวัดระดับน้ำแบบ Bubble พร้อมเครื่องอ่านค่า Data Logger', '330,000.-', 'DH55-2546.pdf', 12, 64, 5, '2017-04-10', '2017-04-10', 2),
(2222, 'DH57/2545-1', 'เครื่องวัดปริมาณน้ำฝนขนาดเล็ก พร้อมอุปกรณ์', '-', 'DH57-2545-1.pdf', 12, 64, 5, '2017-04-10', '2017-04-10', 1),
(2223, 'DH66/2547', 'เครื่องวัดกระแสน้ำในท่อปิดแบบ Ultra Sonic พร้อม Data Logger', '600,000.-', 'DH66-2547.pdf', 12, 66, 5, '2017-04-10', '2017-04-10', 1),
(2224, 'DH68/2548', 'เครื่องแปลงสัญญาณจากกลไกเป็นสัญญาณไฟฟ้า สำหรับใช้กับเครื่องวัดระดับน้ำอัตโนมัติ', '115,000.-', 'DH68-2548.pdf', 12, 64, 5, '2017-04-10', '2017-04-10', 2),
(2225, 'DH69/2548', 'เครื่องวัดระดับน้ำอัตโนมัติแบบ Floting พร้อม Data Logger Single Port,วิทยุโทรทัศน์ GSM และโซล่าเซล และเครื่องอ่านค่า Data Logger', '240,000.-', 'DH69-2548.pdf', 12, 64, 5, '2017-04-10', '2017-04-10', 2),
(2226, 'DH70/2546-1', 'เครื่องวัดน้ำฝนอัตโนมัติแบบกระดก', '112,000.-', 'DH70-2546-1.pdf', 12, 68, 5, '2017-04-10', '2018-11-07', 2),
(2227, 'DH71/2546', 'เครื่องมือวัดระดับน้ำแบบอัตโนมัติ', '350,000.-', 'DH71-2546.pdf', 12, 64, 5, '2017-04-10', '2017-04-10', 2),
(2228, 'DH71/2546-2', 'เครื่องวัดระดับน้ำอัตโนมัติ แบบฟองอากาศ', '265,000.-', 'DH71-2546-2.pdf', 12, 64, 5, '2017-04-10', '2017-04-10', 2),
(2229, 'DH74/2548', 'เครื่องวัดกระแสน้ำแบบคลื่นเสียง ขนาดความถี่ไม่เกิน 3000 kHz พร้อมเครื่องอ่านค่า Data Logger', '649,000.-', 'DH74-2548.pdf', 12, 66, 5, '2017-04-10', '2017-04-10', 1),
(2230, 'DH77/2548', 'เครื่องหยั่งความลึกแบบพกพาพร้อมอุปกรณ์', '35,000.-', 'DH77-2548.pdf', 12, 70, 5, '2017-04-10', '2017-04-10', 1),
(2231, 'DH78/2548', 'เครื่องวัดระดับน้ำอัตโนมัติแบบ Floting พร้อม Data Logger Single Port,วิทยุโทรทัศน์ GSM และโซล่าเซล', '225,000.-', 'DH78-2548.pdf', 12, 64, 5, '2017-04-10', '2017-04-10', 2),
(2232, 'DH91/2549', 'เครื่องตรวจวัดปริมาณการไหลและหน้าตัดการไหลในลำน้ำ(River Survey Overview) พร้อมอุปกรณ์(ไม่มีเครื่องหาค่าพิกัด)', '1,600,000.-', 'DH91-2549.pdf', 12, 66, 5, '2017-04-10', '2017-04-10', 2),
(2233, 'DH92/2549', 'เครื่องตรวจวัดปริมาณการไหลและหน้าตัดการไหลในลำน้ำ(River Survey Overview) พร้อมอุปกรณ์(มีเครื่องหาค่าพิกัด)', '2,050,000.-', 'DH92-2549.pdf', 12, 66, 5, '2017-04-10', '2017-04-10', 1),
(2234, 'DH93/2549', 'เครื่องวัดระดับน้ำ แบบสายเทปบอกตัวเลขชนิดยาวไม่น้อยกว่า 100 เมตร', '55,000.-', 'DH93-2549.pdf', 12, 64, 5, '2017-04-10', '2017-04-10', 1),
(2235, 'DH94/2549', 'เครื่องวัดความชื้นในดิน', '65,000.-', 'DH94-2549.pdf', 12, 105, 5, '2017-04-10', '2023-10-05', 1),
(2236, 'DH96/2550', 'เครื่องวัดกระแสน้ำ แบบคลื่นเสียง ความถี่ 300 KHz', '1,200,000.-', 'DH96-2550.pdf', 12, 66, 5, '2017-04-10', '2017-04-10', 2),
(2237, 'DH97/2550', 'เครื่องวัดความชื้นในดินตามลำดับชั้นดินแบบพกพา', '380,000.-', 'DH97-2550.pdf', 12, 105, 5, '2017-04-10', '2023-10-05', 1),
(2238, 'DH98/2551-1', 'เครื่องวัดระดับน้ำอัตโนมัติ แบบความดัน', '125,000', 'DH.98-2551-1.pdf', 12, 64, 5, '2017-04-10', '2017-04-10', 1),
(2239, 'DH99/2551', 'เครื่องวัดระดับน้ำอัตโนมัติ แบบความดัน และเครื่องวัดน้ำฝนอัตโนมัติ แบบกระดก', '169,000', 'DH99-2551.pdf', 12, 64, 5, '2017-04-10', '2017-04-10', 1),
(2240, 'DSD-CR-21-2558', 'ชุดหัววัดการเคลื่อนตัวแนวดิ่ง พร้อมสายวัดสำหรับเครื่องมือวัดการเคลื่อนตัว แนวดิ่งแบบ USBR Cross Arm', '-', 'DSD -CR-01-2558.pdf', 12, 62, 5, '2017-04-10', '2017-04-10', 2),
(2241, 'DSD-CR-AT-2558', 'ชุดท่อวัดการเคลื่อนตัว (Access pipe) พร้อมส่วนประกอบ (Fittint) สำหรับเครื่องมือวัดการเคลื่อนตัวแนวดิ่งแบบ USBR Cross Arm', '-', 'DSD-CR-AT-2558.pdf', 12, 57, 5, '2017-04-10', '2017-04-10', 2),
(2242, 'DSD-CR-Torpedo-2', 'ชุดหัววัดการเคลื่อนตัว (Torpedo Probe) สำหรับเครื่องมือวัดการเคลื่อนตัวแนวดิ่งแบบ USBR Cross Arm', '-', 'DSD-CR-TORPEDO-2558.pdf', 12, 57, 5, '2017-04-10', '2017-04-10', 2),
(2243, 'DSD-IH-01-2558', 'อาคาร Instrument House พร้อม Terminal Box แบบ Data Logger ภายใน พร้อมระบบอ่านค่าและส่งข้อมูงแบบอัตโนมัติ', '-', 'DSD -IH-01-2558.pdf', 12, 62, 5, '2017-04-10', '2017-04-10', 2),
(2244, 'DSD-INC-AT01-255', 'ชุดท่อวัดการเคลื่อนตัว พร้อมส่วนประกอบสำหรับเครื่องมือวัดการเคลื่อนตัวแนวราบ', '-', 'DSD -INC-AT01-2558.pdf', 12, 62, 5, '2017-04-10', '2017-04-10', 2),
(2245, 'DSD-INC-CF01-255', 'อุปกรณ์สอบเทียบค่า สำหรับเครื่องมือวัดการเคลื่อนตัวแนวราบ', '-', 'DSD -INC-CF01-2558.pdf', 12, 62, 5, '2017-04-10', '2017-04-10', 2),
(2246, 'DSD-INC-Dum-01-2', 'ชุดหัวทดสอบ สำหรับเครื่องมือวัดการเคลื่อนตัวแนวราบ', '-', 'DSD -INC-Dum01-2558.pdf', 12, 62, 5, '2017-04-10', '2017-04-10', 2),
(2247, 'DSD-INC-IP80-255', 'ชุดหัววัดการเคลื่อนตัว สำหรับความลึกไม่เกิน 80 เมตร เครื่องมือวัดการเคลื่อนตัวในแนวราบภายในตัวเขื่อนแบบอัตโนมัติ', '-', 'DSD -INC-IP80-2558.pdf', 12, 62, 5, '2017-04-10', '2017-04-10', 2),
(2248, 'DSD-INC-Probe100', 'ชุดหัววัดการเครื่อนตัว พร้อมสายสัญญาณ 100 เมตร และระบบสื่อสารไร้สาย สำหรับเครื่องมือวัดการเคลื่อนตัวแนวราบ', '-', 'DSD -INC-Probe100-2558.pdf', 12, 62, 5, '2017-04-10', '2017-04-10', 2),
(2249, 'DSD-INC-Probe50-', 'ชุดหัววัดการเครื่อนตัว พร้อมสายสัญญาณ 50 เมตร และระบบสื่อสารไร้สาย สำหรับเครื่องมือวัดการเคลื่อนตัวแนวราบ', '-', 'DSD -INC-Probe50-2558.pdf', 12, 62, 5, '2017-04-10', '2017-04-10', 2),
(2250, 'DSD-INC-RO-WL01-', 'อุปกรณ์อ่านค่าการเคลื่อนตัว แบบระบบสื่อสารไร้สาย สำหรับเครื่องมือวัดการเคลื่อนตัวแนวราบ', '-', 'DSD -INC-RO-WL01-2558.pdf', 12, 62, 5, '2017-04-10', '2017-04-10', 2),
(2251, 'DSD-MSG-01-2558', 'ชุดอุปกรณ์อ่านค่าการทรุดตัวภายในตัวเขื่อน (Magnetic Sattlement Probe) สำหรับเครื่องมือวัดการทรุดตัวภายในเขื่อน (Magnetic Sattlem', '-', 'DSD-MSG-01-2558.pdf', 12, 57, 5, '2017-04-10', '2017-04-10', 2),
(2252, 'DSD-MSG-SPIDER-2', 'ชุดเครื่องมือวัดการทรุดตัวภายในตัวเขื่อน (Spider and Plate Magnetic Sattlement Gauge) สำหรับเครื่องมือวัดการทรุดตัวภายในเขื่อน (', '-', 'DSD-MSG-SPIDER-2558.pdf', 12, 57, 5, '2017-04-10', '2017-04-10', 2),
(2253, 'DSD-OW-2558', 'ชุดท่อของบ่อสังเกตการณ์ระดับน้ำใต้ดิน (Observation Well) สำหรับบ่อสังเกตการณ์ระดับน้ำใต้ดิน (Observation Well)', '-', 'DSD-OW-2558.pdf', 12, 57, 5, '2017-04-10', '2017-04-10', 2),
(2254, 'DSD-OW-RU01-2558', 'แบบสายเทปบอกตัวเลขความยาวไม่น้อยกว่า 50 เมตร', '-', 'DSD -OW-RU01-2558.pdf', 12, 60, 5, '2017-04-10', '2017-04-10', 2),
(2255, 'DSD-PZ-RU01-2558', 'อุปกรณ์อ่านค่าแรงดันน้ำ (Readout Unit หรือ Data Logger)', '-', 'DSD -PZ-RU 01-2558.pdf', 12, 58, 5, '2017-04-10', '2017-04-10', 2),
(2256, 'DSD-PZ-VW100-255', 'หัววัดแรงดันน้ำ พร้อมสายสัญญาณชนิดวัดแรงดันน้ำปกติระหว่าง 0-100 เมตรของน้ำ', '-', 'DSD -PZ-VW100-2558.pdf', 12, 58, 5, '2017-04-10', '2017-04-10', 2),
(2257, 'DSD-PZ-VW25-2558', 'หัววัดแรงดันน้ำ พร้อมสายสัญญาณชนิดวัดแรงดันน้ำปกติระหว่าง 0-25 เมตรของน้ำ', '-', 'DSD -PZ-VW25-2558.pdf', 12, 58, 5, '2017-04-10', '2017-04-10', 2),
(2258, 'DSD-PZ-VW50-2558', 'หัววัดแรงดันน้ำ พร้อมสายสัญญาณชนิดวัดแรงดันน้ำปกติระหว่าง 0-50 เมตรของน้ำ', '-', 'DSD -PZ-VW50-2558.pdf', 12, 58, 5, '2017-04-10', '2017-04-10', 2),
(2259, 'DSD-PZ-VW75-2558', 'หัววัดแรงดันน้ำ พร้อมสายสัญญาณชนิดวัดแรงดันน้ำปกติระหว่าง 0-75 เมตรของน้ำ', '-', 'DSD -PZ-VW75-2558.pdf', 12, 58, 5, '2017-04-10', '2017-04-10', 2),
(2260, 'DSD-SF-PIEZ-2558', 'สำหรับอาคารฝายวัดน้ำ', '-', 'DSD -SF-PIEZ-2558.pdf', 12, 59, 5, '2017-04-10', '2017-04-10', 2),
(2261, 'DSD-SF-ST-2558', 'สำหรับอาคารฝายวัดน้ำ', '-', 'DSD -SF-ST-2558.pdf', 12, 61, 5, '2017-04-10', '2017-04-10', 2),
(2262, 'DSD-SS-01-2558', 'หมุดวัดการทรุดตัว (Surface Sattlement Point)', '-', 'DSD-SS-01-2558.pdf', 12, 57, 5, '2017-04-10', '2017-04-10', 2),
(2263, 'DTS4-2538', 'Steel band tape 40 meters with spring balance(โซ่ลาน 40 ม.พร้อมปอนด์ดึง)', '5,500.-', 'DTS4-2538.pdf', 11, 11, 4, '2017-04-10', '2017-04-10', 1),
(2264, 'DTS6-2538', 'ไม้สต๊าฟอินวาร์ ขนาดความยาว 3 เมตร', '130,000.-', 'DTS6-2538.pdf', 11, 11, 4, '2017-04-10', '2017-04-10', 1),
(2265, 'GD001-2541', 'Drilling Pump of Rotary Drilling Rig', '-', '', 11, 11, 4, '2017-03-02', '2017-03-02', 1),
(2266, 'GD001-2544', 'เครื่องเจาะหินแบบกระแทกชนิดตีนตะขาบขับด้วยเคื่องยนต์ดีเซล พร้อมเครื่องอัดลมและเครื่องสูบน้ำ', '-', '', 11, 11, 4, '2017-03-02', '2017-03-02', 1),
(2267, 'GD002-2539', '15 H.P. Rotary Drilling Machine', '-', '', 11, 11, 4, '2017-03-02', '2017-03-02', 1),
(2268, 'GD002-2541', 'เครื่องอัดฉีดน้ำปูนแอละสารเคมีแบบเคลื่อนที่', '-', '', 11, 11, 4, '2017-03-02', '2017-03-02', 1),
(2269, 'R-04/46', 'เครื่องรับ-ส่งวิทยุระบบ VHF/FM ชนิดติดตั้งประจำที่ 60 วัตต์', '70,000.-', 'R-04-46.pdf', 2, 34, 1, '2017-07-11', '2017-07-13', 1),
(2270, 'S01-0106-0102/50', 'เครื่องเจาะกระดาษด้วยมือ', '900.-', 'S01-0106-0102-50.pdf', 15, 15, 7, '2017-04-11', '2018-11-06', 1),
(2271, 'S01-0106-0105/59', 'เครื่องเจาะกระดาษ', '6,000.-', 'S01-0106-0105-59.pdf', 15, 15, 7, '2017-04-11', '2018-11-06', 1),
(2272, 'S01-0106-0306/50', 'เครื่องเจาะฟิล์ม', '-', 'S01-0106-0306-50.pdf', 15, 15, 7, '2017-04-11', '2017-04-11', 1),
(2273, 'S01-0108-0470/58', 'เครื่องไสสันทากาว', '3,948,300.-', 'S01-0124-0512-58.pdf', 15, 15, 7, '2017-04-12', '2017-04-12', 1),
(2274, 'S01-0110-0105/50', 'เครื่องตัดกระดาษแบบคันโยก', '-', 'S01-0110-0105-50.pdf', 15, 15, 7, '2017-04-12', '2017-04-12', 1),
(2275, 'S01-0110-0210/50', 'เครื่องตัดสติ๊กเกอร์ (Cutting Plotters)', '-', 'S01-0110-0210-50.pdf', 15, 15, 7, '2017-04-12', '2017-04-12', 1),
(2276, 'S01-0110-0211/53', 'เครื่องตัดสติ๊กเกอร์ (Cutting Plotters)', '65,000.-', 'S01-0110-0211-53.pdf', 15, 15, 7, '2017-04-12', '2017-04-12', 1),
(2277, 'S01-0110-0212/50', 'เครื่องตัดสติ๊กเกอร์ (Desktop Cutters)', '30,000.-', 'S01-0110-0212-50.pdf', 15, 15, 7, '2017-04-12', '2017-04-12', 1),
(2278, 'S01-0110-0345/58', 'เครื่องตัดกระดาษอัตโนมัติ', '2,642,900.-', 'S01-0110-0345-58.pdf', 15, 15, 7, '2017-04-12', '2017-04-12', 1),
(2279, 'S01-0118-0202/50', 'เครื่องปรุกระดาษ', '-', 'S01-0118-0202-50.pdf', 15, 15, 7, '2017-04-12', '2017-04-12', 1),
(2280, 'S01-0122-0299/50', 'เครื่องพิมพ์แบบระบบแอมโมเนีย ขนาด 420 วัตต์', '150,000.-', 'S01-0122-0299-50.pdf', 15, 15, 7, '2017-04-12', '2017-04-12', 1),
(2281, 'S01-0122-0603/54', 'เครื่องพิมพ์แบบแปลนชนิดผงหมึกแห้ง', '350,000.-', 'S01-0122-0603-54.pdf', 15, 15, 7, '2017-04-12', '2017-04-12', 1),
(2282, 'S01-0122-0744/1/', 'เครื่องพิมพ์แบบระบบดิจิตอล', '1,500,000.-', 'S01-0122-0744-1-53.pdf', 15, 15, 7, '2017-04-12', '2017-04-12', 1),
(2283, 'S01-0122-0865/57', 'เครื่องพิมพ์แบบระบบมัลติฟังก์ชั่น (แบบลายเส้นสีน้ำเงินพื้นสีฟ้า)', '500,000.-', 'S01-0122-0865-57.pdf', 15, 15, 7, '2017-04-12', '2017-04-12', 1),
(2284, 'S01-0122-0866/52', 'เครื่องพิมพ์แบบระบบมัลติฟังก์ชั่น', '-', 'S01-0122-0866-52.pdf', 15, 15, 7, '2017-04-12', '2017-04-12', 1),
(2285, 'S01-0122-0960/58', 'เครื่องพิมพ์แบบการพิมพ์หน้ากว้าง (หน้ากว้างไม่น้อยกว่า 60 นิ้ว)', '695,500.-', 'S01-0122-0960-58.pdf', 15, 15, 7, '2017-04-12', '2017-04-12', 2),
(2286, 'S01-0124-0512/58', 'เครื่องพิมพ์ดิจิตอลสี (ความละเอียด 1,200x2,400จุด/ตารางนิ้ว)', '6,452,100.-', 'S01-0124-0512-58.pdf', 15, 15, 7, '2017-04-12', '2017-04-12', 1),
(2287, 'S01-0126-0211/50', 'เครื่องเย็บกระดาษ ขนาดความหนา 30-110 แผ่น', '1,600.-', 'S01-0126-0211-50.pdf', 15, 15, 7, '2017-04-12', '2017-04-12', 1),
(2288, 'S01-0126-0224/50', 'เครื่องเย็บกระดาษ ขนาดความหนา 50-240 แผ่น', '3,500.-', 'S01-0126-0224-50.pdf', 15, 15, 7, '2017-04-12', '2017-04-12', 1),
(2289, 'S01-0127-0199/50', 'เครื่องเย็บเล่มกระดาษไฟฟ้า', '65,000.-', 'S01-0127-0199-50.pdf', 15, 15, 7, '2017-04-12', '2017-04-12', 1),
(2290, 'S01-0128-0164/58', 'เครื่องเย็บหนังสือ', '3,916,200.-', 'S01-0128-0164-58.pdf', 15, 15, 7, '2017-04-12', '2017-04-12', 1),
(2291, 'S01-0134-0202/50', 'เครื่องอัดเพลทสำหรับถ่ายแม่พิมพ์', '-', 'S01-0114-0202-55.pdf', 15, 15, 7, '2017-04-12', '2017-04-12', 1),
(2292, 'S01-0135-0399/58', 'เครื่องอัดสำเนา', '28,000.-', 'S01-0135-0399-58.pdf', 15, 15, 7, '2017-04-12', '2017-04-12', 1),
(2293, 'S01-0145-0266/50', 'เครื่องพิมพ์สำเนาระบบดิจิตอล ความละเอียด 600x600จุด ต่อตารางนิ้ว', '240,000.-', 'S01-0145-0266-50.pdf', 15, 15, 7, '2017-04-12', '2017-04-12', 1),
(2294, 'S01-0671-9999/50', 'เครื่องพิมพ์ภาพถ่ายระบบพ่นหมึก', '8,000.-', 'S01-0671-9999-50.pdf', 14, 79, 7, '2017-04-11', '2017-04-11', 1),
(2295, 'S01-0673-0143/58', 'ป้ายอักษรไฟวิ่งแสดงผล Full Color แบบติดตั้งภายนอกอาคาร', '1,970,000.-', 'S01-0673-0143-58.pdf', 14, 77, 7, '2017-04-11', '2017-04-11', 1),
(2296, 'S01-0673-0164/58', 'ป้ายอักษรไฟวิ่งแสดงผล 1 สี แบบติดตั้งภายนอกอาคาร ขนาดไม่น้อยกว่า 64 x 192 เซนติเมตร', '146,000.-', 'S01-0673-0164-58.pdf', 14, 77, 7, '2017-04-11', '2017-04-11', 1),
(2297, 'S01-1319-9901/53', 'รถเข็นชนิดล้อแม็ก', '3,000.-', 'S01-1319-9901-50.pdf', 16, 16, 7, '2017-04-11', '2017-04-11', 1),
(2298, 'S0101-0199-0153', '	เครื่องโทรสารแบบใช้กระดาษธรรมดา (ชนิดฟิล์ม)', '4,000.-', 'S0101-0199-0153.pdf', 2, 28, 1, '2017-07-11', '2017-07-13', 1),
(2299, 'S0101-0199-0160', '	เครื่องโทรสารแบบใช้กระดาษธรรมดา (ส่งเอกสารได้ครั้งละ 20 แผ่น)', '18,000.-', 'S0101-0199-0160.pdf', 2, 28, 1, '2017-07-11', '2017-07-13', 1),
(2300, 'S0101-0199-0260', 'เครื่องโทรสารแบบใช้กระดาษธรรมดา (ส่งเอกสารได้ครั้งละ 30 แผ่น)', '30,000.-', 'S0101-0199-0260.pdf', 2, 28, 1, '2017-07-11', '2017-07-13', 1),
(2301, 'S0101-0199-0360', 'เครื่องโทรสารแบบใช้กระดาษธรรมดา (ส่งเอกสารได้ครั้งล่ะ 50 แผ่น)', '35,000.-', 'S0101_0199_0360_ราคา35000บาท.pdf', 2, 28, 1, '2017-10-30', '2017-10-30', 1),
(2302, 'S0101-9999-0160', 'เครื่องโทรสารแบบใช้กระดาษธรรมดา (มัลติฟังก์ชั่น)', '9,600.-', 'S0101-9999-0160.pdf', 2, 28, 1, '2017-07-11', '2018-11-12', 3),
(2303, 'S0101-9905-0162', 'เครื่องโทรสารแบบใช้กระดาษธรรมดา มี Telephon Handset', '13,700.-', 'S0101-9905-0162.pdf', 2, 28, 1, '2018-11-06', '2018-11-06', 1),
(2304, 'S0105-9902-0151', 'ตู้สาขาโทรศัพท์อัตโนมัติ ขนาด 4 x 24 เลขหมาย พร้อมอุปกรณ์ประกอบ', '85,000.-', 'S0105-9902-0151.pdf', 2, 38, 1, '2017-07-11', '2017-07-13', 1),
(2305, 'S0105-9903-0152', 'ตู้สาขาโทรศัพท์อัตโนมัติ ขนาด 16 x 104 เลขหมาย พร้อมอุปกรณ์ประกอบ', '479,000.-', 'S0105-9903-0152.pdf', 2, 38, 1, '2017-07-11', '2017-07-13', 1),
(2306, 'S0106-0199-0150', 'เครื่องตรวจเช็คสัญญาณโทรศัพท์', '8,000.-', 'S0106-0199-0150.pdf', 2, 29, 1, '2017-07-11', '2017-07-13', 1),
(2307, 'S0106-0299-0159', 'เครื่องโทรศัพท์ไร้สาย Digital', '1,200.-', 'S0106-0299-0159.pdf', 2, 29, 1, '2017-07-11', '2017-07-13', 1),
(2308, 'S0112-1620-0158', 'กล้องโทรทัศน์วงจรปิดแบบไอพีปรับมุมมองได้ Optical Zoom 30x', '125,000.-', 'S0112-1620-0158.pdf', 2, 32, 1, '2017-07-11', '2017-07-13', 2),
(2309, 'S0112-9999-0157', 'กล้องโทรทัศน์วงจรปิด IP แบบมุมมองคงที่ (IP Fixed Camera) มาตรฐานทั่วไป', '23,000.-', 'S0112-9999-0157.pdf', 2, 32, 1, '2017-07-11', '2017-07-13', 2),
(2310, 'S0112-9999-0159', 'กล้องโทรทัศน์วงจรปิดชนิดไอพี แบบมุมมองคงที่ พร้อมอินฟาเรด', '65,000.-', 'S0112-9999-0159.pdf', 2, 32, 1, '2017-07-11', '2017-07-13', 2),
(2311, 'S0112-9999-0162', 'ชุดกล้องวงจรปิดแบบ Analog ชนิดอินฟาเรดติดตั้งคงที่ ความละเอียดของภาพไม่น้อยกว่า 700 TVL', '2,100.-', 'S0112-9999-0162.pdf', 2, 32, 1, '2018-11-02', '2018-11-02', 2),
(2312, 'S0112-9999-0256', 'ชุดกล้องวงจรปิดแบบ Analog ชนิดอินฟาเรดติดตั้งคงที่ ขนาด 8 จุด พร้อมอุปกรณ์ประกอบ', '136,000.-', 'S0112-9999-0256.pdf', 2, 32, 1, '2017-07-11', '2017-07-13', 2),
(2313, 'S0112-9999-0257', 'กล้องโทรทัศน์วงจรปิด IP ชนิดอินฟาเรดแบบมุมมองคงที่ (IP Fixed Camera with IR) มาตรฐานทั่วไป', '12,000.-', 'S0112-9999-0257.pdf', 2, 32, 1, '2017-07-11', '2017-07-13', 2),
(2314, 'S0112-9999-0356', 'ชุดกล้องวงจรปิดแบบ Analog ชนิดอินฟาเรดติดตั้งคงที่ ขนาด 16 จุด พร้อมอุปกรณ์ประกอบ', '222,000.-', 'S0112-9999-0356.pdf', 2, 32, 1, '2017-07-11', '2017-07-13', 2),
(2315, 'S0112-9999-0362', 'ชุดกล้องวงจรปิดแบบ Analog ชนิดอินฟาเรดติดตั้งคงที่ ขนาด 4 จุด พร้อมอุปกรณ์ประกอบ', '47,000.-', 'S0112-9999-0362.pdf', 2, 32, 1, '2018-11-02', '2018-11-02', 2),
(2316, 'S0112-9999-0456', 'ชุดกล้องวงจรปิดแบบ Analog ชนิดอินฟาเรดติดตั้งคงที่ ความละเอียดของภาพไม่น้อยกว่า 520 TVL', '6,600.-', 'S0112-9999-0456.pdf', 2, 32, 1, '2017-07-11', '2017-07-13', 2),
(2317, 'S0112-9999-0556', 'เครื่องบันทึกภาพระบบดิจิตอล (DVR) ขนาด 4 จุด', '12,000.-', 'S0112-9999-0556.pdf', 2, 32, 1, '2017-07-11', '2017-07-13', 2),
(2318, 'S0112-9999-0656', 'เครื่องบันทึกภาพระบบดิจิตอล (DVR) ขนาด 8 จุด', '18,000.-', 'S0112-9999-0656.pdf', 2, 32, 1, '2017-07-11', '2017-07-13', 2),
(2319, 'S0112-9999-0756', 'เครื่องบันทึกภาพระบบดิจิตอล (DVR) ขนาด 16 จุด', '24,000.-', 'S0112-9999-0756.pdf', 2, 32, 1, '2017-07-11', '2017-07-13', 2),
(2320, 'S0112-9999-0856', 'กล้องโทรทัศน์วงจรปิด IP แบบมุมมองคงที่ (IP Fixed Camera)', '32,000.-', 'S0112-9999-0856.pdf', 2, 32, 1, '2017-07-11', '2017-07-13', 2),
(2321, 'S0309-8303-0101/', 'เครื่องตัดหญ้าไหล่ทาง(สำหรับรถฟาร์ม ขนาดไม่น้อยกว่า 70 แรงม้า)', '', '', 7, 53, 3, '2017-03-02', '2017-03-02', 2),
(2322, 'S0321-0101-0209/', 'เครื่องปรับอากาศแบบแยกส่วน ชนิดตั้งพื้นหรือแขวน ขนาด 30,000 บีทียูต่อชั่วโมง', '40,200.- *', 'S5321-0101-0209-5(09-2559).pdf', 4, 4, 3, '2017-04-20', '2018-06-18', 2),
(2323, 'S0321-0101-0211/', 'เครื่องปรับอากาศแบบแยกส่วน ชนิดตั้งพื้นหรือแขวน ขนาด 24,000 บีทียูต่อชั่วโมง', '32,400.- *', 'S0321-0101-0211-5(09-2559).pdf', 4, 4, 3, '2017-04-10', '2018-06-18', 2),
(2324, 'S0321-0101-0507/', 'เครื่องปรับอากาศแบบแยกส่วน ชนิดติดผนัง ขนาด 18,000 บีทียูต่อชั่วโมง', '21,000.- *', 'S5321-0101-0507-4(09-2559).pdf', 4, 4, 3, '2017-04-10', '2018-06-15', 2),
(2325, 'S0321-0302-0238/', 'เครื่องสูบน้ำชนิดหอยโข่ง ขับด้วยเครื่องยนต์ดีเซล อัตราการสูบน้ำ 3,800 ลิตรต่อนาที', '450,000.-', 'S0321-0302-0238-1.pdf', 7, 52, 3, '2017-04-10', '2020-09-15', 2),
(2326, 'S0321-0302-0355/', 'เครื่องสูบน้ำชนิดหอยโข่งแบบขับด้วยมอเตอร์ไฟฟ้า อัตราการสูบน้ำ 450 ลิตรต่อนาที ระยะยกน้ำ 9 เมตร', '11,000.- *', 'S0321-0302-0355-3.pdf', 7, 52, 3, '2017-04-10', '2017-04-10', 2),
(2327, 'S0321-0401-0108/', 'เครื่องกระทุ้งดิน', '66,000.-', 'S0321-0401-0108-2(11-2559).pdf', 8, 8, 3, '2017-04-10', '2017-04-10', 2),
(2328, 'S0321-0403-0202/', 'เครื่องตบดินแบบสั่นสะเทือน ขับด้วยเครื่องยนต์เบนซิน ขนาด 80 กิโลกรัม', '21,000.-*', 'S5321-0403-0202-2.pdf', 8, 8, 3, '2017-04-10', '2017-04-10', 2),
(2329, '6603-0706-0031', 'เครื่องสั่นคอนกรีต ขนาด 25 มิลลิเมตร', '15,300.-*', 'เครื่องสั่นคอนกรีตขนาด 25 มิลลิเมตร.pdf', 8, 8, 3, '2017-04-10', '2024-01-12', 1),
(2330, 'S0321-0405-0114/', 'เครื่องสั่นคอนกรีต ใช้เครื่องยนต์เบนซิน ขนาด 38 มิลลิเมตร', '19,000.- *', 'S0321-0405-0114-2(01-2558).pdf', 8, 8, 3, '2017-04-10', '2017-04-10', 2),
(2331, '6603-0706-0033', 'เครื่องสั่นคอนกรีต ขนาด 45 มิลลิเมตร', '18,300.- *', 'เครื่องสั่นคอนกรีตขนาด 45 มิลลิเมตร.pdf', 8, 8, 3, '2017-04-10', '2024-01-12', 1),
(2332, 'S0321-0406-0104/', 'เครื่องผสมคอนกรีต', '52,000.-*', 'S0321-0406-0104-2(11-2557).pdf', 8, 8, 3, '2017-04-10', '2017-04-10', 2),
(2333, 'S0321-0420-0218/', 'เครื่องอัดลมแบบเคลื่อนที่ขับด้วยเครื่องยนต์ดีเซล ขนาด 260 ลบ.ฟุตต่อนาที', '990,000.-', 'S0321-0420-0218-1.pdf', 8, 8, 3, '2017-04-10', '2017-04-10', 2),
(2334, 'S0321-0420-0219/', 'เครื่องอัดลมแบบเคลื่อนที่ขับด้วยเครื่องยนต์ดีเซล ขนาด 175 ลบ.ฟุตต่อนาที', '680,000.-', 'S0321-0420-0219-1.pdf', 8, 8, 3, '2017-04-10', '2017-04-10', 2),
(2335, 'S0321-0505-0504/', 'เครื่องประจุแบตเตอรี่', '15,000.-', 'S0321-0505-0504-1.pdf', 5, 5, 3, '2017-04-10', '2017-04-10', 2),
(2336, 'S0321-8309-0101/', 'ผานบุกเบิก (สำหรับรถฟาร์ม ขนาดไม่น้อยกว่า 75 แรงม้า)', '', '', 7, 53, 3, '2017-03-02', '2017-03-02', 2),
(2337, 'S0504-0101-0159', 'ระบบเสียงตามสายแบบทั่วไป (ชุดลำโพง 12 ตัว)', '62,500.-', 'S0504-0101-0159.pdf', 2, 31, 1, '2017-07-11', '2017-07-13', 1),
(2338, 'S0504-0202-0159', 'เครื่องขยายเสียง Power Mixer แบบทั่วไป (ชุดเล็ก)', '34,000.-', 'S0504-0202-0159.pdf', 2, 31, 1, '2017-07-11', '2017-07-13', 1),
(2339, 'S0504-0309-0261', 'ไมโครโฟนห้องประชุมชุด 9 ตัว มีขยายเสียงในตัวพร้อมตู้ลำโพง 2 ตู้', '57,000.-', 'S0504-0309-0261.pdf', 2, 33, 1, '2018-06-20', '2018-06-20', 1),
(2340, 'S0504-9911-0159', 'ชุดไมโครโฟนห้องประชุมสำหรับผู้เข้าร่วมประชุม รวม 11 ท่าน', '45,000.-', 'S0504-9911-0159.pdf', 2, 33, 1, '2017-07-11', '2017-07-13', 2),
(2341, 'S0504-9912-0259', 'เครื่องขยายเสียงเคลื่อนที่แบบล้อลากตู้ลำโพงขนาด 12 นิ้ว', '9,000.-', 'S0504-9912-0259.pdf', 2, 37, 1, '2017-07-11', '2017-07-13', 1),
(2342, 'S0504-9915-0159', 'เครื่องขยายเสียงเคลื่อนที่แบบล้อลากตู้ลำโพงขนาด 15 นิ้ว', '11,000.-', 'S0504-9915-0159.pdf', 2, 37, 1, '2017-07-11', '2017-07-13', 1),
(2343, 'S0504-9915-0259', 'ชุดไมโครโฟนห้องประชุมสำหรับผู้เข้าร่วมประชุม รวม 15 ท่าน', '60,000.-', 'S0504-9915-0259.pdf', 2, 33, 1, '2017-07-11', '2017-07-13', 2),
(2344, 'S0506-0499-0159', 'วิทยุกระเป๋าหิ้ว (Portable Radio)', '3,200.-', 'S0506-0499-0159.Pdf', 2, 33, 1, '2017-07-11', '2017-07-13', 1),
(2345, 'S0506-0599-0158', 'เครื่องบันทึกเสียงแบบดิจิตอล', '4,300.-', 'S0506-0599-0158.pdf', 2, 30, 1, '2017-07-11', '2017-07-13', 1),
(2346, 'S0509-0302-0105/', 'รถไถนาเดินตาม ขนาด 10 แรงม้า', '', '', 7, 53, 3, '2017-03-02', '2017-03-02', 2),
(2347, 'S0514-0103-0156', 'เครื่องรับ-ส่งวิทยุระบบ VHF/FM ชนิดประจำที่ 40 วัตต์', '30,000.-', 'S0514-0103-0156.pdf', 2, 34, 1, '2017-07-11', '2017-07-13', 1),
(2348, '6502-0302-0062', 'เครื่องรับส่งวิทยุระบบ VHF/FM ชนิดมือถือ 5 วัตต์', '12,000.-', '6502-0302-0062.pdf', 2, 34, 1, '2018-06-20', '2022-05-06', 3),
(2349, 'S0514-0301-0156', 'เครื่องรับ-ส่งวิทยุระบบ VHF/FM ชนิดติดรถยนต์ 25 วัตต์', '24,000.-', 'S0514-0301-0156.pdf', 2, 34, 1, '2017-07-11', '2017-07-13', 1),
(2350, 'S0519-9901-0161', 'เครื่องเสียงสำหรับห้องประชุมขนาดผู้เข้าร่วมประชุม 20 ท่าน พร้อมอุปกรณ์ประกอบ', '312,800.-', 'S0519-9901-0161.pdf', 2, 37, 1, '2017-11-29', '2018-06-20', 2),
(2351, 'S0519-9901-0162', 'เครื่องเสียงสำหรับห้องประชุมขนาดผู้เข้าร่วม 24 ท่าน พร้อมอุปกรณ์ประกอบ', '408,600.-', 'S0519-9901-0162.pdf', 2, 37, 1, '2018-10-22', '2018-10-30', 2),
(2352, 'S0519-9903-0160', 'เครื่องเสียงสำหรับห้องประชุมขนาดผู้เข้าร่วมประชุม 30 ท่าน พร้อมอุปกรณ์ประกอบ (อยู่ระหว่างปรับปรุง)', '440,200.-', 'S0519-9903-0160.pdf', 2, 37, 1, '2017-11-29', '2023-09-18', 2),
(2353, 'S051999010161', 'เครื่องเสียงสำหรับห้องประชุมสำหรับผู้เข้าร่วมประชุมรวม 9 ท่าน', '199,000.-', 'S051999010161.pdf', 2, 37, 1, '2018-07-24', '2018-07-24', 2),
(2354, 'S051999010261', 'เครื่องเสียงสำหรับห้องประชุมสำหรับผู้เข้าร่วมประชุมรวม 11 ท่าน', '220,000.-', 'S051999010261.pdf', 2, 37, 1, '2018-07-24', '2018-07-24', 2),
(2355, 'S051999010361', 'เครื่องเสียงสำหรับห้องประชุมสำหรับผู้เข้าร่วมประชุมรวม 15 ท่าน', '260,000.-', 'S051999010361.pdf', 2, 37, 1, '2018-07-24', '2018-07-24', 2),
(2356, 'S0538-0102-0159', 'เครื่องโทรโข่ง (Megaphone) แบบมือถือ', '3,800.-', 'S0538-0102-0159.pdf', 2, 33, 1, '2017-07-11', '2017-07-13', 1),
(2357, 'S0538-0202-0159', 'เครื่องโทรโข่งแบบสะพายไหล่', '3,500.-', 'S0538-0202-0159.pdf', 2, 33, 1, '2017-07-11', '2017-07-13', 1),
(2358, 'S0543-0103-0159 ', '	\r\nเสาอากาศโครงสร้างเหล็กสี่เหลี่ยมแบบไม่มีสายยึดโยง ความสูง 18 เมตร', '195,000.-', 'S0543-0103-0159.pdf', 2, 36, 1, '2017-07-11', '2017-07-13', 1),
(2359, 'S0543-0103-0160', 'เสาอากาศวิทยุสามเหลี่ยมแบบไม่มีสายยึดโยง ความสูง 12 เมตร', '195,000.-', 'S0543-0103-0160.pdf', 2, 36, 1, '2017-07-11', '2017-07-13', 1),
(2360, 'S0543-0104-0159', 'เสาอากาศโครงสร้างเหล็กสี่เหลี่ยมแบบไม่มีสายยึดโยง ความสูง 24 เมตร', '215,000.-', 'S0543-0104-0159.pdf', 2, 36, 1, '2017-07-11', '2017-07-13', 1),
(2361, 'S0543-0105-0160', 'เสาอากาศวิทยุชนิดโครงสร้างสามเหลี่ยม ความสูง 60 เมตร แบบ SELF SUPPORT', '1,979,500.-', 'S0543-0105-0160.pdf', 2, 36, 1, '2017-07-11', '2017-07-13', 1),
(2362, 'S0543-0202-0150', 'เสาอากาศวิทยุชนิดโครงสร้างสามเหลี่ยม แบบ Guyed-Support \r\nความสูง 150 ฟุต พร้อมติดตั้ง', '300,000.-', 'S0543-0202-0150.pdf', 2, 36, 1, '2017-07-11', '2017-07-13', 1),
(2363, 'S0543-0202-0260', 'เสาอากาศวิทยุชนิดโครงสร้างสามเหลี่ยม แบบ Guyed Support ความสูง 36 เมตร', '490,000.-', 'S0543-0202-0260.pdf', 2, 36, 1, '2017-07-11', '2017-07-13', 1),
(2364, 'S0543-0202-0360', 'เสาอากาศวิทยุชนิดโครงสร้างสามเหลี่ยม แบบ Guyed Support ความสูง 21 เมตร', '315,000.-', 'S0543-0202-0360.pdf', 2, 36, 1, '2017-07-11', '2017-07-13', 1),
(2365, 'S0543-0203-0154', 'เสาอากาศวิทยุชนิดโครงสร้างสามเหลี่ยม แบบ Guyed-Support ความสูง 200 ฟุต พร้อมติดตั้ง', '540,000.-', 'S0543-0203-0154.pdf', 2, 36, 1, '2017-07-11', '2017-07-13', 1),
(2366, 'S0555-0203-0151', 'เครื่องโทรสารแบบใช้กระดาษความร้อน', '5,000.-', 'S0555-0203-0151.pdf', 2, 28, 1, '2017-07-11', '2017-07-13', 1),
(2367, 'S0561-0302-0261', 'ชุดเครื่องขยายเสียง 250 วัตต์ พร้อมอุปกรณ์ประกอบ', '114,500.-', 'S0561-0302-0261.pdf', 2, 31, 1, '2018-10-22', '2018-10-22', 1),
(2368, 'S0561-0302-0361', 'ชุดเครื่องขยายเสียง 200 วัตต์ พร้อมอุปกรณ์ประกอบ', '111,000.-', 'S0561-0302-0361.pdf', 2, 31, 1, '2018-10-22', '2018-10-22', 1),
(2369, 'S0561-0302-0461', 'ชุดเครื่องขยายเสียง 150 วัตต์ พร้อมอุปกรณ์ประกอบ', '107,000.-', 'S0561-0302-0461.pdf', 2, 31, 1, '2018-10-22', '2018-10-22', 1),
(2370, 'S0561-0802-0161', 'เครื่องขยายเสียงสำหรับห้องประชุมพร้อมตู้ลำโพง 2 ตู้', '20,000.-', 'S0561-0802-0161.pdf', 2, 31, 1, '2018-06-20', '2018-06-20', 1),
(2371, 'S0567-0101-0151', 'ตู้สาขาโทรศัพท์', '140,000.-', 'S0567-0101-0151.pdf', 2, 38, 1, '2017-07-11', '2017-07-13', 1),
(2372, 'S0579-9999-0157', 'อุปกรณ์ตรวจวัดระยะไกล (Remote Terminal Unit : RTU)', '270,000.-', 'S0579-9999-0157.pdf', 2, 27, 1, '2017-07-11', '2017-07-13', 1),
(2373, 'S0579-9999-0158', 'อุปกรณ์ควบคุมระบบบันทึกผลและสื่อสารข้อมูล', '70,000.', 'S0579-9999-0158.pdf', 2, 27, 1, '2017-07-11', '2017-07-13', 1),
(2374, 'S0581-9999-0161', 'ชุด Podium มีขยายเสียงลำโพงและไมโครโฟนในตัว', '28,000.-', 'S0561-9999-0161.pdf', 2, 37, 1, '2018-06-20', '2018-06-22', 1),
(2375, 'S0582-0199-0157', 'อุปกรณ์ระบบจ่ายไฟฟ้าและสำรองไฟฟ้า for Telemetering', '40,000.-', 'S0582-0199-0157.pdf', 2, 27, 1, '2017-07-11', '2017-07-13', 1),
(2376, 'S0584-0101-0161', 'กล้องถ่ายทอดสัญญาณสำหรับชุดประชุมทางไกล', '30,200.-', 'S0584-0101-0161.pdf', 2, 2, 1, '2018-06-20', '2018-06-20', 2),
(2377, 'S0586-9999-0157', 'Edge/GPRS Modem for Telemetering', '52,000.-', 'S0586-9999-0157.pdf', 2, 27, 1, '2017-07-11', '2017-07-13', 1),
(2378, 'S0593-0199-0157', 'Surge Protection ขนาด 135KA & Grounding for Telemetering', '98,000.-', 'S0593-0199-0157.pdf', 2, 27, 1, '2017-07-11', '2017-07-13', 3),
(2379, 'S0593-0299-0158', 'อุปกรณ์ป้องกันไฟกระโชกทางสายไฟฟ้า ขนาด 40 kA ชนิด Distribution Panel สำหรับงานโทรมาตร (Power Distribution Panel with Surge Prote', '15,000.-', 'S0593-0299-0158.pdf', 2, 27, 1, '2017-07-11', '2017-07-13', 1),
(2380, 'S0593-0399-0158', 'อุปกรณ์ป้องกันไฟกระโชกทางสายไฟฟ้า ขนาด 20 kA แบบ Universal Socket สำหรับงานโทรมาตร (Surge Protection For AC Power Line 20 kA)', '5,700.-', 'S0593-0399-0158.pdf', 2, 27, 1, '2017-07-11', '2017-07-13', 1),
(2381, 'S0593-0499-0158', 'อุปกรณ์ป้องกันไฟกระโชกทางสายไฟฟ้า ชนิดไฟฟ้ากระแสตรง ขนาด 40 kA สำหรับงานโทรมาตร (Surge Protection For DC Power Line 40 kA)', '13,500.-', 'S0593-0499-0158.pdf', 2, 27, 1, '2017-07-11', '2017-07-13', 1),
(2382, 'S1501-0499-0162', 'เครื่องคอมพิวเตอร์ชนิด All In One สำหรับประมวลผล พร้อมชุดโปรแกรมระบบปฏิบัติการ', '26,800.-', 'S1501-0499-0162.pdf', 1, 17, 1, '2018-10-22', '2018-10-22', 2),
(2383, 'S1501-0499-0262', 'เครื่องคอมพิวเตอร์ชนิด All In One สำหรับงานสำนักงาน พร้อมชุดโปรแกรมระบบปฏิบัติการ', '20,800.-', 'S1501-0499-0262.pdf', 1, 17, 1, '2018-10-22', '2018-10-22', 1),
(2384, 'S1501-0499-0362', 'เครื่องคอมพิวเตอร์สำหรับงานประมวลผลแบบที่ 2 พร้อมชุดโปรแกรมระบบปฏิบัติการ', '33,800.-', 'S1501-0499-0362.pdf', 1, 17, 1, '2018-10-24', '2018-10-24', 1),
(2385, 'S1501-0499-0462', 'เครื่องคอมพิวเตอร์สำหรับงานประมวลผลแบบที่ 1 พร้อมชุดโปรแกรมระบบปฏิบัติการ', '25,800.-', 'S1501-0499-0462.pdf', 1, 17, 1, '2018-10-24', '2018-10-24', 1),
(2386, 'S1501-0499-0562', 'เครื่องคอมพิวเตอร์ประมวลผลระดับสูง พร้อมชุดโปรแกรมระบบปฏิบัติการ', '38,500.-', 'S1501-0499-0562.pdf', 1, 17, 1, '2018-11-06', '2018-11-06', 1),
(2387, 'S1501-0599-0162', 'เครื่องคอมพิวเตอร์ชนิด Notebook สำหรับงานประมวลผล พร้อมชุดโปรแกรมระบบปฏิบัติการ', '24,800.-', 'S1501-0599-0162.pdf', 1, 17, 1, '2018-10-22', '2018-10-22', 1),
(2388, 'S1501-0599-0262', 'เครื่องคอมพิวเตอร์ชนิด Notebook สำหรับงานสำนักงาน พร้อมชุดโปรแกรมระบบปฏิบัติการ', '19,800.-', 'S1501-0599-0262.pdf', 1, 17, 1, '2018-10-22', '2018-10-22', 2),
(2389, 'S1504-0301-0258', 'จอภาพคอมพิวเตอร์ แบบ LED ขนาด 18.5 นิ้ว', '2,800.-', 'S1504-0301-0258.pdf', 1, 18, 1, '2017-07-11', '2018-06-15', 1),
(2390, 'S1504-0301-0358', 'จอภาพคอมพิวเตอร์ แบบ LED ขนาด 21.5 นิ้ว', '4,000.-', 'S1504-0301-0358.pdf', 1, 18, 1, '2017-07-11', '2017-07-13', 1),
(2391, 'S1504-0503-0161', 'เครื่องนำเสนอข้อมูลแบบไร้สายด้วย Android Device iOS Device และเครือข่าย', '49,000.-', 'S1504-0503-0161.pdf', 1, 1, 1, '2018-06-20', '2018-06-20', 1),
(2392, 'S1505-0501-0153', 'เครื่องพิมพ์ชนิด Dot Matrix แคร่ยาว', '23,000.-', 'S1505-0501-0153.pdf', 1, 19, 1, '2017-07-11', '2017-07-13', 1);
INSERT INTO `equipment` (`Equipment_id`, `Equipment_code`, `Equipment_details`, `Price`, `File_path_pdf`, `Category_id`, `Sub_category_id`, `Dep_id`, `Created_date`, `Update_date`, `Equipment_status`) VALUES
(2393, 'S1505-0502-0153', 'เครื่องพิมพ์ชนิด Dot Matrix แคร่สั้น', '22,000.-', 'S1505-0502-0153.pdf', 1, 19, 1, '2017-07-11', '2017-07-13', 1),
(2394, 'S1505-0699-0262', 'เครื่องพิมพ์เลเซอร์ หรือ LED ขาว-ดำ  (20หน้า/นาที)', '2,600.-', 'S1505-0699-0262.pdf', 1, 19, 1, '2018-10-29', '2018-10-29', 1),
(2395, 'S1505-0699-0362', 'เครื่องพิมพ์เลเซอร์ หรือ LED ขาว-ดำ ชนิด Network แบบที่ 1 (27หน้า/นาที)', '7,900.-', 'S1501-0699-0362.pdf', 1, 19, 1, '2018-10-29', '2018-10-29', 1),
(2396, 'S1505-0699-0462', 'เครื่องพิมพ์เลเซอร์ หรือ LED ขาว ดำ ชนิด Network แบบที่ 2 (33 หน้า/นาที)', '15,000.-', 'S1505-0699-0462.pdf', 1, 19, 1, '2018-10-22', '2018-10-24', 1),
(2397, 'S1505-0799-0162', 'เครื่องพิมพ์ Inkjet สี พร้อมติดตั้งถังหมืกพิมพ์ (Ink Tank Printer)', '4,300.-', 'S1505-0799-0162.pdf', 1, 19, 1, '2018-10-22', '2018-11-02', 1),
(2398, 'S1505-0799-0262', 'เครื่องพิมพ์ Inkjet สี สำหรับกระดาษขนาด A3', '7,100.-', 'S1505-0799-0262.pdf', 1, 19, 1, '2018-10-22', '2018-10-22', 1),
(2399, 'S1505-0799-0362', 'เครื่องพิมพ์ Inkjet สี แบบพกพา สำหรับกระดาษขนาด A4', '11,000.-', 'S1505-0799-0362.pdf', 1, 19, 1, '2018-11-06', '2018-11-06', 1),
(2400, 'S1505-0899-0262', 'เครื่องพิมพ์เลเซอร์ หรือ LED สี แบบ Network สำหรับกระดาษขนาด A4', '10,000.-', 'S1505-0899-0262-new.pdf', 1, 19, 1, '2018-11-06', '2018-11-06', 1),
(2401, 'S1505-0999-0162', 'เครื่องพิมพ์เลเซอร์ หรือ LED สี แบบ Multifunction สำหรับกระดาษขนาด A4', '17,000.-', 'S1505-0999-0162.pdf', 1, 19, 1, '2018-10-22', '2018-10-22', 1),
(2402, 'S1505-0999-0262', 'เครื่องพิมพ์ Inkjet สี แบบ Multifunction สำหรับกระดาษขนาด A4\r\n\r\n', '7,900.-', 'S1505-0999-0262-new.pdf', 1, 19, 1, '2018-11-06', '2018-11-08', 1),
(2403, 'S1505-1101-0259', 'เครื่องพิมพ์วัตถุ 3 มิติแบบตั้งโต๊ะ', '40,000.-', 'S1505-1101-0259.pdf', 1, 19, 1, '2017-07-11', '2017-07-13', 1),
(2404, 'S1506-0101-0162', 'เครื่องพิมพ์ Inkjet สี แบบที่ 1 สำหรับกระดาษขนาด A0', '230,000.-', 'S1506-0101-0162.pdf', 1, 19, 1, '2018-11-02', '2018-11-05', 1),
(2405, 'S1506-0102-0162', 'เครื่องพิมพ์ Inkjet สี แบบที่ 1 สำหรับกระดาษขนาด A1', '180,000.-', 'S1506-0102-0162.pdf', 1, 19, 1, '2018-11-02', '2018-11-02', 1),
(2406, 'S1507-0105-0159', 'กระดานวาดรูป ชนิดจอ LCD', '30,000.-', 'S1507-0105-0159.pdf', 1, 81, 1, '2017-07-11', '2017-07-13', 1),
(2407, 'S1508-0201-0162', 'เครื่อง Scanner สำหรับกระดาษขนาด  A0', '450,000', 'S1508-0201-0162.pdf', 1, 20, 1, '2018-11-02', '2018-11-02', 1),
(2408, 'S1508-0204-0162', 'เครื่อง Scanner สำหรับกระดาษขนาด A3', '117,000.-', 'S1508-0204-0162.pdf', 1, 20, 1, '2018-10-22', '2018-10-24', 1),
(2409, 'S1508-0205-0162', 'เครื่อง Scanner สำหรับงานเอกสารทั่วไป', '3,200.-', 'S1508-0205-0162.pdf', 1, 20, 1, '2018-10-24', '2018-10-24', 1),
(2410, 'S1508-0205-0262', 'เครื่อง Scanner สำหรับงานเก็บเอกสารระดับศูนย์บริการแบบที่ 1', '18,000.-', 'S1508-0205-0262.pdf', 1, 20, 1, '2018-10-24', '2018-10-24', 1),
(2411, 'S1508-0205-0362', 'เครื่อง Scanner สำหรับงานเก็บเอกสารระดับศูนย์บริการแบบที่ 2', '29,000.-', 'S1508-0205-0362.pdf', 1, 20, 1, '2018-10-24', '2018-10-24', 1),
(2412, 'S1509-0399-0156', 'โปรแกรมประยุกต์สำหรับงานด้านเอกสารสำนักงาน', '11,000.-', 'S1509-0399-0156.pdf', 1, 26, 1, '2017-07-11', '2017-07-13', 1),
(2413, 'S1509-0399-0256', 'โปรแกรมประยุกต์สำหรับงานบริหารจัดการฐานข้อมูล ขนาด 25 ผู้ใช้งาน', '250,000.-', 'S1509-0399-0256.pdf', 1, 26, 1, '2017-07-11', '2017-07-13', 1),
(2414, 'S1510-0299-0159', 'อุปกรณ์ Modem แบบ Wi-Fi GPRS', '9,000.-', 'S1510-0299-0159.pdf', 1, 21, 1, '2017-07-11', '2017-07-13', 1),
(2415, 'S1510-0399-0158', 'อุปกรณ์สลับสัญญาณแบบ Wireless Access Point', '5,700.-', 'S1510-0399-0158.pdf', 1, 21, 1, '2017-07-11', '2017-07-13', 1),
(2416, 'S1510-0399-0159', 'อุปกรณ์สลับสัญญาณ ขนาด 24 ช่องสัญญาณ แบบ 10/100/1000 mbps. (บริหารจัดการและผสานเครือข่ายได้)', '130,000.-', 'S1510-0399-0159.pdf', 1, 21, 1, '2017-07-11', '2017-07-13', 1),
(2417, 'S1510-0399-0162', 'อุปกรณ์กระจายสัญญาณ L2 Switch ขนาด 16 ช่องสัญญาณ', '3,000.-', 'S1510-0399-0162.pdf', 1, 21, 1, '2018-10-22', '2018-10-22', 1),
(2418, 'S1510-0399-0253', 'อุปกรณ์สลับสัญญาณ ขนาด 16 ช่องสัญญาณ แบบ 10/100/1000 mbps. (บริหารจัดการได้)', '16,500.-', 'S1510-0399-0253.pdf', 1, 21, 1, '2017-07-11', '2017-07-13', 1),
(2419, 'S1510-0399-0259', '	อุปกรณ์สลับสัญญาณ ขนาด 48 ช่องสัญญาณ แบบ 10/100/1000 mbps. (บริหารจัดการได้)', '32,500.-', 'S1510-0399-0259.pdf', 1, 21, 1, '2017-07-11', '2017-07-13', 1),
(2420, 'S1510-0399-0353', 'อุปกรณ์สลับสัญญาณ ขนาด 8 ช่องสัญญาณ แบบ 10/100/1000 mbps. ( บริหารจัดการได้)', '7,500.-', 'S1510-0399-0353.pdf', 1, 21, 1, '2017-07-11', '2017-07-13', 1),
(2421, 'S1510-0399-0359', 'อุปกรณ์สลับสัญญาณ ขนาด 48 ช่องสัญญาณ แบบ POE. (บริหารจัดการได้)', '38,000.-', 'S1510-0399-0359.pdf', 1, 21, 1, '2017-07-11', '2017-07-13', 1),
(2422, 'S1510-0399-0362', 'อุปกรณ์กระจายสัญญาณไร้สาย (Access Point) แบบที่ 2', '23,000.-', 'S1510-0399-0362V2.pdf', 1, 21, 1, '2018-10-25', '2018-11-12', 1),
(2423, 'S1510-0399-0453', 'อุปกรณ์สลับสัญญาณ ขนาด 24 ช่องสัญญาณ แบบ 10/100/1000 mbps.', '6,200.-', 'S1510-0399-0453.pdf', 1, 21, 1, '2017-07-11', '2017-07-13', 1),
(2424, 'S1510-0399-0653', 'อุปกรณ์สลับสัญญาณ ขนาด 8 ช่องสัญญาณ แบบ 10/100/1000 mbps.', '2,000.-', 'S1510-0399-0653.pdf', 1, 21, 1, '2017-07-11', '2017-07-13', 1),
(2425, 'S1512-0299-0160', 'เครื่องมัลติมีเดียโปรเจ็คเตอร์ ระดับ WXGA ขนาดไม่น้อยกว่า 2,500 ANSI Lumens', '24,000', 'S1512-0299-0160.pdf', 1, 82, 1, '2017-07-11', '2017-07-13', 1),
(2426, 'S1512-0299-0260', 'เครื่องมัลติมีเดียโปรเจ็คเตอร์ ระดับ WXGA ขนาดไม่น้อยกว่า 3,500 ANSI Lumens', '36,000', 'S1512-0299-0260.pdf', 1, 82, 1, '2017-07-11', '2017-07-13', 1),
(2427, 'S1512-0299-0360', '	เครื่องมัลติมีเดียโปรเจ็คเตอร์ ระดับ XGA ขนาดไม่น้อยกว่า 2,500 ANSI Lumens', '14,000', 'S1512-0299-0360.pdf', 1, 82, 1, '2017-07-11', '2017-07-13', 1),
(2428, 'S1513-0702-0154', 'เครื่องควบคุมและสำรองไฟฟ้า (UPS) ขนาด 1.5 KVA', '10,000.-', 'S1513-0702-0154.pdf', 1, 22, 1, '2017-07-11', '2017-07-13', 1),
(2429, 'S1513-0702-0158', '	เครื่องควบคุมและสำรองไฟฟ้า (UPS) ขนาด 3 KVA', '35,000.-', 'S1513-0702-0158.pdf', 1, 22, 1, '2017-07-11', '2017-07-13', 1),
(2430, 'S1513-0702-0256', 'เครื่องควบคุมและสำรองไฟฟ้า (UPS) ขนาด 2 KVA', '13,000.-', 'S1513-0702-0256.pdf', 1, 22, 1, '2017-07-11', '2017-07-13', 1),
(2431, 'S1513-0702-0258', 'เครื่องควบคุมและสำรองไฟฟ้า (UPS) ขนาด 1 KVA', '5,800.-', 'S1513-0702-0258.pdf', 1, 22, 1, '2017-07-11', '2017-07-13', 1),
(2432, 'S1514-0299-0358', '	อุปกรณ์สำหรับจัดเก็บข้อมูลแบบภายนอก (External Storage)', '570,000.-', 'S1514-0299-0358.pdf', 1, 23, 1, '2017-07-11', '2017-11-10', 1),
(2433, 'S1514-0399-0159', 'เครื่องบันทึกข้อมูลผ่านระบบเครือข่าย ขนาด 4 TB', '40,000.-', 'S1514-0399-0159.pdf', 1, 23, 1, '2017-07-11', '2017-07-13', 1),
(2434, 'S1514-0399-0161', 'เครื่องบันทึกข้อมูลผ่านระบบเครือข่าย (Nas) ขนาดความจุรวมสูงสุดไม่น้อยกว่า 24 TB', '57,000.-', 'S151403990161.pdf', 1, 23, 1, '2018-07-24', '2019-02-14', 1),
(2435, 'S1515-0199-0162', 'ตู้สำหรับเก็บเครื่องคอมพิวเตอร์และอุปกรณ์ ขนาด 42 U', '22,000', 'S1515-0199-0162V2.pdf', 1, 24, 1, '2018-11-05', '2018-11-05', 1),
(2436, 'S1515-0199-0261', 'ตู้ Rack สำหรับงานระบบเครือข่าย ขนาด 6 U', '5,000.-', 'S151501990261.compressed.pdf', 1, 24, 1, '2018-05-08', '2018-05-08', 1),
(2437, 'S1515-0199-0361', 'ตู้ Rack สำหรับงานระบบเครือข่าย ขนาด 15 U', '11,000.-', 'S151501990361_editP2.pdf', 1, 24, 1, '2018-05-08', '2023-02-21', 1),
(2438, 'S1515-0299-0159', 'อุปกรณ์แปลงสื่อสัญญาณ (Media Converter) ความเร็ว 1 Gbps', '5,800.-', 'S1515-0299-0159.Pdf', 1, 25, 1, '2017-07-11', '2017-07-13', 1),
(2439, 'S32-0401-9903', 'Steel bandtape 40 meters (โซ่ลาน 40 ม.ไม่มีปอนด์ดึง)', '4,500.-', 'S32-0401-9903.pdf', 11, 11, 4, '2017-04-10', '2017-04-10', 1),
(2440, 'S32-0402-9905-25', 'เทปวัดระยะ (แสตนเลส 50 ม.กว้าง 13 มม.)', '3,500.-', 'S32-0402-9905-2545.pdf', 11, 11, 4, '2017-04-10', '2017-04-10', 1),
(2441, 'S5016-0206-4062/', 'รถบรรทุก (ดีเซล)  ขนาด 1 ตัน  ปริมาตรกระบอกสูบไม่ต่ำกว่า 2,400 ซีซี หรือกำลังเครื่องยนต์สูงสุดไม่ต่ำกว่า 110 กิโลวัตต์ ขับเคลื่อ', '688,000.-', 'S5016-0206-4062.2.pdf', 6, 83, 3, '2017-10-30', '2021-11-05', 2),
(2442, 'S5016-0210-0402/', 'รถเกษตรกรแบบกระบะเทท้าย', 'ติดต่อกลุ่มงานฯ', 'S5321-0402-0106-1.pdf', 8, 8, 3, '2017-04-10', '2017-04-10', 2),
(2443, 'S5016-0214-9999/', 'เรือเครื่องติดท้าย 2 ตอน ทำด้วยไฟเบอร์กลาส จุคนโดยสารได้ไม่ต่ำกว่า 4 คน', '270,000.-', 'S5016-0214-9999-1.pdf', 6, 50, 3, '2017-04-10', '2017-04-10', 2),
(2444, '6603-0201-0034', 'เรือตรวจการณ์ ขนาด 16 ฟุต', '1,150,000.-', 'เรือตรวจการณ์ ขนาด 16 ฟุต.pdf', 6, 50, 3, '2017-04-10', '2023-03-21', 1),
(2445, 'S5016-8205-0101/', 'หลังคาไฟเบอร์กลาส', '32,400.-', 'S5016-8205-0101-1.pdf', 6, 51, 3, '2017-04-10', '2019-05-31', 2),
(2446, 'S517-0901-1221/2', 'เครื่องเจาะโลหะแบบตั้งพื้น ขนาด 25 มม.', '160,000.-', 'S517-0901-1221-2-48.pdf', 10, 56, 3, '2017-04-10', '2017-04-10', 1),
(2447, 'S517-0901-1221/3', 'เครื่องเจาโลหะแบบตั้งพื้น ขนาด 25 มม.', '35,000.-', 'S517-0901-1221-3-49.pdf', 10, 56, 3, '2017-04-10', '2017-04-10', 1),
(2448, 'S517-0901-1741/4', 'เครื่องตัดเหล็กไฟเบอร์ ขนาด 355 มม.', '15,000.-', 'S517-0901-1741-42.pdf', 10, 56, 3, '2017-04-10', '2017-04-10', 2),
(2449, 'S517-0904-4114/4', 'กรรไกรตัดเหล็กเส้นกลมชนิดตั้งพื้น', '10,000.-', 'S517-0904-4114-4-52.pdf', 10, 56, 3, '2017-04-10', '2017-04-10', 1),
(2450, 'S517-0904-4411/5', 'เครื่องเชื่อมไฟฟ้าแบบหม้อแปลง (AC/DC) ขนาด 300 แอมป์', '70,000.-', 'S517-0904-4411-5-49.pdf', 10, 56, 3, '2017-04-10', '2017-04-10', 2),
(2451, 'S517-0904-4412/3', 'เครื่องเชื่อมไฟฟ้าระบบ INVERTER ขนาด 150 แอมป์', '55,000.-', 'S517-0904-4412-3-49.pdf', 10, 56, 3, '2017-04-10', '2017-04-10', 2),
(2452, 'S517-0904-4421/3', 'เครื่องเชื่อมไฟฟ้าแบบขับด้วยเครื่องยนต์ ขนาด 170 แอมป์', '220,000.-', 'S517-0904-4421-3-48.pdf', 10, 56, 3, '2017-04-10', '2017-04-10', 2),
(2453, 'S517-0904-4422/2', 'เครื่องเชื่อมไฟฟ้าแบบขับด้วยเครื่องยนต์เบนซิน ขนาด 140 แอมป์', '150,000.-', 'S517-0904-4422-2-50.pdf', 10, 56, 3, '2017-04-10', '2017-04-10', 1),
(2454, 'S517-0904-4460/2', 'เครื่องมือชุดเชื่อมและตัดโลหะด้วยแก๊ส', '10,000.-', 'S517-0904-4460-2-46.pdf', 10, 56, 3, '2017-04-10', '2017-04-10', 1),
(2455, 'S517-0904-4510/2', 'ถังบรรจุก๊าซออกซิเจน (O2)', '6,500.-', 'S517-0904-4510-2-49.pdf', 10, 56, 3, '2017-04-10', '2017-04-10', 1),
(2456, 'S517-0904-4520/2', 'ถังบรรจุก๊าซอะเซทิลีน (C2H2)', '6,500.-', 'S517-0904-4520-2-49.pdf', 10, 56, 3, '2017-04-10', '2017-04-10', 1),
(2457, 'S517-0906-6215/2', 'เครื่องมือชุดซ่อมทั่วไประบบเมตริก', '10,000.-', 'S517-0906-6215-2-46.pdf', 10, 56, 3, '2017-04-10', '2017-04-10', 2),
(2458, 'S517-0906-6271/2', 'ชุดเครื่องมือทำเกลียวนอก - เกลียวใน', '40,000.-', 'S517-0906-6271-2-50.pdf', 10, 56, 3, '2017-04-10', '2017-04-10', 1),
(2459, 'S517-0906-6415/1', 'สว่านชนิดเจาะคอนกรีตแบบโรตารี่ ขนาด 24 มม.', '9,000.-', 'S517-0906-6415-1-48.pdf', 10, 56, 3, '2017-04-10', '2017-04-10', 2),
(2460, 'S517-0906-6480/2', 'เครื่องขันน๊อตแบบใช้ลม ขนาด 1 นิ้ว', '30,000.-', 'S517-0906-6480-2-48.pdf', 10, 56, 3, '2017-04-10', '2017-04-10', 1),
(2461, 'S517-0906-6480/3', 'เครื่องขันน๊อตแบบใช้ลม ขนาด 1/2 นิ้ว', '15,000.-', 'S517-0906-6480-2-48.pdf', 10, 56, 3, '2017-04-10', '2017-04-10', 1),
(2462, 'S517-0907-7221/1', 'เครนไฮดรอลิกยกเครื่องยนต์แบบตั้งพื้น ขนาด 1 เมตริกตัน', '28,000.-', 'S517-0907-7221-1-50.pdf', 10, 56, 3, '2017-04-10', '2017-04-10', 1),
(2463, 'S517-0907-7322/3', 'ปากกาจับเหล็ก ขนาด 150 มม.', '9,000.-', 'S517-0907-7322-3-50.pdf', 10, 56, 3, '2017-04-10', '2017-04-10', 1),
(2464, 'S520-0401-0503', 'เครื่องเจาะหินแบบโรตารี่ (Rotary Drilling Machine) พร้อมเครื่องสูบน้ำ', '4,084,000', 'S520-0401-0503.pdf', 11, 11, 4, '2017-04-10', '2023-02-07', 1),
(2465, 'S520-0401-1499', 'เครื่องเจาะหินแบบกระแทก ชนิดตีนตะขาบ ขับด้วยเครื่องยนต์ดีเซล พร้อมเครื่องอัดลม และเครื่องสูบน้ำ (Hydraulic Crawler Rock Drill)', '-', 'S520-0401-1499.pdf', 11, 11, 4, '2017-04-10', '2017-04-10', 1),
(2466, 'S520-0405-0399', 'เครื่องอัดฉีดน้ำปูนและสารเคมีแบบเคลื่อนที่ (Set of Grouting Machine)', '4,950,000.-', 'S520-0405-0399.pdf', 11, 11, 4, '2017-04-10', '2017-04-10', 1),
(2467, 'S520-0413-0201', 'เครื่องอัดฉีดของผสมแรงดันสูง แบบ 3 หัวฉีด', '-', '', 11, 11, 4, '2017-03-02', '2017-03-02', 1),
(2468, 'S520-0704-0402', 'เครื่องมือวัดคลื่นแผ่นดินไหวแบบ SEISMOGRAPH FOR UNIAXIAL STATION', '-', 'S520-0704-0402.pdf', 11, 11, 4, '2017-04-10', '2017-04-10', 2),
(2469, 'S520-0713-0103', 'ค้อนธรณีวิทยา (Geologic Hammer)', '3,500.-', 'S520-0713-0103.pdf', 11, 11, 4, '2017-10-25', '2017-10-25', 1),
(2470, 'S520-0714-0399', 'เข็มทิศชนิดพกพา (Geological Compass)', '16,000.-', 'S520-0714-0399.pdf', 11, 11, 4, '2017-10-25', '2017-10-25', 1),
(2471, 'S520-0723-0403', 'เครื่องมือตรวจวัดคลื่นแผ่นดินไหวแบบ ACCELEROGRAPH', '-', 'S520-0723-0403.pdf', 11, 11, 4, '2017-04-10', '2017-04-10', 2),
(2472, 'S520-1104-0301', 'เครื่องเจาะตอกทดลองดินขนาดใหญ่ขับด้วยเครื่องยนต์ดีเซล พร้อมอุปกรณ์', '-', '', 11, 11, 4, '2017-03-02', '2017-03-02', 1),
(2473, 'S520-1106-0101', 'เครื่องมือทดสอบแรงเสียดทานของดินแบบ Dutch Cone ขนาดไม่น้อยกว่า 5 ตัน', '-', '', 11, 11, 4, '2017-03-02', '2017-03-02', 1),
(2474, 'S520-1117-9999', 'เครื่องมือทดสอบความหนาแน่นของดินในสนาม', '-', '', 11, 11, 4, '2017-04-10', '2017-04-10', 1),
(2475, 'S523-0704-0699', 'เครื่องมือธรณีฟิสิกส์ชนิดวัดความต้านทานไฟฟ้า (Resistity imaging) สำหรับน้ำบาดาล', '1,200,000.-', 'S523-0704-0699.pdf', 11, 11, 4, '2017-10-25', '2017-10-25', 1),
(2476, 'S523-0704-9999-1', 'เข็มทิศชนิดพกพา', '2,000.-', 'S523-0704-9999-1.pdf', 11, 11, 4, '2017-04-10', '2017-04-10', 1),
(2477, 'S523-1101-0307', 'กล้องระดับ กำลังขยาย 24 เท่า', '22,000.-', 'S523-1101-0307.pdf', 11, 11, 4, '2018-09-20', '2018-09-20', 2),
(2478, 'S523-1101-0308', 'กล้องระดับ ชนิดกำลังขยาย 30 เท่า', '34,000.-', 'S523-1101-0308.pdf', 11, 11, 4, '2018-09-20', '2021-11-29', 1),
(2479, 'S523-1101-0309', 'กล้องระดับอัตโนมัติ พร้อมขาตั้งกล้อง (กำลังขยายไม่น้อยกว่า 24 เท่า)', '24,000.-', 'S523-1101-0309.pdf', 11, 11, 4, '2018-09-20', '2018-09-20', 2),
(2480, 'S523-1101-0310', 'กล้องระดับอัตโนมัติ พร้อมขาตั้งกล้อง (กำลังขยายไม่น้อยกว่า 30 เท่า)', '36,000.-', 'S523-1101-0310.pdf', 11, 11, 4, '2018-09-20', '2018-09-20', 2),
(2481, 'S523-1101-0503', 'กล้องระดับดิจิตอล กำลังขยายไม่น้อยกว่า 32 เท่า (สำหรับงานระดับชั้นที่ 2)', '300,000.-', 'S523-1101-0503.pdf', 11, 11, 4, '2017-10-25', '2018-10-09', 2),
(2482, 'S523-1101-0504', 'กล้องระดับดิจิตอล กำลังขยายไม่น้อยกว่า 32 เท่า (สำหรับงานระดับชั้นที่ 3)', '200,000.-', 'S523-1101-0504.pdf', 11, 11, 4, '2017-10-25', '2018-10-09', 1),
(2483, 'S523-1101-2202', 'กล้องระดับดิจิตอลความละเอียดสูงสำหรับงานระดับชั้นที่ 2', '500,000.-', 'S523-1101-2202.pdf', 11, 11, 4, '2017-10-25', '2017-10-25', 2),
(2484, 'S523-1102-0102-2', 'กล้องวัดมุม(อ่านได้ละเอียด 1 ลิบดา)', '78,000.-', 'S523-1102-0102-2546.pdf', 11, 11, 4, '2017-04-10', '2017-04-10', 2),
(2485, 'S523-1102-0204', 'กล้องวัดมุมแบบอิเลคทรอนิค ชนิดอ่านค่าได้ละเอียด 5 ฟิลิบดา (ระบบอัตโนมัติ)', '110,000.-', 'S523-1102-0204.pdf', 11, 11, 4, '2017-04-10', '2019-09-18', 2),
(2486, 'S523-1102-0312', 'กล้องวัดมุมพร้อมเครื่องวัดระยะอิเลคทรอนิคอัตโนมัติ', '750,000.-', 'S523-1102-0312.pdf', 11, 11, 4, '2017-04-10', '2017-04-10', 1),
(2487, 'S523-1102-0314', 'กล้องวัดมุมพร้อมเครื่องวัดระยะอิเล็กทรอนิคส์ พร้อมอุปกรณ์', '400,000.-', '', 11, 11, 4, '2017-10-25', '2021-11-29', 2),
(2488, 'S523-1107-0204', 'ไม้สต๊าฟ 4 เมตร แบบชัก', '3,000.-', 'S523-1107-0204.pdf', 11, 11, 4, '2018-09-20', '2018-09-20', 1),
(2489, 'S523-1107-0205', 'ไม้สต๊าฟ 4 เมตร แบบพับ', '3,500.-', 'S523-1107-0205.pdf', 11, 11, 4, '2018-09-20', '2018-09-20', 1),
(2490, 'S523-1108-1699', 'เครื่องวัดพิกัดจากสัญญาณดาวเทียม GPS แบบมือถือ (พร้อมอุปกรณ์ติดตั้งบนยานพาหนะ)', '-', 'S523-1108-1699.pdf', 11, 11, 4, '2017-04-10', '2017-04-10', 1),
(2491, 'S523-1114-0299 ', 'เต็นท์ผ้าใบแบบทรงโค้ง ขนาดกว้าง 5 เมตร ยาว 12 เมตร สูง 2.5 เมตร พร้อมผ้าใบบังแดดด้านข้าง', '52,300.-', 'S523-1114-0299.pdf', 11, 11, 4, '2017-04-10', '2017-04-10', 1),
(2492, 'S523-1114-0399 ', 'เต็นท์ผ้าใบแบบทรงโค้ง ขนาดกว้าง 5 เมตร ยาว 6 เมตร สูง 2.5 เมตร', '24,200.-', 'S523-1114-0399.pdf', 11, 11, 4, '2017-04-10', '2017-04-10', 1),
(2493, 'S523-1132-9999', 'โปรแกรมสำรวจเพื่อการออกแบบและเขียนแบบ AutoCAD Civil 3D 2011', '-', 'S523-1132-9999.pdf', 11, 11, 4, '2017-04-10', '2017-04-10', 2),
(2494, 'S523-1133-9999', 'กล้องดิจิตอลพร้อม GPS', '-', 'S523-1133-9999.pdf', 11, 11, 4, '2017-04-10', '2017-04-10', 1),
(2495, 'S523-1136-0199', 'อากาศยานไร้คนขับแบบหลายใบพัด (Multirotor Unmanned Aerial Vehicle : MUAV) พร้อมอุปกรณ์', '100,000.-', 'S523-1136-0199.pdf', 11, 11, 4, '2017-04-10', '2017-04-10', 1),
(2496, 'S523-1142-9999', 'เครื่องขุดหลุมเครื่องเจาะดิน', '16,000.-', 'S523-1142-9999.pdf', 11, 11, 4, '2017-10-25', '2017-10-25', 1),
(2497, 'S5309-0301-0305/', 'รถฟาร์มแทรกเตอร์ ขนาด 85 แรงม้า ขับเคลื่อน 4 ล้อ', '', '', 7, 53, 3, '2017-03-02', '2017-03-02', 2),
(2498, 'S5309-0301-0308/', 'รถฟาร์มแทรกเตอร์ ขนาด 25 แรงม้า ขับเคลื่อน 4 ล้อ', '', '', 7, 53, 3, '2017-03-02', '2017-03-02', 2),
(2499, 'S5309-0301-0310/', 'รถฟาร์มแทรกเตอร์ ขนาด 40 แรงม้า ขับเคลื่อน 4 ล้อ', '', '', 7, 53, 3, '2017-03-02', '2017-03-02', 2),
(2500, 'S5309-8308-0101/', 'ใบมีดดันหน้า (สำหรับรถฟาร์ม ขนาดไม่น้อยกว่า 75 แรงม้า)', '', '', 7, 53, 3, '2017-03-02', '2017-03-02', 2),
(2501, 'S5309-8311-0101/', 'จอบหมุน (สำหรับรถฟาร์ม ขนาดไม่น้อยกว่า 75 แรงม้า)', '', '', 7, 53, 3, '2017-03-02', '2017-03-02', 2),
(2502, 'S5321-0101-0205/', 'เครื่องปรับอากาศแบบแยกส่วน ชนิดตั้งพื้นหรือแขวน ขนาด 36,000 บีทียูต่อชั่วโมง', '47,000.-*', 'S5321-0101-0205-5(09-2559).pdf', 4, 4, 3, '2017-04-10', '2018-06-18', 2),
(2503, 'S5321-0101-0292/', 'เครื่องปรับอากาศแบบแยกส่วน ชนิดตั้งพื้นหรือแขวน ขนาด 18,000 บีทียูต่อชั่วโมง', '28,600.-*', 'S5321-0101-0292-7(09-2559).pdf', 4, 4, 3, '2017-04-10', '2018-06-18', 2),
(2504, 'S5321-0101-0509/', 'เครื่องปรับอากาศแบบแยกส่วน ชนิดติดผนัง ขนาด 12,000 บีทียูต่อชั่วโมง', '17,000.-*', 'S5321-0101-0509-5(09-2559).pdf', 4, 4, 3, '2017-04-10', '2017-04-10', 2),
(2505, 'S5321-0302-0114/', 'เครื่องสูบน้ำชนิดหอยโข่งแบบ ขับด้วยเครื่องยนต์เบนซิน อัตราการสูบน้ำ 1,100 ลิตรต่อนาที (5 แรงม้า)', '15,000.- *', 'S5321-0302-0114-3(11-2557).pdf', 7, 52, 3, '2017-04-10', '2017-04-10', 2),
(2506, 'S5321-0302-0239/', 'เครื่องสูบน้ำชนิดหอยโข่งแบบขับด้วยเครื่องยนต์ดีเซล อัตราการสูบน้ำ 1,800 ลิตรต่อนาที ระยะยกน้ำ 10 เมตร', '110,000.-', 'S5321-0302-0239-1.pdf', 7, 52, 3, '2017-04-10', '2017-04-10', 2),
(2507, 'S5321-0302-0325/', 'เครื่องสูบน้ำชนิดหอยโข่งแบบขับด้วยมอเตอร์ไฟฟ้า อัตราการสูบน้ำ 1,500 ลิตรต่อนาที ระยะยกน้ำ 15 เมตร', '120,000.-', 'S5321-0302-03251-1.pdf', 7, 52, 3, '2017-03-02', '2018-06-18', 2),
(2508, 'S5321-0402-0106/', 'เครื่องตบดินแบบกระโดด ขับด้วยเครื่องยนต์เบนซิน ขนาด 70 กิโลกรัม', '99,000.-', 'S5321-0402-0106-2.pdf', 8, 8, 3, '2018-06-18', '2018-06-18', 2),
(2509, 'S5321-0402-0201/', 'เครื่องตบดินแบบกระโดด ขับด้วยเครื่องยนต์ดีเซล ขนาด 80 กิโลกรัม', '170,000.-', 'S5321-0402-0201-2.pdf', 8, 8, 3, '2018-06-18', '2018-06-18', 1),
(2510, 'S5321-0420-0403/', 'เครื่องอัดลม ขับด้วยมอเตอร์ไฟฟ้า ขนาด 8 ลบ.ฟุตต่อนาที', '55,000.-', 'S5321-0420-0403-3(11-2559).pdf', 8, 8, 3, '2017-04-10', '2017-04-10', 2),
(2511, 'S5321-0420-0411/', 'เครื่องอัดลม ขับด้วยมอเตอร์ไฟฟ้า ขนาด 15 ลบ.ฟุตต่อนาที', '88,000.-', 'S5321-0420-0411-2.pdf', 8, 8, 3, '2017-04-10', '2017-04-10', 2),
(2512, 'S5321-0420-0501/', 'เครื่องอัดลม ขับด้วยเครื่องยนต์เบนซิน ขนาด 2.4 ลบ.ฟุตต่อนาที', '36,000.-', 'S5321-0420-0501-1.pdf', 8, 8, 3, '2017-04-10', '2017-04-10', 2),
(2513, 'S5321-0425-0102/', 'รถกระบะเทหน้า (Dumper) ขนาดความจุ 400 ลิตร', '120,000.-', 'S5321-0425-0102-1.pdf', 8, 8, 3, '2017-04-10', '2017-04-10', 2),
(2514, 'S5321-0802-0102/', 'เครื่องตัดหญ้าแบบข้อแข็ง', '9,500.- *', 'S5321-0802-0102-2(10-2558).pdf', 9, 54, 3, '2017-04-10', '2017-04-10', 2),
(2515, 'S5321-0802-0202/', 'เครื่องตัดหญ้าแบบข้ออ่อน', '11,000.- *', 'S5321-0802-0202-2(10-2558).pdf', 9, 54, 3, '2017-04-10', '2017-04-10', 2),
(2516, 'S5321-0802-0301/', 'เครื่องตัดหญ้าแบบล้อจักรยาน', '12,000.- *', 'S5321-0802-0301-2(10-2558).pdf', 9, 54, 3, '2017-04-10', '2017-04-10', 2),
(2517, 'S5321-0802-0401/', 'เครื่องตัดหญ้าแบบเข็น', '13,000.- *', 'S5321-0802-0401-2(10-2558).pdf', 9, 54, 3, '2017-04-10', '2017-04-10', 2),
(2518, 'S5321-0803-0102/', 'รถตัดหญ้าชนิดคนนั่งขับ (15 แรงม้า)', '182,000.-*', 'S5321-0803-0102-1.pdf', 9, 54, 3, '2017-04-10', '2017-04-10', 2),
(2519, '6101 0402 0001', 'เครื่องมัลติมีเดียโปรเจคเตอร์ ระดับ SVGA ขนาด 3,000 ANSI Lumens', '14,100.-', 'S6101-0402-0001.pdf', 14, 76, 7, '2018-10-10', '2019-02-05', 2),
(2520, '6101 0402 0002', 'เครื่องมัลติมีเดียโปรเจคเตอร์ ระดับ XGA ขนาด 3,000 ANSI Lumens', '26,900.-', 'S6101-0402-0002.pdf', 14, 76, 7, '2018-10-10', '2022-09-02', 1),
(2521, '6101 0402 0003', 'เครื่องมัลติมีเดียโปรเจคเตอร์ ระดับ XGA ขนาด 3,500 ANSI Lumens', '27,900.-', 'S6101-0402-0003.pdf', 14, 76, 7, '2018-10-10', '2022-09-02', 1),
(2522, '6101 0402 0004', 'เครื่องมัลติมีเดียโปรเจคเตอร์ ระดับ XGA ขนาด 4,000 ANSI Lumens', '29,900.-', 'S6101-0402-0004.pdf', 14, 76, 7, '2018-10-10', '2022-09-02', 1),
(2523, '6101 0402 0005', 'จอรับภาพ ชนิดมอเตอร์ไฟฟ้า ขนาดเส้นทะแยงมุม 100 นิ้ว', '12,900.-', 'S6101-0402-0005.pdf', 14, 76, 7, '2018-10-10', '2022-09-02', 1),
(2524, '6101 0402 0072 ', 'เครื่องฉายภาพ แบบ 3 มิติ', '20,000.-', 'S6101-0402-0072.pdf', 14, 76, 7, '2018-11-01', '2019-02-05', 1),
(2525, '6101 0402 0073', 'เครื่องมัลติมีเดียโปรเจคเตอร์ ระดับ XGA ขนาด 2,500 ANSI Lumens', '27,700.-', 'S6101-0402-0073.pdf', 14, 76, 7, '2018-11-01', '2018-11-06', 2),
(2526, '6101 0402 0074', 'เครื่องมัลติมีเดียโปรเจคเตอร์ ระดับ XGA ขนาด 4,500 ANSI Lumens', '45,900.-', 'S6101-0402-0074.pdf', 14, 76, 7, '2018-11-01', '2022-09-02', 1),
(2527, '6101 0402 0075', 'จอรับภาพ ชนิด มอเตอร์ไฟฟ้า ขนาดเส้นทแยงมุม 120 นิ้ว', '14,900.-', 'S6101-0402-0075.pdf', 14, 76, 7, '2018-11-01', '2022-09-02', 1),
(2528, '6101 0402 0076', 'จอรับภาพ ชนิด มอเตอร์ไฟฟ้า ขนาดเส้นทแยงมุม 150 นิ้ว', '24,100.-', 'S6101-0402-0076.pdf', 14, 76, 7, '2018-11-01', '2022-09-02', 1),
(2529, '6101 0402 0077', 'จอรับภาพ ชนิด มอเตอร์ไฟฟ้า ขนาดเส้นทแยงมุม 180 นิ้ว', '34,900.-', 'S6101-0402-0077.pdf', 14, 76, 7, '2018-11-01', '2022-09-02', 1),
(2530, '6101 0402 0078', 'จอรับภาพ  ชนิด มอเตอร์ไฟฟ้า  ขนาดเส้นทแยงมุม 200 นิ้ว', '45,000.-', 'S6101-0402-0078.pdf', 14, 76, 7, '2018-11-01', '2022-09-02', 1),
(2531, '6103 0102 0048', 'เครื่องปรับอากาศ แบบแยกส่วน ชนิดตั้งพื้นหรือชนิดแขวน (มีระบบฟอกอากาศ) ขนาด 24,000 บีทียู', '32,400.-', 'S6103-0102-0048.pdf', 4, 4, 3, '2018-10-18', '2018-10-18', 2),
(2532, '6103 0102 0049', 'เครื่องปรับอากาศ แบบแยกส่วน ชนิดตั้งพื้นหรือชนิดแขวน (มีระบบฟอกอากาศ) ขนาด 50,000 บีทียู', '57,000.-', 'S6103-0102-0049.pdf', 4, 4, 3, '2018-10-18', '2018-10-18', 2),
(2533, '6103 0201 0022', 'รถยนต์ตรวจการณ์ ปริมาตรกระบอกสูบไม่ต่ำกว่า 2,000 ซีซี หรือกำลังเครื่องยนต์สูงสุดไม่ต่ำกว่า 110 กิโลวัตต์ เครื่องยนต์ดีเซล แบบขับ', '1,290,000.-', 'S6103-0201-0022.pdf', 6, 83, 3, '2018-10-10', '2020-09-15', 2),
(2534, '6103 0201 0023', 'รถยนต์ตรวจการณ์ ปริมาตรกระบอกสูบไม่ต่ำกว่า 2,000 ซีซี หรือกำลังเครื่องยนต์สูงสุดไม่ต่ำกว่า 110 กิโลวัตต์ เครื่องยนต์ดีเซล แบบขับ', '1,570,000.-', 'S6103-0201-0023.pdf', 6, 83, 3, '2018-10-10', '2020-09-15', 2),
(2535, '6103 0201 0024', 'รถโดยสาร ขนาด 12 ที่นั่ง (ดีเซล) ปริมาตรกระบอกสูบไม่ต่ำกว่า 2,400 ซีซี หรือกำลังเครื่องยนต์สูงสุดไม่ต่ำกว่า 90 กิโลวัตต์', '1,288,000.-', 'S6103-0201-0024.pdf', 6, 83, 3, '2018-10-10', '2018-11-06', 2),
(2536, '6103 0201 0025', 'รถบรรทุก (ดีเซล) ขนาด 4 ตัน 6 ล้อ ปริมาตรกระบอกสูบไม่ต่ำกว่า 4,000 ซีซี หรือกำลังเครื่องยนต์สูงสุดไม่ต่ำกว่า 105 กิโลวัตต์', '1,375,000.-', '6103-0201-0025.pdf', 6, 83, 3, '2018-10-24', '2019-11-20', 2),
(2537, '6103 0201 0026', 'รถบรรทุก (ดีเซล) ขนาด 6 ตัน 6 ล้อ ปริมาตรกระบอกสูบไม่ต่ำกว่า 6,000 ซีซี หรือกำลังเครื่องยนต์สูงสุดไม่ต่ำกว่า 170 กิโลวัตต์ แบบกร', '1,920,000.-', '6103-0201-0026.pdf', 6, 83, 3, '2018-10-18', '2019-11-20', 2),
(2538, '6103 0201 0027', 'รถบรรทุก (ดีเซล) ขนาด 6 ตัน 6 ล้อ ปริมาตรกระบอกสูบไม่ต่ำกว่า 6,000 ซีซี หรือกำลังเครื่องยนต์สูงสุดไม่ต่ำกว่า 170 กิโลวัตต์ แบบกร', '1,980,000.-', '6103-0201-0027.pdf', 6, 83, 3, '2018-10-30', '2019-11-20', 2),
(2539, '6203 0201 0024', 'รถบรรทุก (ดีเซล) ขนาด 6 ตัน 6 ล้อ ปริมาตรกระบอกสูบไม่ต่ำกว่า 6,000 ซีซี หรือกำลังเครื่องยนต์สูงสุดไม่ต่ำกว่า 170 กิโลวัตต์ แบบบร', '2,5000,000.-', '6203-0201-0024.pdf', 6, 49, 3, '2018-10-10', '2019-02-26', 3),
(2540, '6103 0201 0029', 'รถบรรทุกกระบะเหล็ก 10 ล้อ ติดตั้งเครน ขนาด 16 ตัน-เมตร', '5,2000,000.-', '6103-0201-0029.pdf', 6, 83, 3, '2018-10-18', '2019-11-20', 1),
(2541, '6103 0201 0030', 'รถบรรทุกกระบะเหล็ก ขนาด 6 ตัน 6 ล้อ ติดตั้งปั่นจั่นหรือเครน (Crane) 3 ตัน', '2,600,000.-', '6103-0201-0030.pdf', 6, 83, 3, '2018-10-24', '2019-11-20', 2),
(2542, '6103 0201 0031', 'รถบรรทุก (ดีเซล) ขนาด 1 ตัน ปริมาตรกระบอกสูบไม่ต่ำกว่า 2,000 ซีซี หรือกำลังเครื่องยนต์สูงสุดไม่ต่ำกว่า 90 กิโลวัตต์ ขับเคลื่อน 2', '729,000.-', 'S6103-0201-0031.pdf', 6, 83, 3, '2018-10-10', '2019-11-21', 2),
(2543, '6103 0201 0032', 'รถบรรทุก (ดีเซล) ขนาด 1 ตัน ปริมาตรกระบอกสูบไม่ต่ำกว่า 2,000 ซีซี หรือกำลังเครื่องยนต์สูงสุดไม่ต่ำกว่า 90 กิโลวัตต์ ขับเคลื่อน 2', '652,000.-', 'S6103-0201-0032.pdf', 6, 83, 3, '2018-10-10', '2019-11-20', 2),
(2544, '6103 0201 0033', 'รถบรรทุก (ดีเซล) ขนาด 1 ตัน ปริมาตรกระบอกสูบไม่ต่ำกว่า 2,400 ซีซี หรือกำลังเครื่องยนต์สูงสุดไม่ต่ำกว่า 110 กิโลวัตต์ ขับเคลื่อน ', '868,000.-', 'S6103-0201-0033.pdf', 6, 83, 3, '2018-10-10', '2019-11-20', 2),
(2545, '6103 0201 0034', 'รถบรรทุก (ดีเซล) ขนาด 1 ตัน ปริมาตรกระบอกสูบไม่ต่ำกว่า 2,400 ซีซี หรือกำลังเครื่องยนต์สูงสุดไม่ต่ำกว่า 110 กิโลวัตต์ ขับเคลื่อน ', '715,000.-', 'S6103-0201-0034.pdf', 6, 83, 3, '2018-10-10', '2019-11-20', 2),
(2546, '6103 0201 0035', 'รถบรรทุก (ดีเซล) ขนาด 1 ตัน ปริมาตรกระบอกสูบไม่ต่ำกว่า 2,400 ซีซี หรือกำลังเครื่องยนต์สูงสุดไม่ต่ำกว่า 110 กิโลวัตต์ ขับเคลื่อน ', '1,025,000.-', 'S6103-0201-0035.pdf', 6, 83, 3, '2018-10-19', '2019-11-20', 2),
(2547, '6103 0201 0036', 'รถบรรทุก (ดีเซล) ขนาด 1 ตัน ปริมาตรกระบอกสูบไม่ต่ำกว่า 2,400 ซีซี หรือกำลังเครื่องยนต์สูงสุดไม่ต่ำกว่า 110 กิโลวัตต์ ขับเคลื่อน ', '575,000.-', 'S6103-0201-0036.pdf', 6, 83, 3, '2018-10-10', '2019-11-20', 2),
(2548, '6103 0201 0037', 'รถบรรทุก (ดีเซล) ขนาด 2 ตัน ปริมาตรกระบอกสูบไม่ต่ำกว่า 2,700 ซีซี หรือกำลังเครื่องยนต์สูงสุดไม่ต่ำกว่า 75 กิโลวัตต์ แบบ 4 ล้อ', '982,000.-', 'S6103-0201-0037.pdf', 6, 83, 3, '2018-10-10', '2019-11-20', 2),
(2549, '6103 0201 0055', 'รถจักรยานยนต์ ขนาด 110 ซีซี แบบเกียร์ธรรมดา', '40,800.-', 'S6103-0201-0055.pdf', 6, 83, 3, '2018-10-26', '2018-11-06', 2),
(2550, '6103 0201 0056', 'รถจักรยานยนต์ ขนาด 110 ซีซี แบบเกียร์อัตโนมัติ', '48,500.-', 'S6103-0201-0056.pdf', 6, 83, 3, '2018-10-26', '2018-11-06', 2),
(2551, '6103 0201 0057', 'รถจักรยานยนต์ ขนาด 120 ซีซี', '56,000.-', 'S6103-0201-0057.pdf', 6, 83, 3, '2018-10-26', '2019-05-31', 2),
(2552, '6103 0301 0050', 'เครื่องกำเนิดไฟฟ้า ขนาด 10 กิโลวัตต์', '150,000.-', 'S6103-0301-0050.pdf', 5, 5, 3, '2018-10-18', '2018-10-18', 2),
(2553, '6203 0701 0020', 'รถผสมคอนกรีต ขนาด 6 คิว (10 ล้อ)', '4,000,000.-', '6203-0701-0020.pdf', 8, 8, 3, '2018-10-18', '2019-02-26', 3),
(2554, '6103 0701 0043', 'รถตักหน้าขุดหลัง ชนิดขับเคลื่อน 4 ล้อ', '3,300,000.-', '6103-0701-0043.pdf', 8, 8, 3, '2018-10-18', '2018-11-07', 2),
(2555, '6103 0701 0044', 'เครื่องตบดิน', '20,900.-', 'S6103-0701-0044.pdf', 8, 8, 3, '2018-10-18', '2024-01-12', 1),
(2556, '6103 0701 0045', 'เครื่องตบดิน แบบกระโดด ขับเคลื่อนด้วยเครื่องยนต์เบนซิน ขนาด 70 กิโลกรัม', '99,000.-', 'S6103-0701-0045.pdf', 8, 8, 3, '2018-10-18', '2018-10-18', 1),
(2557, '6103 0701 0046', 'เครื่องตบดิน แบบสั่นสะเทือน ขับเคลื่อนด้วยเครื่องยนต์เบนซิน ขนาด 80 กิโลกรัม', '21,000.-', 'S6103-0701-0046.pdf', 8, 8, 3, '2018-10-18', '2018-10-18', 2),
(2558, '6103 0701 0047', 'เครื่องผสมคอนกรีต ชนิดเหล็กเหนียว', '56,600.-', 'S6103-0701-0047.pdf', 8, 8, 3, '2018-10-18', '2023-01-04', 1),
(2559, '6103 0701 0058', 'รถขุดตีนตะขาบแบบแขนยาว ขนาดไม่น้อยกว่า 150 แรงม้า', '5,600,000.-', 'S6103-0701-0058.pdf', 8, 8, 3, '2018-10-26', '2018-10-26', 2),
(2560, '6103 1202 0038', 'เครื่องตัดหญ้า แบบข้อแข็ง', '9,500.-', 'S6103-1202-0038.pdf', 9, 54, 3, '2018-10-18', '2018-10-18', 2),
(2561, '6103 1202 0039', 'เครื่องตัดหญ้า แบบข้ออ่อน', '11,000.-', 'S6103-1202-0039.pdf', 9, 54, 3, '2018-10-18', '2018-10-18', 2),
(2562, '6103 1202 0040', 'เครื่องตัดหญ้า แบบเข็น', '13,000.-', 'S6103-1202-0040.pdf', 9, 54, 3, '2018-10-18', '2018-10-18', 2),
(2563, '6103 1202 0041', 'เครื่องตัดหญ้า แบบล้อจักรยาน', '12,000.-', 'S6103-1202-0041.pdf', 9, 54, 3, '2018-10-18', '2018-10-18', 2),
(2564, '6104 0801 0007', 'กล้องระดับแบบดิจิตอล กำลังขยายไม่น้อยกว่า 32 เท่า (สำหรับงานระดับชั้นที่ 3)', '200,000.-', 'S6104-0801-0007.pdf', 11, 84, 4, '2018-10-10', '2018-11-06', 1),
(2565, '6104 0801 0008', 'กล้องระดับ ขนาดกำลังขยาย 24 เท่า', '22,000.-', 'S6104-0801-0008.pdf', 11, 84, 4, '2018-10-10', '2018-11-06', 2),
(2566, '6104 0801 0009', 'กล้องระดับ ขนาดกำลังขยาย 30 เท่า', '34,000.-', 'S6104-0801-0009.pdf', 11, 84, 4, '2018-10-10', '2018-11-06', 2),
(2567, '6104 0801 0010', 'กล้องระดับ แบบอัตโนมัติพร้อมขาตั้งกล้อง (กำลังขยายไม่น้อยกว่า 24 เท่า)', '24,000.-', 'S6104-0801-0010.pdf', 11, 84, 4, '2018-10-10', '2018-11-06', 2),
(2568, '6105 0903 0051', 'เครื่องวัดกระแสน้ำขนาดเล็ก', '263,000.-', 'S6105-0903-0051.pdf', 12, 65, 5, '2018-10-26', '2018-11-07', 1),
(2569, '6105 0903 0052', 'เครื่องวัดกระแสน้ำ ขนาดน้ำหนักไม่ต่ำกว่า 50 ปอนด์', '700,000.-', 'S6105-0903-0052.pdf', 12, 65, 5, '2018-10-26', '2018-11-07', 1),
(2570, '6105 0904 0053', 'เครื่องวัดน้ำฝนธรรมดาพร้อมอุปกรณ์', '15,000.-', 'S6105-0904-0053.pdf', 12, 67, 5, '2018-10-26', '2018-11-07', 1),
(2571, '6106 0902 0011', 'เครื่องชั่งขนาด 600 กรัม มีความละเอียด 0.01 กรัม', '11,300.-', 'S6106-0902-0011.pdf', 13, 13, 6, '2018-10-10', '2018-10-18', 1),
(2572, '6106 0902 0012', 'เครื่องกดคอนกรีต ขนาด 150 ตัน แบบใช้ไฟฟ้า', '151,660.-', 'S6106-0902-0012.pdf', 13, 13, 6, '2018-10-10', '2018-10-10', 1),
(2573, '6106 0902 0013', 'เครื่องกดคอนกรีต ขนาด 200 ตัน แบบใช้ไฟฟ้า', '168,330.-', 'S6106-0902-0013.pdf', 13, 13, 6, '2018-10-10', '2018-10-10', 1),
(2574, '6106 0902 0014', 'ตู้อบลมร้อน ขนาดไม่น้อยกว่า 375 ลิตร', '318,860.-', 'S6106-0902-0014.pdf', 13, 13, 6, '2018-10-10', '2018-10-10', 1),
(2575, '6106 0902 0015', 'เครื่องวัดความนำไฟฟ้า แบบตั้งโต๊ะ', '74,900.-', 'S6106-0902-0015.pdf', 13, 13, 6, '2018-10-10', '2018-10-10', 1),
(2576, '6106 0902 0016', 'ชุดทดสอบ Atterberg limit', '37,970.-', 'S6106-0902-0016.pdf', 13, 13, 6, '2018-10-10', '2018-10-10', 1),
(2577, '6106 0902 0017', 'ชุดทดสอบวัดความเป็นกรดด่างในดิน แบบสนาม (เครื่องวัดความเป็นกรดด่างพร้อมอุปกรณ์)', '45,000.-', 'S6106-0902-0017.pdf', 13, 13, 6, '2018-10-10', '2018-10-10', 1),
(2578, '6106 0902 0018', 'เครื่องวัดคุณภาพน้ำ แบบหัวรวม', '170,000.-', 'S6106-0902-0018.pdf', 13, 13, 6, '2018-10-10', '2018-10-10', 1),
(2579, '6107 0104 0019', 'เก้าอี้ทำงาน แบบสำหรับเจ้าหน้าที่', '2,865.-', 'S6107-0104-0019.pdf', 3, 43, 2, '2018-10-10', '2018-10-10', 1),
(2580, '6107 0104 0020', 'โต๊ะทำงาน แบบที่ 2 (ขนาด 1500 x 800 x 750 มม.)', '4,900.-', 'S6107-0104-0020.pdf', 3, 42, 2, '2018-10-10', '2018-10-10', 2),
(2581, '6107 0104 0021', 'โต๊ะประชุมพร้อมเก้าอี้ ขนาด 20 ที่นั่ง', '86,790.-', 'S6107-0104-0021.pdf', 3, 42, 2, '2018-10-10', '2018-10-10', 2),
(2582, 'SC-01-2555', 'ตู้ไม้เก็บเอกสารทรงเตี้ย ขนาด 80x40x81 ซม.', '', 'SC-01-2555.pdf', 3, 44, 2, '2017-04-07', '2017-04-07', 1),
(2583, 'SC-01-2556', 'ตู้เหล็กเก็บเอกสาร ชนิดบานเลื่อนกระจก', '3,500.-', 'SC-01-2556.pdf', 3, 44, 2, '2017-04-07', '2017-04-07', 1),
(2584, 'SC-01-2559 ', 'พาร์ทิชั่นทึบแบบมีกล่องไฟล่าง (ขนาด 80 x 100 ซม. , 90 x 100 ซม. , 120 x 100 ซม. , 150 x 100 ซม. , 130 x 100 ซม. , 80 x 150 ซม.)', '', 'SC-01-2559.pdf', 3, 39, 2, '2017-04-20', '2017-04-19', 1),
(2585, 'SC-02-2556', 'ตู้เหล็กเก็บเอกสาร ชนิดบานทึบ', '3,500.-', 'SC-02-2556.pdf', 3, 44, 2, '2017-04-07', '2017-04-07', 1),
(2586, 'SC-03-2556', 'ตู้เก็บเอกสารทรงเตี้ยสูง 2 ชั้น ชนิดบานโล่ง', '2,500.-', 'SC-03-2556.pdf', 3, 44, 2, '2017-04-07', '2017-04-07', 1),
(2587, 'SC-04-2556', 'ตู้เก็บอกสารทรงสูง 4 ชั้น ชนิดบานโล่ง', '4,000.-', 'SC-04-2556.pdf', 3, 44, 2, '2017-04-07', '2017-04-07', 1),
(2588, 'SC-04-2559 ', 'เก้าอี้ห้องประชุม', '', 'SC-04-2559.pdf', 3, 43, 2, '2017-04-07', '2017-04-07', 1),
(2589, 'SC-04-2561', 'ถังเก็บน้ำพลาสติก ขนาดบรรจุ 2000 ลิตร', '', 'SC-04-2561.pdf', 3, 47, 2, '2018-05-30', '2018-05-30', 1),
(2590, 'SC-06-2559 ', 'ตู้ไม้เก็บเอกสาร ชนิด 3 ลิ้นชัก แบบล้อเลื่อน ขนาด 410 x 550 x 650 มม.', '', 'SC-06-2559.pdf', 3, 44, 2, '2017-04-07', '2017-04-07', 1),
(2591, 'SC-06-2561', 'เก้าอี้สำหรับผู้บริหาร', '3,370.-', 'SC-06-2561.pdf', 3, 43, 2, '2018-07-25', '2018-07-25', 1),
(2592, 'SC-07-2559 ', 'โต๊ะคอมพิวเตอร์ แบบที่ 3 (ขนาด 1200 x 600 x 750 มม.)', '', 'SC-07-2559.pdf', 3, 42, 2, '2017-04-07', '2017-04-07', 1),
(2593, 'SC-07-2561', 'เก้าอี้สำหรับเจ้าหน้าที่', '2,865.-', 'SC-07-2561.pdf', 3, 43, 2, '2018-07-25', '2018-07-25', 1),
(2594, 'SC-08-2559 ', 'โต๊ะคอมพิวเตอร์ แบบที่ 4 (ขนาด 800 x 600 x 750 มม.)', '', 'SC-08-2559.pdf', 3, 42, 2, '2017-04-07', '2017-04-07', 2),
(2595, 'SC-08-2561', 'โต๊ะทำงาน แบบที่ 2 (1500 x 800 x 750 มม.)', '4,900.-', 'SC-08-2561.pdf', 3, 42, 2, '2018-09-13', '2018-09-13', 1),
(2596, 'SC-09-2559 ', 'ตู้ไม้เก็บเอกสาร 2 ชั้น ชนิดบานโล่ง ขนาด 800 x 400 x 840 มม.', '', 'SC-09-2559.pdf', 3, 44, 2, '2017-04-07', '2017-04-07', 1),
(2597, 'SC-09-2561', 'โต๊ะประชุมพร้อมเก้าอี้ ขนาด 20 ที่นั่ง', '86,790.-', 'SC-09-2561.pdf', 3, 42, 2, '2018-09-13', '2018-09-13', 2),
(2598, 'SC-1-2548', 'เครื่องวัดระยะทางบนแผนที่', '', 'SC-1-2548.pdf', 3, 46, 2, '2017-04-10', '2017-04-10', 1),
(2599, 'SC-1-2550', 'โต๊ะประชุมพร้อมเก้าอี้ ขนาด 10 ที่นั่ง', '40,000.-', 'SC-1-2550.pdf', 3, 42, 2, '2017-04-07', '2017-04-07', 2),
(2600, 'SC-1-2551', 'ตู้ไม้เก็บเอกสารทรงเตี้ย', '2,000.-', 'SC-1-2551.pdf', 3, 44, 2, '2017-04-07', '2017-04-07', 1),
(2601, 'SC-1-2553', 'เครื่องกรองน้ำ แบบที่ 1 (กรอง 2 ท่อ)', '4,500.-', 'SC-1-2553.pdf', 3, 47, 2, '2017-04-10', '2017-04-10', 1),
(2602, 'SC-1-2557', 'ตู้เหล็กเก็บของ 2 บาน', '5,500.-', 'SC-1-2557.pdf', 3, 44, 2, '2017-04-07', '2017-04-07', 1),
(2603, 'SC-1-2558', 'ตู้เหล็กเก็บเอกสาร ชนิดบานเลื่อนทึบ ขนาด 150x45x90 ซม.', '4,800.-', 'SC-1-2558.pdf', 3, 44, 2, '2017-04-07', '2017-04-07', 1),
(2604, 'SC-10-2548', 'เก้าอี้พลาสติกอเนกประสงค์ ชนิดไม่มีเท้าแขน', '', 'SC-10-2548.pdf', 3, 43, 2, '2017-04-07', '2017-04-07', 1),
(2605, 'SC-10-2553', 'โต๊ะพับเอนกประสงค์ (ขนาด 1800 x 600 x 750 มม.)', '2,500.-', 'SC-10-2553.pdf', 3, 42, 2, '2017-04-07', '2017-04-07', 1),
(2606, 'SC-10-2556 ', 'ตู้ไม้เก็บเอกสารชนิดบานเลื่อนทึบ ขนาด 800 x 400 x 840 มม.', '', 'SC-10-2559.pdf', 3, 44, 2, '2017-04-07', '2017-04-07', 2),
(2607, 'SC-11-2548', 'ชั้นวางเอกสารแบบถอดได้ ชนิด 4 ชั้น', '', 'SC-11-2548.pdf', 3, 45, 2, '2017-04-10', '2017-04-10', 1),
(2608, 'SC-11-2551', 'โต๊ะทำงาน แบบที่ 3 (1600 x 800 x 750)', '7,000.-', 'SC-11-2551.pdf', 3, 42, 2, '2017-04-07', '2017-04-07', 1),
(2609, 'SC-11-2553', 'โต๊ะพับเอนกประสงค์ (ขนาด 1800 x 450 x 750 มม.)', '2,000.-', 'SC-11-2553.pdf', 3, 42, 2, '2017-04-07', '2017-04-07', 1),
(2610, 'SC-11-2559 ', 'ตู้ไม้เก็บเอกสาร 2 ชั้น ชนิดบางโล่ง ขนาด 400 x 400 x 840 มม.', '', 'SC-11-2559.pdf', 3, 44, 2, '2017-04-07', '2017-04-07', 1),
(2611, 'SC-12-2551', 'โต๊ะทำงาน แบบที่ 4 (1800 x 800 x 750)', '7,500.-', 'SC-12-2551.pdf', 3, 42, 2, '2017-04-07', '2017-04-07', 1),
(2612, 'SC-12-2553', 'เก้าอี้เลคเชอร์', '1,000.-', 'SC-12-2553.pdf', 3, 43, 2, '2017-04-07', '2017-04-07', 1),
(2613, 'SC-12-2559 ', 'ตู้ไม้เก็บเอกสารชนิดบานเปิด-ปิดทึบ ขนาด 800 x 400 x 840 มม.', '', 'SC-12-2559.pdf', 3, 44, 2, '2017-04-07', '2017-04-07', 1),
(2614, 'SC-13-2551', 'โต๊ะคอมพิวเตอร์ แบบที่ 1 (800 x 600 x 750)', '3,000.-', 'SC-13-2551.pdf', 3, 42, 2, '2017-04-07', '2017-04-07', 1),
(2615, 'SC-13-2553', 'ตู้ทำน้ำเย็น-น้ำร้อน (แบบคว่ำถัง)', '5,000 - 8,000.-', 'SC-13-2553.pdf', 3, 44, 2, '2017-04-07', '2017-04-07', 1),
(2616, 'SC-13-2559 ', 'ตู้ไม้เก็บเอกสารชนิดครึ่งบนบานโล่ง-ครึ่งล่างบานเลื่อนทึบ ขนาด 800 x 400 x 1600 มม.', '', 'SC-13-2559.pdf', 3, 44, 2, '2017-04-07', '2017-04-07', 2),
(2617, 'SC-14-2551', 'โต๊ะคอมพิวเตอร์ แบบที่ 2 (1200 x 600 x 750)', '5,500.-', 'SC-14-2551.pdf', 3, 42, 2, '2017-04-07', '2017-04-07', 1),
(2618, 'SC-14-2553', 'ตู้ทำน้ำเย็น-น้ำร้อน พร้อมเครื่องกรองแบบตั้งพื้น', '16,500 - 20,000.', 'SC-14-2553.pdf', 3, 44, 2, '2017-04-07', '2017-04-07', 1),
(2619, 'SC-15-2551', 'โต๊ะทำงานขาเหล็ก แบบที่ 1 (1200 x 600 x 750)', '6,000.-', 'SC-15-2551.pdf', 3, 42, 2, '2017-04-07', '2017-04-07', 1),
(2620, 'SC-15-2553', 'เก้าอี้สำหรับห้องประชุมแบบมีเลคเชอร์', '6,000 - 8,500.-', 'SC-15-2553.pdf', 3, 43, 2, '2017-04-07', '2017-04-07', 1),
(2621, 'SC-15-2559 ', 'ถังดักไขมัน ขนาด 4,000 ลิตร', '', 'SC-15-2559.pdf', 3, 47, 2, '2017-04-10', '2017-04-10', 1),
(2622, 'SC-16-2551', 'โต๊ะพับเอนกประสงค์ (1800 x 800 x750 มม.)', '3,000.-', 'SC-16-2551.pdf', 3, 42, 2, '2017-04-07', '2017-04-07', 1),
(2623, 'SC-16-2553', 'ม่านปรับแสงแนวตั้ง', 'ตารางหลาละ 500 -', 'SC-16-2553.pdf', 3, 47, 2, '2017-04-10', '2017-04-10', 3),
(2624, 'SC-16-2559 ', 'ถังเก็บน้ำ บรรจุ 2,000 ลิตร', '', 'SC-16-2559.pdf', 3, 47, 2, '2017-04-10', '2017-04-10', 1),
(2625, 'SC-16-2561', 'โต๊ะคอมพิวเตอร์ ขนาด 1,500 x 800 x 750 มม.', '7,340.-', 'SC-16-2561.pdf', 3, 42, 2, '2018-10-19', '2018-11-07', 2),
(2626, 'SC-17-2551', 'ตู้ทำน้ำเย็น', '4,000.-', 'SC-17-2551.pdf', 3, 47, 2, '2017-04-10', '2017-04-10', 1),
(2627, 'SC-17-2561', 'โต๊ะคอมพิวเตอร์ ขนาด 1,350 x 750 x 750 มม.', '6,500.-', 'SC-17-2561.pdf', 3, 42, 2, '2018-10-19', '2018-11-07', 2),
(2628, 'SC-18-2551', 'อ่างล้างภาชนะชนิด 2 หลุม (ซิงค์)', '5,000.-', 'SC-18-2551.pdf', 3, 47, 2, '2017-04-10', '2017-04-10', 1),
(2629, 'SC-19-2551', 'แท่นยืนบรรยายเอนกประสงค์ (โพเดียม)', '4,000.-', 'SC-19-2551.pdf', 3, 47, 2, '2017-04-10', '2017-04-10', 1),
(2630, 'SC-2-2548', 'เครื่องคำนวณเลขไฟฟ้าชนิดตั้งโต๊ะแบบ 14 หลัก', '', 'SC-2-2548.pdf', 3, 46, 2, '2017-04-10', '2017-04-10', 1),
(2631, 'SC-2-2551', 'ตู้ไม้เก็บเอกสารขนาดกลาง', '2,500.-', 'SC-2-2551.pdf', 3, 44, 2, '2017-04-07', '2017-04-07', 1),
(2632, 'SC-2-2552', 'เครื่องมือวัดพื้นที่และความยาวแบบแสดงตัวเลข', '55,000.-', 'SC-2-2552.pdf', 3, 46, 2, '2017-04-10', '2017-04-10', 1),
(2633, 'SC-2-2553', 'เครื่องกรองน้ำ แบบที่ 2 (ระบบกรอง 4 ขั้นตอน UV)', '5,500.-', 'SC-2-2553.pdf', 3, 47, 2, '2017-04-10', '2017-04-10', 1),
(2634, 'SC-2-2557', 'เครื่องนับธนบัตรแบบตั้งโต๊ะ', '23,000.-', 'SC-2-2557.pdf', 3, 47, 2, '2017-04-10', '2017-04-10', 1),
(2635, 'SC-2-2558', 'ตู้เหล็กเก็บเอกสาร ชนิดบานเลื่อนกระจก ขนาด 150x45x90 ซม.', '4,800.-', 'SC-2-2558.pdf', 3, 44, 2, '2017-04-07', '2017-04-07', 1),
(2636, 'SC-20-2551', 'เก้าอี้เอนกประสงค์', '500.-', 'SC-20-2551.pdf', 3, 43, 2, '2017-04-07', '2017-04-07', 1),
(2637, 'SC-21-2551', 'บอร์ดฟลิบชาร์ท พร้อมขาตั้ง', '2,000.-', 'SC-21-2551.pdf', 3, 47, 2, '2017-04-10', '2017-04-10', 1),
(2638, 'SC-22-2551', 'บอร์ดโปสเตอร์ (ประชาสัมพันธ์)', '2,000.-', 'SC-22-2551.pdf', 3, 47, 2, '2017-04-10', '2017-04-10', 1),
(2639, 'SC-3-2548', 'โต๊ะทำงานเหล็ก ขนาด 6 ฟุต', '', 'SC-3-2548.pdf', 3, 42, 2, '2017-04-07', '2017-04-07', 1),
(2640, 'SC-3-2551', 'ตู้ไม้เก็บเอกสารชนิดตู้เสริมข้างแบบล้อเลื่อน', '3,000.-', 'SC-3-2551.pdf', 3, 44, 2, '2017-04-07', '2017-04-07', 1),
(2641, 'SC-3-2552 ', 'ผ้าม่าน หน้าต่าง-ประตู', 'ราคาโดยประมาณ', 'SC-3-2552.pdf', 3, 47, 2, '2017-04-10', '2017-04-10', 1),
(2642, 'SC-3-2557', 'เครื่องกรองน้ำใส 2 ระบบ', '120,000.-', 'SC-3-2557.pdf', 3, 47, 2, '2017-04-10', '2017-04-10', 1),
(2643, 'SC-4-2548', 'โต๊ะทำงานเหล็ก ขนาด 5 ฟุต', '', 'SC-4-2548.pdf', 3, 42, 2, '2017-04-07', '2017-04-07', 1),
(2644, 'SC-4-2551', 'ตู้ไม้เก็บเอกสารชนิดสามลิ้นชักแบบล้อเลื่อน', '3,500.-', 'SC-4-2551.pdf', 3, 44, 2, '2017-04-07', '2017-04-07', 1),
(2645, 'SC-4-2553', 'ตู้เหล็กเก็บเอกสาร ชนิด 15 ลิ้นชัก', '4,500.-', 'SC-4-2553.pdf', 3, 44, 2, '2017-04-07', '2017-04-07', 1),
(2646, 'SC-5-2548', 'โต๊ะทำงานเหล็ก ขนาด 4.5 ฟุต', '', 'SC-5-2548.pdf', 3, 42, 2, '2017-04-07', '2017-04-07', 1),
(2647, 'SC-5-2551', 'โต๊ะทำงานผู้บริหารแบบต่อข้างขาเหล็ก', '16,000.-', 'SC-5-2551.pdf', 3, 42, 2, '2017-04-07', '2017-04-07', 1),
(2648, 'SC-5-2553', 'ตู้เหล็กเก็บเอกสาร ประเภทบานพับ ชนิด 2 ประตู', '4,500.-', 'SC-5-2553.pdf', 3, 44, 2, '2017-04-07', '2017-04-07', 1),
(2649, 'SC-6-2548', 'โต๊ะทำงานเหล็ก ขนาด 4 ฟุต', '4,000.-', 'SC-6-2548.pdf', 3, 42, 2, '2017-04-07', '2017-04-07', 1),
(2650, 'SC-6-2551', 'เครื่องคิดเลขชนิดตั้งโต๊ะ', '300.-', 'SC-6-2551.pdf', 3, 46, 2, '2017-04-10', '2017-04-10', 1),
(2651, 'SC-7-2548', 'โต๊ะทำงานเหล็ก ขนาด 3.5 ฟุต', '', 'SC-7-2548.pdf', 3, 42, 2, '2017-04-07', '2017-04-07', 1),
(2652, 'SC-7-2550', 'ตู้เหล็กเก็บเอกสารชนิดรางเลื่อน', '55,000.-', 'SC-7-2550.pdf', 3, 44, 2, '2017-04-07', '2017-04-07', 1),
(2653, 'SC-7-2553', 'เก้าอี้ปฏิบัติงานห้องแล็บ (เก้าอี้บาร์ , สตู)', '1,200.-', 'SC-7-2553.pdf', 3, 43, 2, '2017-04-07', '2017-04-07', 1),
(2654, 'SC-8-2548', 'ชั้นเหล็กเก็บแฟ้มเอกสารแบบ 4 ชั้น ชนิดมีลูกล้อ', '', 'SC-8-2548.pdf', 3, 45, 2, '2017-04-10', '2017-04-10', 1),
(2655, 'SC-8-2553', 'เตียงนอนเหล็ก (ขนาด 3.5 , 5 , 6 ฟุต)', '	 3,500.- (ขนาด ', 'SC-8-2553.pdf', 3, 41, 2, '2017-04-07', '2017-04-07', 1),
(2656, 'SC-9-2548', 'ตู้เหล็กเอนกประสงค์ ชนิด 1 บานประตู และ 4 ลิ้นชัก', '', 'SC-9-2548.pdf', 3, 44, 2, '2017-04-07', '2017-04-07', 1),
(2657, 'SC-9-2551', 'โต๊ะทำงาน แบบที่ 1 (1200 x 600 x 750)', '4,500.-', 'SC-9-2551.pdf', 3, 42, 2, '2017-04-07', '2017-04-07', 1),
(2658, 'SC-9-2553', 'ที่นอน (ขนาด 3.5 , 5 , 6 ฟุต)', '3,000.- (ขนาด 3.', 'SC-9-2553.pdf', 3, 40, 2, '2017-04-07', '2017-04-07', 1),
(2659, 'T-02/46', '	ตู้สาขาโทรศัพท์อัตโนมัติ ขนาด 4 x 48 เลขหมาย พร้อมอุปกรณ์', '300,000.-', 'T-02-46.pdf', 2, 38, 1, '2017-07-11', '2017-07-13', 1),
(2660, 'T-03/46', 'ตู้สาขาโทรศัพท์อัตโนมัติ ขนาด 4 x 32 เลขหมาย', '200,000.-', 'T-03-46.pdf', 2, 38, 1, '2017-07-11', '2017-07-13', 1),
(2661, 'ต0030', 'เครื่องวัดความยุบตัวของคอนกรีต', '', 't0030.pdf', 13, 13, 6, '2017-04-11', '2017-04-11', 1),
(2662, '﻿DSD-BM-01-2558', 'หมุดหลักฐานอ้างอิง (Reference Benchmark / Permanent Survey Monument)', '-', 'DSD-BM-01-2558.pdf', 12, 57, 5, '2017-04-10', '2017-04-10', 2),
(2663, '﻿DTS5-2539', 'กล้องวัดมุมอิเลคทรอนิค ค่ามุม 10 ฟิลิบดา', '85,000.-', 'DTS5-2539.pdf', 11, 11, 4, '2017-04-10', '2019-09-18', 2),
(2664, '﻿S517-0901-1210/', 'เครื่องเจาะโลหะแบบตั้งโต๊ะ ขนาด 13 มม.(1/2\")', '6,000.-', 'S517-0901-1210-2-46.pdf', 10, 56, 3, '2017-04-10', '2017-04-10', 1),
(2665, '﻿S520-0704-0411', 'เครื่องมือวัดการรับแรงด้านข้างของหินในหลุมเจาะสำรวจ (Lateral Load Tester)', '4,000,000.-', 'S520-0704-0411.pdf', 11, 11, 4, '2017-04-10', '2017-04-10', 1),
(2666, '﻿S523-1102-0203-', 'กล้องวัดมุมอิเลคทรอนิค(อ่านได้ละเอียด 20 ฟิลิบดา)', '80,000.-', 'S523-1102-0203-2546.pdf', 11, 11, 4, '2017-04-10', '2019-09-18', 2),
(2667, '﻿S523-1108-1999', 'เครื่องวัดพิกัดจากสัญญาณดาวเทียม GPS แบบมือถือ', '20,000.-', 'S523-1108-1999.pdf', 11, 11, 4, '2017-04-10', '2017-04-10', 1),
(2668, '﻿S523-1114-0499 ', 'เต็นท์ผ้าใบแบบทรงโค้ง ขนาดกว้าง 5 เมตร ยาว 6 เมตร สูง 2.5 เมตร พร้อมผ้าใบบังแดดด้านข้าง', '35,800.-', 'S523-1114-0499.pdf', 11, 11, 4, '2017-04-10', '2017-04-10', 1),
(2669, '﻿S523-1115-9905 ', 'เต็นท์ผ้าใบแบบทรงโค้ง ขนาดกว้าง 5 เมตร ยาว 12 เมตร สูง 2.5 เมตร', '40,000.-', 'S523-1115-9905.pdf', 11, 11, 4, '2017-04-10', '2017-04-10', 1),
(2670, '﻿S5321-0101-0213', 'เครื่องปรับอากาศแบบแยกส่วน ชนิดตั้งพื้นหรือแขวน ขนาด 13,000 บีทียูต่อชั่วโมง', '23,000.-*', 'S5321-0101-0213-3(09-2559).pdf', 4, 4, 3, '2017-04-10', '2017-04-10', 2),
(2671, '﻿S5321-0406-0205', 'เครื่องผสมคอนกรีต ขับด้วยมอเตอร์ไฟฟ้า ขนาด 50 ลิตร', '35,000.-', 'S5321-0406-0205-1.pdf', 8, 8, 3, '2017-04-10', '2017-04-10', 2),
(2672, '﻿SC-02-2559 ', 'พาร์ทิชั่นทึบครึ่งกระจกใสแบบมีกล่องไฟล่าง ขนาด 100 x 150 ซม. กระจกใสสูง 50 ซม.', '9,700.-', 'SC-02-2559.pdf', 3, 39, 2, '2017-04-07', '2023-08-21', 1),
(2673, '﻿SC-14-2559 ', 'โต๊ะประชุมแบบหัวโค้ง (ขนาด 3600 x 1200 x 750 มม.)', '', 'SC-14-2559.pdf', 3, 42, 2, '2017-04-07', '2017-04-07', 1),
(2674, '6105 0904 0079', 'เครื่องวัดน้ำฝนอัตโนมัติแบบกระดก (ใช้งานสำหรับระบบโทรมาตร)', '120,000.-', '6105-0904-0079.pdf', 12, 68, 5, '2018-11-07', '2018-11-07', 1),
(2675, '6103 0201 0054', 'รถลากจูง ขนาด 50 ตัน พร้อมรถกึ่งพ่วงแบบพื้นระวางต่ำ (LOW BED SEMI TRAILER)', 'ติดต่อกลุ่มงาน', '', 6, 83, 3, '2018-11-07', '2018-11-07', 2),
(2676, 'S1505-0999-0362', 'เครื่องพิมพ์เลเซอร์ หรือ LED ขาว-ดำ แบบ  Multifunction สำหรับกระดาษขนาด A4', '9,000.-', 'S1505-0999-0362.pdf', 1, 19, 1, '2018-11-08', '2018-11-08', 1),
(2677, 'S1505-0699-0162', 'เครื่องพิมพ์เลเซอร์ หรือ LED ขาว-ดำ แบบ  Network สำหรับกระดาษขนาด A3', '53,000.-', 'S1505-0699-0162.pdf', 1, 19, 1, '2018-11-08', '2018-11-08', 1),
(2678, 'S1510-0399-0262', 'อุปกรณ์กรณ์จ่ายสัญญาณ L2 Switch ขนาด 24 ช่องสัญญาณ', '21,000.-', 'S1510-0399-0262.pdf', 1, 21, 1, '2018-11-09', '2018-11-09', 1),
(2679, '6101 0101 0084', 'เครื่องทำลายเอกสาร แบบตัดตรงทำลายครั้งละ 20 แผ่น', '30,000.-', '84.6101 0101 0084 เครื่องทำลายเอกสาร แบบตัดตรงทำลายครั้งละ 20 แผ่น.pdf', 15, 15, 7, '2018-11-13', '2018-11-13', 2),
(2680, '6101 0101 0085', 'เครื่องเจาะกระดาษและเข้าเล่ม แบบเจาะกระดาษและเข้าเล่มมือโยก', '12,000.-', '85.6101 0101 0085 เครื่องเจาะกระดาษและเข้าเล่ม แบบเจาะกระดาษและเข้าเล่มมือโยก.pdf', 15, 15, 7, '2018-11-13', '2018-11-13', 1),
(2681, '6101 0101 0086', 'เครื่องเจาะกระดาษและเข้าเล่ม แบบเจาะกระดาษไฟฟ้าและเข้าเล่มมือโยก', '18,000.-', '86.6101 0101 0086 เครื่องเจาะกระดาษและเข้าเล่ม แบบเจาะกระดาษไฟฟ้าและเข้าเล่มมือโยก.pdf', 15, 15, 7, '2018-11-13', '2018-11-13', 2),
(2682, 'S1505-0899-0162', 'เครื่องพิมพ์เลเซอร์ หรือ LED สี สำหรับกระดาษขนาด A3', '159,000.-', 'S1505-0899-0162.pdf', 1, 19, 1, '2018-11-15', '2018-11-15', 1),
(2683, 'S1513-0701-0162', 'เครื่องสำรองไฟฟ้า ขนาด 800VA', '2,500.-', 'S1513-0701-0162.pdf', 1, 22, 1, '2018-11-15', '2018-12-20', 1),
(2684, 'S 5 016 0213 080', 'รถลากจูง ขนาด 50 ตัน', '4,000,000.-', 'รถลากจูง ขนาด 50 ตัน.pdf', 6, 83, 3, '2018-11-26', '2023-02-08', 1),
(2685, 'S 5 016 0213 030', 'รถกึ่งพ่วงแบบพื้นระวางต่ำ (LOW BED SEMI TRAILER)', '1,200,000.-', 'รถกึ่งพ่วงแบบพื้นระวางต่ำ (Low Bed Semi Trailer).pdf', 6, 83, 3, '2018-11-26', '2023-07-05', 1),
(2686, '0255', 'เครื่องตรวจวัดคุณภาพน้ำและควบคุมสาหร่ายในแหล่งน้ำด้วยคลื่นเสียงแบบทุ่นลอยใช้พลังงานแสงอาทิตย์', '2,764,270.-', '0255.pdf', 13, 13, 6, '2018-12-11', '2018-12-11', 1),
(2687, '0256', 'เครื่องควบคุมสาหร่ายในแหล่งน้ำด้วยคลื่นเสียงแบบทุ่นลอยใช้พลังงานแสงอาทิตย์', '2,010,770.-', '0256.pdf', 13, 13, 6, '2018-12-11', '2018-12-11', 1),
(2688, '0257', 'เครื่องกด CBR ขนาด 10 ตัน', '978,830.-', '0257.pdf', 13, 13, 6, '2018-12-17', '2018-12-17', 1),
(2689, '0258', 'ชุดทดสอบความหนาแน่นของดินในห้องปฏิบัติการ แบบอัตโนมัติ', '272,330.-', '0258.pdf', 13, 13, 6, '2018-12-17', '2018-12-17', 1),
(2690, 'S520-1101-0002', 'เครื่องมือสำรวจธรณีฟิสิกส์ชนิดวัดความต้านทานไฟฟ้า (Electrical Resistivity Imaging) พร้อมอุปกรณ์', '-', 'S520-1101-0002.pdf', 11, 11, 4, '2018-12-26', '2018-12-26', 1),
(2691, 'S520-1101-0001', 'เครื่องมือสำรวจธรณีฟิสิกส์แบบวัดคลื่นไหวสะเทือน (Exploration Seismograph) พร้อมอุปกรณ์', '-', 'S520-1101-0001.pdf', 11, 11, 4, '2018-12-26', '2018-12-26', 1),
(2692, 'S520-1101-0003', 'เครื่องมือสำรวจธรณีฟิสิกส์ชนิดเรด้าห์หยั่งลึก (Ground Penetration Radar) พร้อมอุปกรณ์', '-', 'S520-1101-0003.pdf', 11, 11, 4, '2018-12-26', '2018-12-26', 1),
(2693, 'S520-1101-0004', 'เครื่องมือสำรวจธรณีฟิสิกส์ชนิดเรด้าห์หยั่งลึก (Ground Penetration Radar) สำหรับงานคอนกรีต พร้อมอุปกรณ์', '-', 'S520-1101-0004.pdf', 11, 11, 4, '2018-12-26', '2018-12-26', 1),
(2694, '0259', 'เครื่องเก็บตัวอย่างตะกอนดินแบบย่อ', '143,000.-', '0259.pdf', 13, 13, 6, '2019-01-24', '2019-01-24', 1),
(2695, '6201 0101 0002', 'เครื่องพิมพ์สำเนาระบบดิจิตอล แบบความละเอียด 300 x 300 จุดต่อตารางนิ้ว', '90,000.-', '6201-0101-0002.pdf', 15, 15, 7, '2019-01-31', '2019-01-31', 2),
(2696, '6201 0101 0003', 'เครื่องพิมพ์สำเนาระบบดิจิตอล แบบความละเอียด 300 x 400 จุดต่อตารางนิ้ว', '130,000.-', '6201-0101-0003.pdf', 15, 15, 7, '2019-01-31', '2019-01-31', 2),
(2697, '6201 0101 0004', 'เครื่องพิมพ์สำเนาระบบดิจิตอล แบบความละเอียด 300 x 600 จุดต่อตารางนิ้ว', '180,000.-', '6201-0101-0004.pdf', 15, 15, 7, '2019-01-31', '2019-01-31', 2),
(2698, '6201 0101 0005', 'เครื่องพิมพ์สำเนาระบบดิจิตอล แบบความละเอียด 400 x 400 จุดต่อตารางนิ้ว', '180,000.-', '6201-0101-0005.pdf', 15, 15, 7, '2019-01-31', '2019-01-31', 2),
(2699, '6201 0101 0006', 'เครื่องถ่ายเอกสารระบบดิจิตอล  แบบความเร็ว 20 แผ่นต่อนาที', '100,000.-', '6201-0101-0006.pdf', 15, 15, 7, '2019-01-31', '2019-01-31', 2),
(2700, '6201 0101 0007', 'เครื่องถ่ายเอกสารระบบดิจิตอล  แบบความเร็ว 30 แผ่นต่อนาที', '120,000.-', '6201-0101-0007.pdf', 15, 15, 7, '2019-01-31', '2019-01-31', 2),
(2701, '6201 0101 0008', 'เครื่องถ่ายเอกสารระบบดิจิตอล แบบความเร็ว 40 แผ่นต่อนาที', '180,000.-', '6201-0101-0008.pdf', 15, 15, 7, '2019-01-31', '2019-01-31', 2),
(2702, '6201 0101 0009', 'เครื่องถ่ายเอกสารระบบดิจิตอล แบบความเร็ว 50 แผ่นต่อนาที', '200,000.-', '6201-0101-0009.pdf', 15, 15, 7, '2019-01-31', '2019-01-31', 2),
(2703, '6201 0101 0010', 'เครื่องถ่ายเอกสารระบบดิจิตอล แบบความเร็ว 75 แผ่นต่อนาที', '350,000.-', '6201-0101-0010.pdf', 15, 15, 7, '2019-01-31', '2019-01-31', 1),
(2704, '6204 0802 0001', 'ชุดเจาะระเบิดหินชนิดตีนตะขาบ ขับดีเซลพร้อมเครื่องอัดลมและเครื่องสูบน้ำ (CRAWLER ROCK DRILL)', '18,500,000.-', '6204-0802-0001.pdf', 11, 11, 4, '2019-01-31', '2019-01-31', 1),
(2705, '6201 0402 0011', 'เครื่องมัลติมีเดียโปรเจคเตอร์ ระดับ XGA ขนาด 5,000 ANSI Lumens', '49,900.-', 'Spce 6201 0402 0011.pdf', 14, 76, 7, '2019-02-05', '2024-10-09', 1),
(2706, '6201 0404 0012', 'โทรทัศน์ แอล อี ดี  (LED TV) แบบ Smart TV ระดับความละเอียดจอภาพ 3840 x 2160 พิกเซล  ขนาด 49 นิ้ว', '16,700.-', '6201-0404-0012.pdf', 14, 79, 7, '2019-02-05', '2021-11-19', 1),
(2707, '6201 0404 0013', 'โทรทัศน์ แอล อี ดี  (LED TV) แบบ Smart TV ระดับความละเอียดจอภาพ 3840 x 2160 พิกเซล  ขนาด 50 นิ้ว', '19,000.-', '6201-0404-0013.pdf', 14, 79, 7, '2019-02-05', '2024-08-16', 1),
(2708, '6201 0404 0014', 'โทรทัศน์ แอล อี ดี  (LED TV) แบบ Smart TV ระดับความละเอียดจอภาพ 3840 x 2160 พิกเซล  ขนาด 55 นิ้ว', '23,000.-', '6201-0404-0014.pdf', 14, 79, 7, '2019-02-05', '2024-08-16', 1),
(2709, '6201 0101 0015', 'เครื่องถ่ายเอกสารสีระบบดิจิตอล แบบความเร็ว 20 แผ่นต่อนาที    ', '120,000.-', '6201-0101-0015.pdf', 15, 15, 7, '2019-02-06', '2019-02-06', 2),
(2710, '6201 0101 0016', 'เครื่องถ่ายเอกสารสีระบบดิจิตอล แบบความเร็ว 30 แผ่นต่อนาที', '250,000.-', '6201-0101-0016.pdf', 15, 15, 7, '2019-02-06', '2019-02-06', 2),
(2711, '6201 0101 0017', 'เครื่องถ่ายเอกสารสีระบบดิจิตอล แบบความเร็ว 40 แผ่นต่อนาที', '350,000.-', '6201-0101-0017.pdf', 15, 15, 7, '2019-02-06', '2019-02-06', 2),
(2712, '6201 0101 0018', 'เครื่องถ่ายเอกสารสีระบบดิจิตอล แบบความเร็ว 50 แผ่นต่อนาที', '450,000.-', '6201-0101-0018.pdf', 15, 15, 7, '2019-02-06', '2019-02-06', 2),
(2713, 'S1201', 'testddddddddd', '12345', '', 1, 1, 1, '2019-02-17', '2019-02-17', 3);
INSERT INTO `equipment` (`Equipment_id`, `Equipment_code`, `Equipment_details`, `Price`, `File_path_pdf`, `Category_id`, `Sub_category_id`, `Dep_id`, `Created_date`, `Update_date`, `Equipment_status`) VALUES
(2714, '6203 0701 0020', 'รถผสมคอนกรีต ขนาด 6 คิว (10 ล้อ)', '4,000,000.-', '6203-0701-0020.pdf', 8, 8, 3, '2019-02-26', '2019-02-26', 2),
(2715, '6203 0201 0024', 'รถบรรทุก (ดีเซล) ขนาด 6 ตัน 6 ล้อ ปริมาตรกระบอกสูบไม่ต่ำกว่า 6,000 ซีซี หรือกำลังเครื่องยนต์สูงสุดไม่ต่ำกว่า 170 กิโลวัตต์ แบบบร', '2,5000,000.-', '6203-0201-0024.pdf', 6, 83, 3, '2019-02-26', '2019-11-20', 2),
(2716, 'test', 'yyyyyyy', '', 'eeee.pdf', 1, 1, 1, '2019-02-26', '2019-02-26', 3),
(2717, 'test', 'ttttt', '', 'S1504-0503-0161.pdf', 1, 1, 1, '2019-02-26', '2019-02-26', 3),
(2718, '3333', '3333', '3333', '', 1, 1, 1, '2019-02-26', '2019-02-26', 3),
(2719, 'test', '0000', '', '6203-0201-0024.pdf', 1, 1, 1, '2019-02-26', '2019-02-26', 3),
(2720, 'test', 'test', '', '6203-0201-0024.pdf', 1, 1, 1, '2019-02-26', '2019-02-26', 3),
(2721, '0260', 'ชุด Mold สำหรับทดสอบดินซีเมนต์ปรับปรุงคุณภาพด้วยยางธรรมชาติ', '77,680.-', '0260.pdf', 13, 13, 6, '2019-03-04', '2019-03-04', 2),
(2722, '0261', 'ชุดทดสอบ CBR แบบมอเตอร์ไฟฟ้า', '485,000.-', '0261.pdf', 13, 13, 6, '2019-03-04', '2019-03-04', 1),
(2723, '0262', 'เครื่องทดสอบความสึกกร่อน', '241,660.-', '0262.pdf', 13, 13, 6, '2019-03-04', '2019-03-04', 1),
(2724, '0263', 'ชุดทดสอบหาขนาดคละของเม็ดดิน', '125,000.-', '0263.pdf', 13, 13, 6, '2019-03-04', '2019-03-04', 1),
(2725, '0264', 'เครื่องเก็บตัวอย่างตะกอนดิน (Grab Sampler)', '63,510.-', '0264.pdf', 13, 13, 6, '2019-03-04', '2019-03-04', 1),
(2726, '6202 0311 0023', 'เครื่องบันทึกภาพดิจิตอล (DVR) ขนาด 16 จุด', '22,000.-', '6202-0311-0023.PDF', 1, 1, 1, '2019-03-08', '2019-03-08', 1),
(2727, '6202 0304 0028', 'เสาอากาศวิทยุชนิดโครงสร้างสามเหลี่ยมแบบ SELF SUPPORT ความสูง 60 ม.', '1,979,500.-', '6202-0304-0028.PDF', 2, 36, 1, '2019-03-08', '2019-03-08', 1),
(2728, '6202 1006 0022', 'อุปกรณ์กระจายสัญญาณไร้สาย (Access Point) แบบที่ 1', '5,700.-', '6202-1006-0022.PDF', 1, 21, 1, '2019-03-08', '2019-03-08', 1),
(2729, '6202 1006 0027', 'อุปกรณ์กระจายสัญญาณแบบบริหารจัดการได้ ขนาด 8 ช่องสัญญาณ', '5,200.-', '6202-1006-0027.PDF', 1, 21, 1, '2019-03-08', '2019-03-08', 1),
(2730, '6202 1009 0021', 'ตู้สำหรับจัดเก็บเครื่องคอมพิวเตอร์และอุปกรณ์ ขนาด 6U', '4,700.-', '6202-1009-0021.PDF', 1, 24, 1, '2019-03-08', '2019-03-08', 1),
(2731, 'S1513-0702-0262', 'เครื่องสำรองไฟฟ้า (UPS) ขนาด 1 KVA', '5,900.-', 'S1513-0702-0262.pdf', 1, 22, 1, '2019-03-08', '2019-03-08', 1),
(2732, 'S0101-9905-0262', 'เครื่องโทรสารแบบใช้กระดาษธรรมดา (Multifuction)', '12,000.-', 'S0101-9905-0262.pdf', 2, 28, 1, '2019-03-08', '2019-03-08', 1),
(2733, '0265', 'เครื่องเขย่าตะแกรงมวลหยาบ แบบใช้มอเตอร์ไฟฟ้า', '372,330.-', '0265.pdf', 13, 13, 6, '2019-03-21', '2019-03-21', 1),
(2734, '0266', 'เครื่องสั่นคอนกรีตในห้องทดลอง แบบใช้ไฟฟ้า', '65,500.-', '0266.pdf', 13, 13, 6, '2019-03-21', '2019-03-21', 1),
(2735, 'SC-01-2562', 'ถังเก็บน้ำไฟเบอร์กลาส ชนิดวางบนดิน', '11,600.-', 'SC-01-2562.pdf', 3, 47, 2, '2019-03-25', '2019-03-25', 1),
(2736, '0267', 'เครื่องชั่งขนาด 100 กิโลกรัม มีความละเอียด 20 กรัม', '18,330.-', '0267.pdf', 13, 13, 6, '2019-04-03', '2019-04-03', 1),
(2737, '0268', 'เครื่องชั่งขนาด 1,500 กรัม มีความละเอียด 0.5 กรัม', '12,540.-', '0268.pdf', 13, 13, 6, '2019-04-03', '2019-04-03', 1),
(2738, '0269', 'เครื่องชั่งขนาด 8,000 กรัม มีความละเอียด 0.1 กรัม', '45,360.-', '0269.pdf', 13, 13, 6, '2019-04-03', '2019-04-03', 1),
(2739, '0270', 'เครื่องชั่งขนาด 3,000 กรัม มีความละเอียด 0.01 กรัม', '23,770.-', '0270.pdf', 13, 13, 6, '2019-04-03', '2019-04-03', 1),
(2740, '0271', 'เครื่องดันตัวอย่างดิน', '19,510.-', '0271.pdf', 13, 13, 6, '2019-04-19', '2019-04-19', 1),
(2741, '0272', 'ชุดทดสอบหาความหนาแน่นของทราย', '619,660.-', '0272.pdf', 13, 13, 6, '2019-04-19', '2019-04-19', 1),
(2742, '6202 1001 0034', 'เครื่องคอมพิวเตอร์แบบ All In One สำหรับงานประมวลผล พร้อมชุดโปรแกรมระบบปฏิบัติการ', '26,800.-', '6202-1001-0034.pdf', 1, 17, 1, '2019-04-25', '2019-05-02', 1),
(2743, '6202 1001 0033', 'เครื่องคอมพิวเตอร์แบบ โน้ตบุ๊ก สำหรับงานสำนักงาน พร้อมชุดโปรแกรมระบบปฏิบัติการ', '19,800.-', '6202-1001-0033.pdf', 1, 17, 1, '2019-04-25', '2019-05-02', 1),
(2744, '6202 1001 0039', 'เครื่องคอมพิวเตอร์สำหรับงานสำนักงาน พร้อมชุดโปรแกรมระบบปฏิบัติการ', '20,800.-', '6202-1001-0039.pdf', 1, 17, 1, '2019-04-25', '2019-05-02', 1),
(2745, '6202 0307 0038', 'ระบบห้องประชุมทางไกลผ่านวีดิทัศน์ (Video Conference) ขนาดผู้เข้าร่วมประชุม 10 ท่าน', '425,000.-', '6202-0307-0038.pdf', 2, 37, 1, '2019-04-25', '2020-04-07', 2),
(2746, '6202 1006 0037', 'อุปกรณ์กระจายสัญญาณแบบบริหารจัดการได้ ขนาด 16 ช่องสัญญาณ', '15,900.-', '6202-1006-0037.pdf', 1, 21, 1, '2019-04-25', '2019-04-25', 2),
(2747, '6202 1001 0032', 'เครื่องคอมพิวเตอร์แบบ โน้ตบุ๊ค สำหรับงานประมวลผล พร้อมชุดโปรแกรมระบบปฏิบัติการ', '25,800.-', '6202-1001-0032.pdf', 1, 17, 1, '2019-04-30', '2019-04-30', 1),
(2748, '6202 0106 0030', 'เครื่องโทรศัพท์แบบ IP PHONE', '2,140.-', '6202-0106-0030.pdf', 2, 29, 1, '2019-04-30', '2019-04-30', 1),
(2749, '22222', 'dfdsfsd', '12345', '', 2, 2, 1, '2019-05-01', '2019-05-01', 3),
(2750, '6202 1001 0035', 'เครื่องคอมพิวเตอร์สำหรับงานประมวลผลแบบที่ 1 พร้อมชุดโปรแกรมระบบปฏิบัติการ', '25,800.-', '6202-1001-0035.pdf', 1, 17, 1, '2019-05-02', '2019-05-02', 1),
(2751, '6202 1001 0041', 'เครื่องคอมพิวเตอร์แบบ Workstation แบบที่ 2 พร้อมชุดโปรแกรมปฏิบัติการ', '100,000.-', '6202-1001-0041.pdf', 1, 17, 1, '2019-05-24', '2019-05-24', 1),
(2752, '6202 1001 0044', 'เครื่องคอมพิวเตอร์แบบ โน้ตบุ๊ค สำหรับงานประมวลผล พร้อมชุดโปรแกรมระบบปฏิบัติการ', '25,800.-', '6202-1001-0044.pdf', 1, 17, 1, '2019-05-24', '2019-05-24', 1),
(2753, '6202 1001 0040', 'เครื่องคอมพิวเตอร์แบบ ALL In One สำหรับงานสำนักงาน พร้อมชุดโปรแกรมปฎิบัติการ', '20,800.-', '6202-1001-0040.pdf', 1, 17, 1, '2019-06-10', '2019-06-10', 1),
(2754, '6202 1001 0115', 'เครื่องคอมพิวเตอร์สำหรับงานประมวลผล แบบที่ 2 พร้อมชุดโปรแกรมระบบปฎิบัติการ', '33,800.-', '6202-1001-0115.pdf', 1, 17, 1, '2019-06-10', '2019-06-10', 1),
(2755, '6202 0310 0123', 'อุปกรณ์ป้องกันไฟกระโชก ชนิดช่วงสั้นและช่วงยาวแบบพกพา', '2,400.-', '6202-0310-0123.pdf', 2, 27, 1, '2019-07-12', '2019-07-12', 1),
(2756, 'test', 'test', 'test', '', 2, 2, 1, '2019-07-12', '2019-07-12', 3),
(2757, '6205 0903 0117', 'มาตรวัดน้ำดิบ แบบ Electromagnetic Flow Meter', '350,000.-', '6205-0903-0117.pdf', 12, 66, 5, '2019-08-05', '2019-08-05', 1),
(2758, '6205 0903 0118', 'มาตรวัดอัตราการไหลของน้ำในท่อปิด แบบเคลื่อนที่', '500,000.-', '6205-0903-0118.pdf', 12, 66, 5, '2019-08-05', '2019-08-05', 1),
(2759, 'SC-02-2562', 'แท่นยืนบรรยาย แบบอะคริลิคใสและสแตนเลส', '33,000.-', '130.6207 0107 0130 แท่นยืนบรรยาย แบบอะคริลิคใสและสแตน.pdf', 3, 47, 2, '2019-08-09', '2019-08-09', 1),
(2760, '6207 1201 0131', 'ถังเก็บน้ำไฟเบอร์กลาส ขนาดความจุ 20,000 ลิตร ชนิดวางบนดิน', '114,335.-', '', 9, 9, 3, '2019-09-11', '2019-09-11', 3),
(2761, '6207 1201 0131', 'ถังเก็บน้ำไฟเบอร์กลาส ขนาดความจุ 20,000 ลิตร ชนิดวางบนดิน', '114,335.-', '131.6207 1201 0131 ถังเก็บน้ำไฟเบอร์กลาส.pdf', 9, 54, 3, '2019-09-11', '2019-09-11', 2),
(2762, '6207 0104 0132', 'ชุดโต๊ะทำงาน แบบที่ 1 ขนาด 180 x 180 x 75 ซม.', '29,780.-', '132.6207 0104 0132 ชุดโต๊ะทำงาน แบบที่ 1 ขนาด 180X180X75 ซม..pdf', 3, 42, 2, '2019-09-25', '2019-09-25', 1),
(2763, '6207 0104 0133', 'ชุดโต๊ะทำงาน แบบที่ 2 ขนาด 140 x 60 x 75 ซม.', '21,840.-', '133.6007 0104 0133 ชุดโต๊ะทำงาน แบบที่ 2 ขนาด 140X60X75 ซม..pdf', 3, 42, 2, '2019-09-25', '2019-09-25', 1),
(2764, '6207 0104 0134', 'โต๊ะประชุม แบบที่ 1 ขนาด 420 x 120 x 75 ซม.', '45,850.-', '134.6207 0104 0134 โต๊ะประชุม แบบที่ 1 ขนาด 420X120X75 ซม..pdf', 3, 42, 2, '2019-09-25', '2019-09-25', 1),
(2765, '6207 0201 0135', 'โต๊ะรับประทานอาหาร ขนาด 80 x 80 x 75 ซม.', '4,260.-', '135.6207 1201 0135 โต๊ะรับประทานอาหาร ขนาด 80X80X75 ซม..pdf', 3, 42, 2, '2019-09-25', '2019-09-25', 1),
(2766, '6207 0104 0136', 'ตู้บานเลื่อน แบบบานเลื่อน ขนาด 80 x 40 x 75 ซม.', '8,130.-', '136.6207 0104 0136 ตู้บานเลื่อน แบบ บานเลื่อน.pdf', 3, 44, 2, '2019-09-25', '2019-09-25', 1),
(2767, '6207 0104 0137', 'ตู้เก็บเอกสารเตี้ย แบบบานเลื่อน ขนาด 90 x 45 x 150 ซม.', '13,630.-', '137.6207 0104 0137 ตู้เก็บเอกสารเตี้ย บานเลื่อน.pdf', 3, 44, 2, '2019-09-25', '2019-09-25', 1),
(2768, '6207 0104 0138', 'เก้าอี้ทำงานพนักพิงปกติ แบบที่ 1 ขนาด 62 x 62 x 93-103 ซม.', '9,830.-', '138.6207 0104 0138 เก้าอี้ทำงานพนักพิงปกติ แบบที่ 1.pdf', 3, 43, 2, '2019-09-25', '2019-09-25', 1),
(2769, '6207 0104 0139', 'เก้าอี้ทำงานพนักพิงสูง แบบที่ 1 ขนาด 62 x 67 x 106-116 ซม.', '10,310.-', '139.6207 0101 0139 เก้าอี้ทำงานพนักพิงสูง แบบที่ 1.pdf', 3, 43, 2, '2019-09-25', '2019-09-25', 1),
(2770, '6207 0104 0140', 'เก้าอี้พนักพิงปกติ แบบที่ 1 ขนาด 57 x 60 x 89-97.5 ซม.', '10,190.-', '140.6207 0104 0140 เก้าอี้พนักปกติ แบบที่ 1.pdf', 3, 43, 2, '2019-09-25', '2019-09-25', 1),
(2771, '6207 0104 0141', 'เก้าอี้พนักพิงสูง แบบที่ 1 ขนาด 57 x 60 x 107-115.5 ซม.', '11,670.-', '141.6207 0104 0141 เก้าอี้พนักพิงสูง แบบที่ 1.pdf', 3, 43, 2, '2019-09-25', '2019-09-25', 1),
(2772, '6207 0104 0142', 'เก้าอี้เอนกประสงค์ แบบที่ 1 ขนาด 55 x 58.5 x 78.5 ซม.', '2,330.-', '142.6207 0104 0142 เก้าอี้เอนกประสงค์ แบบที่ 1.pdf', 3, 43, 2, '2019-09-25', '2019-09-25', 1),
(2773, '6207 0107 0143', 'พาร์ทิชั่น(Partition)ทึบเต็มแผ่น แบบมีช่องร้อยสายไฟ ขนาด 70 x 120 x 5.5 ซม.', '11,220.-', '143.6207 0107 0143 พาร์ทิชั่น(Partition) แบบมีช่องร้อยสายไฟ ขนาด 70X120X5.5 ซม..pdf', 3, 39, 2, '2019-09-25', '2019-09-25', 1),
(2774, '6207 0107 0144', 'พาร์ทิชั่น(Partition)ทึบครึ่งกระจก แบบมีช่องร้อยสายไฟล่าง ขนาด 60 x 120 x 5.5 ซม.', '12,100.-', '144.6207 0107 0144 พาร์ทิชั่น(partition)ทึบครึี่งกระจก แบบมีช่องร้อยสายไฟล่าง ขนาด 60X120X5.5 ซม..pdf', 3, 39, 2, '2019-09-25', '2019-09-25', 1),
(2775, '6202 0305 0145', 'ชุดเครื่องขยายเสียงกลางแจ้ง', '500,000.-', '6202 0305 0145 ชุดเครื่องขยายเสียงกลางแจ้ง.pdf', 2, 31, 1, '2019-10-16', '2019-10-16', 1),
(2776, '6103 0201 0022', 'รถยนต์ตรวจการ ปริมาตรกระบอกสูบไม่ต่ำกว่า 2,000 ซีซี หรือกำลังเครื่องยนต์สูงสุดไม่ต่ำกว่า 110 กิโลวัตต์ เครื่องยนต์ดีเซล แบบขับเค', '', '', 6, 83, 3, '2019-10-16', '2019-10-16', 3),
(2777, '6103 0201 0023', 'รถยนต์ตรวจการ ปริมาตรกระบอกสูบไม่ต่ำกว่า 2,000 ซีซี หรือกำลังเครื่องยนต์สูงสุดไม่ต่ำกว่า 110 กิโลวัตต์ เครื่องยนต์ดีเซล แบบขับเค', '', '', 6, 83, 3, '2019-10-16', '2019-10-16', 3),
(2778, '6103 0201 0031', 'รถบรรทุก (ดีเซล) ขนาด 1 ตัน ปริมาตรกระบอกสูบไม่ต่ำกว่า 2,000 ซีซี หรือกำลังเครื่องยนต์สูงสุดไม่ต่ำกว่า 90 กิโลวัตต์ ขับเคลื่อน 2', '', '', 6, 83, 3, '2019-10-16', '2019-11-20', 3),
(2779, '6202 0307 0146', 'เครื่องเสียงสำหรับห้องประชุม ขนาด ผู้ร่วมประชุม 30 ท่านพร้อมอุปกรณ์ประกอบ (อยู่ระหว่างปรับปรุง)', '440,200.-', '6202 0307 0146.pdf', 2, 37, 1, '2019-10-24', '2023-09-18', 2),
(2780, '6202 0307 0154', 'ไมโครโฟนห้องประชุม ขนาด 9 ตัว', '60,400.-', '6202 0307 0154.pdf', 2, 37, 1, '2019-10-24', '2019-10-24', 2),
(2781, '6202 0307 0147', 'เครื่องเสียงสำหรับห้องประชุม ขนาด ผู้ร่วมประชุม 20 ท่านพร้อมอุปกรณ์ประกอบ', '312,800.-', '6202 0307 0147.pdf', 2, 37, 1, '2019-10-25', '2019-10-25', 2),
(2782, '6207 0104 0162', 'กระดานไวท์บอร์ด 1 หน้า แบบมีล้อเลื่อน', '-', '6207 0104 0162.pdf', 3, 3, 2, '2019-11-21', '2019-11-21', 1),
(2783, '6207 0104 0163', 'เคาน์เตอร์สูง', '-', '6207 0104 0163.pdf', 3, 3, 2, '2019-11-21', '2019-11-21', 1),
(2784, '6207 0104 0164', 'ชั้นเอนกประสงค์', '-', '6207 0104 0164.pdf', 3, 3, 2, '2019-11-21', '2019-11-21', 1),
(2785, '6203 0502 0151', 'รถฟาร์มแทรกเตอร์ ชนิดขับเคลื่อน 4 ล้อ ขนาด 85 แรงม้า', '-', '6203 0502 0151.pdf', 7, 53, 3, '2019-11-21', '2019-11-21', 2),
(2786, '6203 0502 0155', 'ผานบุกเบิก (สำหรับรถฟาร์มแทรกเตอร์ ขนาดไม่น้อยกว่า 85 แรงม้า)', '-', '6203 0502 0155.pdf', 7, 53, 3, '2019-11-21', '2019-11-21', 2),
(2787, '6203 0502 0156', 'ใบมีดดันหน้า (สำหรับรถฟาร์มแทรกเตอร์ ขนาดไม่น้อยกว่า 85 แรงม้า)', '-', '6203 0502 0156.pdf', 7, 53, 3, '2019-11-21', '2019-11-21', 2),
(2788, '6203 0502 0157', 'เครื่องตัดหญ้าไหล่ทาง (สำหรับรถฟาร์ม ขนาดไม่น้อยกว่า 70 แรงม้า)', '-', '6203 0502 0157.pdf', 7, 53, 3, '2019-11-21', '2019-11-21', 2),
(2789, '6203 0102 0158', 'เครื่องปรับอากาศ แบบแยกส่วน แบบตั้งพื้นหรือแบบแขวน ขนาด 24,000 บีทียู', '-', '6203 0102 0158.pdf', 4, 4, 3, '2019-11-21', '2019-11-21', 2),
(2790, '111111111111', 'ทดสอบ1', '10,000.-', '', 2, 28, 1, '2019-11-27', '2019-11-27', 3),
(2791, '1111 1111 1111', 'Test 27-11-62 14.16', '10,310.-', 'test-01.pdf', 2, 31, 1, '2019-11-27', '2019-11-27', 3),
(2792, 'test', '1', '1', '', 1, 17, 1, '2019-11-27', '2019-11-27', 3),
(2793, '0000 0000 0000', 'test', '33,000.-', 'test-01.pdf', 15, 15, 7, '2019-11-28', '2019-11-28', 3),
(2794, '6202 0311 0174', 'อุปกรณ์บันทึกภาพผ่านเครือข่าย แบบ 32 ช่่อง', '125,000.-', '6202 0311 0174.pdf', 2, 32, 1, '2019-12-03', '2019-12-03', 2),
(2795, '6202 0311 0173', 'อุปกรณ์บันทึกภาพผ่านเครือข่าย แบบ 16 ช่อง', '61,000.-', '6202 0311 0173.pdf', 2, 32, 1, '2019-12-03', '2019-12-03', 2),
(2796, '6202 0311 0172', 'อุปกรณ์บันทึกภาพผ่านเครือข่าย แบบ 8 ช่อง', '22,000.-', '6202 0311 0172.pdf', 2, 32, 1, '2019-12-03', '2019-12-03', 2),
(2797, '6202 0311 0171', 'กล้องโทรทัศน์วงจรปิดชนิดเครือข่าย แบบมุมมองคงที่สำหรับติดตั้งภายนอกอาคาร แบบที่ 2', '53,000.-', '6202 0311 0171.pdf', 2, 32, 1, '2019-12-03', '2019-12-04', 2),
(2798, '6202 0311 0170', 'กล้องโทรทัศน์วงจรปิดชนิดเครือข่าย แบบมุมมองคงที่สำหรับติดตั้งภายนอกอาคาร แบบที่ 1', '58,000.-', '6202 0311 0170.pdf', 2, 32, 1, '2019-12-03', '2019-12-04', 2),
(2799, '6202 0311 0169', 'กล้องโทรทัศน์วงจรปิดชนิดเครือข่าย แบบมุมมองคงที่สำหรับติดตั้งภายในอาคาร แบบที่ 2', '48,000.-', '6202 0311 0169.pdf', 2, 32, 1, '2019-12-03', '2019-12-03', 2),
(2800, '6202 0311 0168', 'กล้องโทรทัศน์วงจรปิดชนิดเครือข่าย แบบมุมมองคงที่สำหรับติดตั้งภายในอาคาร แบบที่ 1', '46,000.-', '6202 0311 0168.pdf', 2, 32, 1, '2019-12-03', '2019-12-03', 2),
(2801, '6202 0311 0167', 'กล้องโทรทัศน์วงจรปิดชนิดเครือข่าย แบบมุมมองคงที่สำหรับติดตั้งภายในอาคาร', '23,000.-', '6202 0311 0167.pdf', 2, 32, 1, '2019-12-03', '2019-12-03', 2),
(2802, '6202 0311 0166', 'กล้องโทรทัศน์วงจรปิดขนิดเครือข่าย แบบปรับมุมมอง แบบที่ 2', '92,000.-', '6202 0311 0166.pdf', 2, 32, 1, '2019-12-03', '2019-12-03', 2),
(2803, '6202 0311 0165', 'กล้องโทรทัศน์วงจรปิดชนิดเครือข่าย แบบปรับมุมมอง แบบที่ 1', '48,000.-', '6202 0311 0165.pdf', 2, 32, 1, '2019-12-03', '2019-12-03', 2),
(2804, '6202 0311 0176', 'เครื่องขยายเสียง แบบเคลื่อนที่ตู้ลำโพงมีล้อลาก ขนาดตู้ลำโพง 12 นิ้ว', '10,900.-', '6202 0305 0176.pdf', 2, 31, 1, '2019-12-03', '2019-12-03', 1),
(2805, '6202 0311 0175', 'เครื่องขยายเสียง แบบ Stereo Power Mixer ขนาด 300W.+300W.', '34,000.-', '6202 0305 0175.pdf', 2, 31, 1, '2019-12-03', '2019-12-03', 1),
(2806, '6103 0701 0058', 'รถขุดตีนตะขาบแบบแขนยาว ขนาดไม่น้อยกว่า 150 แรงม้า', '', '', 8, 8, 3, '2019-12-06', '2019-12-06', 2),
(2807, '6301 0101 0003', 'เครื่องถ่ายเอกสารระบบดิจิตอล แบบความเร็ว 20 แผ่นต่อนาที', '90,000.-', '6301-0101-0003.pdf', 15, 15, 7, '2020-02-11', '2020-02-11', 2),
(2808, '6301 0101 0004', 'เครื่องถ่ายเอกสารระบบดิจิตอล แบบความเร็ว 50 แผ่นต่อนาที', '220,000.-', '6301-0101-0004.pdf', 15, 15, 7, '2020-02-11', '2020-02-11', 2),
(2809, '6301 0101 0005', 'เครื่องถ่ายเอกสารสีระบบดิจิตอล แบบความเร็ว 40 แผ่นต่อนาที', '300,000.-', '6301-0101-0005.pdf', 15, 15, 7, '2020-02-11', '2020-02-11', 2),
(2810, '6301 0101 0006', 'เครื่องทำลายเอกสาร แบบตัดตรงทำลายครั้งละ 20 แผ่น', '31,000.-', '6301-0101-0006.pdf', 15, 15, 7, '2020-02-11', '2020-02-11', 2),
(2811, '6301 0101 0007', 'เครื่องเจาะกระดาษและเข้าเล่ม แบบเจาะกระดาษไฟฟ้าและเข้าเล่มมือโยก', '20,000.-', '6301-0101-0007.pdf', 15, 15, 7, '2020-02-11', '2020-02-11', 2),
(2812, '6301 0404 0009', 'โทรทัศน์ แอล อี ดี (LED TV) แบบ Smart TV ระดับความละเอียดจอภาพ 3840 x 2160 พิกเซล ขนาด 82 นิ้ว', '119,000.-', '6301 0404 0009.pdf', 14, 79, 7, '2020-03-20', '2020-03-20', 1),
(2813, '6602 0307 0011', 'ระบบห้องประชุมทางไกลผ่านวีดิทัศน์ (Video Conference) ขนาดผู้เข้าร่วมประชุม 10 ท่าน แบบที่ 2', '498,700.-', '6602 0307 0011.pdf', 2, 37, 1, '2020-04-07', '2022-10-28', 2),
(2814, '6302 0307 0008', 'ระบบห้องประชุมทางไกลผ่านวีดิทัศน์ (Video Conference) ขนาดผู้เข้าร่วมประชุม 10 ท่าน แบบที่ 2', '498,700.-', '6302 0307 0008.pdf', 2, 37, 1, '2020-04-07', '2020-04-07', 3),
(2815, '6307 0104 0010', 'เก้าอี้ประชุม ขนาด 55x60x85 ซม.', 'ติดต่อหน่วยงาน', '6307 0104 0010.pdf', 3, 3, 2, '2020-04-15', '2020-04-15', 1),
(2816, '6307 0104 0011', 'โต๊ะประชุม ยาว 2 ที่นั่ง ขนาด 160x60x75 ซม.', 'ติดต่อหน่วยงาน', '6307 0104 0011.pdf', 3, 3, 2, '2020-04-15', '2020-04-15', 1),
(2817, '6307 0104 0014', 'ตู้รางเลื่อนประหยัดพื้นที่', '-', '6307 0104 0014.pdf', 3, 3, 2, '2020-06-02', '2020-06-02', 1),
(2818, '6301 0401 0016', 'กล้องถ่ายภาพ ระบบดิจิตอล แบบสะท้อนเลนส์เดี่ยว ความละเอียด 24 ล้านพิกเซล', '', '6301 0401 0016.pdf', 14, 73, 7, '2020-06-22', '2020-06-22', 2),
(2819, '6301 0401 0021', 'กล้องถ่ายภาพ ระบบดิจิตอล (แบบสะท้อนเลนส์เดี่ยวความละเอียด 45.7 ล้านพิกเซล มี WIFI Bluetooth และบันทึกวีดีโอระดับ 4K UHD)', '193,000.-', '6301 0401 0021 กล้องถ่ายภาพ ระบบดิจิตอล 45.7M.pdf', 14, 73, 7, '2020-07-10', '2022-05-30', 1),
(2820, '6301 0401 0022', 'แฟลชภายนอก ชนิดใช้สำหรับกล้องดิจิตอล DSLR', '18,900.-', '6301 0401 0022 แฟลชภายนอก ชนิดใช้สำหรับกล้องดิจิตอล DSLR.pdf', 14, 73, 7, '2020-07-10', '2023-01-17', 1),
(2821, '6301 0401 0023', 'ขาตั้งกล้อง ชนิดใช้กับกล้องวีดีโอ', '', '6301 0401 0023 ขาตั้งกล้อง ชนิดใช้กับกล้องวีดีโอ.pdf', 14, 73, 7, '2020-07-10', '2020-07-10', 1),
(2822, '6301 0401 0024', 'กล้องถ่ายภาพ ระบบดิจิตอล (แบบสะท้อนเลนส์เดี่ยวความละเอียด 24 ล้านพิกเซล มี WIFI และบันทึกวีดีโอ ระดับ Full HD)', '', '6301 0401 0024 กล้องถ่ายภาพ ระบบดิจิตอล24M.pdf', 14, 73, 7, '2020-07-10', '2020-07-10', 1),
(2823, '6301 0403 0025', 'เครื่องเล่น DVD VCD CD', '', '6301 0403 0025 เครื่องเล่น DVD VCD CD.pdf', 14, 87, 7, '2020-07-10', '2020-07-10', 1),
(2824, '6307 0104 0020', 'ชั้นเหล็กวางเอกสาร ชนิด 4 ชั้น', '9,167.-', '6307 0104 0020 ชั้นเหล็กวางเอกสาร ชนิด 4 ชั้น.pdf', 3, 3, 2, '2020-07-10', '2020-07-10', 1),
(2825, '6302 0307 0031', 'ระบบห้องประชุมทางไกลผ่านวีดิทัศน์ (Video Conference) ชนิดเคลื่อนที่', '472,000.-', '6302 0307 0031.pdf', 2, 37, 1, '2020-08-19', '2020-08-19', 2),
(2826, '6302 0309 0032', 'จานรับสัญญาณดาวเทียม ชนิดจานโปร่ง ขนาดไม่น้อยกว่า 150 ซ.ม. และต่อเข้ากับทีวีได้ไม่น้อยกว่า 1 เครื่อง', '3,400.-', '6302 0309 0032.pdf', 2, 35, 1, '2020-08-19', '2020-08-19', 1),
(2827, '6302 0309 0033', 'จานรับสัญญาณดาวเทียม ชนิดจานโปร่ง ขนาดไม่น้อยกว่า 150 ซ.ม. และต่อเข้ากับทีวีได้ไม่น้อยกว่า 2 เครื่อง', '5,300.-', '6302 0309 0033.pdf', 2, 35, 1, '2020-08-19', '2020-08-19', 1),
(2828, '6302 0305 0027', 'เครื่องขยายเสียง แบบลำโพงพกพาคาดเอว', '1,000.-', '6302 0305 0027.pdf', 2, 31, 1, '2020-08-19', '2020-08-19', 1),
(2829, '6302 0305 0026', 'เครื่องขยายเสียง แบบลำโพงพกพาหูหิ้วพร้อมไมโครโฟนไร้สาย ขนาดลำโพงไม่น้อยกว่า 6 นิ้ว', '2,700.-', '6302 0305 0026.pdf', 2, 31, 1, '2020-08-19', '2020-08-19', 1),
(2830, 'S0321-0302-0238/', 'เครื่องสูบน้ำชนิดหอยโข่งขับด้วยเครื่องยนต์ดีเซล อัตราการสูบน้ำ 3,800 ลิตรต่อนาที', '450,000.-', '', 7, 52, 3, '2020-09-15', '2020-09-15', 2),
(2831, 'S5321-0302-0114/', 'เครื่องสูบน้ำชนิดหอยโข่งขับด้วยเครื่องยนต์เบนซิน อัตราการสูบน้ำ 1,100 ลิตรต่อนาที', '15,000.-', '', 7, 52, 3, '2020-09-15', '2020-09-15', 2),
(2832, 'S5321-0302-0239/', 'เครื่องสูบน้ำชนิดหอยโข่งแบบขับด้วยเครื่องยนต์ดีเซล อัตราการสูบน้ำ 1,800 ลิตรต่อนาที ระยะยกน้ำ 10 เมตร', '110,000.-', '', 7, 52, 3, '2020-09-15', '2020-09-15', 2),
(2833, 'S0321-0302-0355/', 'เครื่องสูบน้ำชนิดหอยโข่งขับด้วยมอเตอร์ไฟฟ้า อัตราการสูบน้ำ 450 ลิตรต่อนาที', '11,000.-', '', 7, 52, 3, '2020-09-15', '2020-09-15', 2),
(2834, '6203 0502 0157', 'เครื่องตัดหญ้าไหล่ทาง (สำหรับรถฟาร์ม ขนาดไม่น้อยกว่า 70 แรงม้า)', '750,000.-', '', 7, 53, 3, '2020-09-15', '2020-09-15', 2),
(2835, '6203 0502 0155', 'ผานบุกเบิก (สำหรับรถฟาร์มแทรกเตอร์ ขนาดไม่น้อยกว่า 85 แรงม้า)', '71,000.-', '', 7, 53, 3, '2020-09-15', '2020-09-15', 2),
(2836, '6203 0502 0156', 'ใบมีดดันหน้า (สำหรับรถฟาร์มแทรกเตอร์ ขนาดไม่น้อยกว่า 85 แรงม้า)', '77,000.-', '', 7, 53, 3, '2020-09-15', '2020-09-15', 2),
(2837, '6203 0502 0151', 'รถฟาร์มแทรกเตอร์ ชนิดขับเคลื่อน 4 ล้อ ขนาด 85 แรงม้า', '1,100,000.-', '', 7, 53, 3, '2020-09-15', '2020-09-15', 2),
(2838, '6103 1202 0038', 'เครื่องตัดหญ้า แบบข้อแข็ง', '9,500.-', '', 9, 54, 3, '2020-09-15', '2020-09-15', 2),
(2839, '6103 1202 0039', 'เครื่องตัดหญ้า แบบข้ออ่อน', '10,900.-', '', 9, 54, 3, '2020-09-15', '2020-09-15', 2),
(2840, '6103 1202 0040', 'เครื่องตัดหญ้า แบบเข็น', '13,000.-', '', 9, 54, 3, '2020-09-15', '2020-09-15', 2),
(2841, '6103 1202 0041', 'เครื่องตัดหญ้า แบบล้อจักรยาน', '12,000.-', '', 9, 54, 3, '2020-09-15', '2020-09-15', 2),
(2842, '6103 0201 0055 ', 'รถจักรยานยนต์ ขนาด 110 ซีซี แบบเกียร์ธรรมดา', '44,800.-', '', 6, 6, 3, '2020-09-15', '2020-09-15', 3),
(2843, '6103 0201 0055', 'รถจักรยานยนต์ ขนาด 110 ซีซี แบบเกียร์ธรรมดา', '44,800.-', '', 6, 83, 3, '2020-09-15', '2020-09-15', 2),
(2844, '6103 0201 0056', 'รถจักรยานยนต์ ขนาด 110 ซีซี แบบเกียร์อัตโนมัติ', '51,900.-', '', 6, 83, 3, '2020-09-15', '2020-09-15', 2),
(2845, '6103 0201 0057', 'รถจักรยานยนต์ ขนาด 120 ซีซี', '54,700.-', '', 6, 83, 3, '2020-09-15', '2020-09-15', 2),
(2846, '6103 0201 0033', 'รถบรรทุก (ดีเซล) ขนาด 1 ตัน ปริมาตรกระบอกสูบไม่ต่ำกว่า 2,400 ซีซี หรือกำลังเครื่องยนต์สูงสุดไม่ต่ำกว่า 110 กิโลวัตต์ ขับเคลื่อน ', '854,000.-', '', 6, 83, 3, '2020-09-15', '2020-09-15', 2),
(2847, '6103 0201 0034', 'รถบรรทุก (ดีเซล) ขนาด 1 ตัน ปริมาตรกระบอกสูบไม่ต่ำกว่า 2,400 ซีซี หรือกำลังเครื่องยนต์สูงสุดไม่ต่ำกว่า 110 กิโลวัตต์ ขับเคลื่อน ', '715,000.-', '', 6, 83, 3, '2020-09-15', '2020-09-15', 2),
(2848, '6103 0201 0037', 'รถบรรทุก (ดีเซล) ขนาด 2 ตัน ปริมาตรกระบอกสูบไม่ต่ำกว่า 2,700 ซีซี หรือกำลังเครื่องยนต์สูงสุดไม่ต่ำกว่า 75 กิโลวัตต์ แบบ 4 ล้อ', '982,000.-', '', 6, 83, 3, '2020-09-15', '2020-09-15', 2),
(2849, 'S517-0906-6415/1', 'สว่านชนิดเจาะคอนกรีตแบบโรตารี่ ขนาด 24 มม.', '9,000.-', '', 10, 56, 3, '2020-09-15', '2020-09-15', 2),
(2850, ' S5321-0101-0292', ' เครื่องปรับอากาศแบบแยกส่วน ชนิดตั้งพื้นหรือแบบแขวน ขนาด 18,000 บีทียูต่อชั่วโมง', '28,600.-', '', 4, 4, 3, '2020-09-15', '2020-09-15', 2),
(2851, '6103 0301 0050', 'เครื่องกำเนิดไฟฟ้า ขนาด 10 กิโลวัตต์', '150,000.-', '', 5, 5, 3, '2020-09-15', '2020-09-15', 2),
(2852, 'S0321-0505-0504/', 'เครื่องประจุแบตเตอรี่', '15,000.-', '', 5, 5, 3, '2020-09-15', '2020-09-15', 2),
(2853, '6603-0701-0026', 'รถขุดตีนตะขาบแบบแขนยาว ขนาดไม่น้อยกว่า 150 แรงม้า', '5,900,000.-', 'รถขุดตีนตะขาบแบบแขนยาว ขนาดไม่น้อยกว่า 150.pdf', 8, 8, 3, '2020-09-15', '2023-03-21', 1),
(2854, '6103 0701 0043', 'รถตักหน้าขุดหลัง ชนิดขับเคลื่อน 4 ล้อ', '3,300,000.-', '', 8, 8, 3, '2020-09-15', '2020-09-15', 2),
(2855, 'S5016-0214-9999/', 'เรือเครื่องติดท้าย 2 ตอน ทำด้วยไฟเบอร์กลาส จุคนโดยสารได้ไม่ต่ำกว่า 4 คน\r\n(2 Row of Seat Boat)', '270,000.-', '', 6, 50, 3, '2020-09-15', '2020-09-15', 2),
(2856, 'S5016-8205-0101/', 'หลังคาไฟเบอร์กลาส', '32,400.-', '', 6, 51, 3, '2020-09-15', '2020-09-15', 2),
(2857, '6103 0201 0024', 'รถโดยสาร ขนาด 12 ที่นั่ง (ดีเซล) ปริมาตรกระบอกสูบไม่ต่ำกว่า 2,400 ซีซี หรือกำลังเครื่องยนต์สูงสุดไม่ต่ำกว่า 90 กิโลวัตต์', '1,364,000.-', '', 6, 83, 3, '2020-09-15', '2020-09-15', 2),
(2858, '6103 0201 0035', 'รถบรรทุก (ดีเซล) ขนาด 1 ตัน ปริมาตรกระบอกสูบไม่ต่ำกว่า 2,400 ซีซี หรือกำลังเครื่องยนต์สูงสุดไม่ต่ำกว่า 110 กิโลวัตต์ ขับเคลื่อน ', '1,025,000.-', '', 6, 83, 3, '2020-09-15', '2020-09-15', 2),
(2859, '6103 0201 0025', 'รถบรรทุก (ดีเซล) ขนาด 4 ตัน 6 ล้อ ปริมาตรกระบอกสูบไม่ต่ำกว่า 4,000 ซีซี หรือกำลังเครื่องยนต์สูงสุดไม่ต่ำกว่า 105 กิโลวัตต์', '1,375,000.-', '', 6, 83, 3, '2020-09-15', '2020-09-15', 2),
(2860, '6103 0201 0027', 'รถบรรทุก (ดีเซล) ขนาด 6 ตัน 6 ล้อ ปริมาตรกระบอกสูบไม่ต่ำกว่า 6,000 ซีซี หรือกำลังเครื่องยนต์สูงสุดไม่ต่ำกว่า 170 กิโลวัตต์ แบบกร', '1,980,000.-', '', 6, 83, 3, '2020-09-15', '2020-09-15', 2),
(2861, '6103 0201 0026', 'รถบรรทุก (ดีเซล) ขนาด 6 ตัน 6 ล้อ ปริมาตรกระบอกสูบไม่ต่ำกว่า 6,000 ซีซี หรือกำลังเครื่องยนต์สูงสุดไม่ต่ำกว่า 170 กิโลวัตต์ แบบกร', '1,920,000.-', '', 6, 83, 3, '2020-09-15', '2020-09-15', 2),
(2862, '6203 0201 0024', 'รถบรรทุก (ดีเซล) ขนาด 6 ตัน 6 ล้อ ปริมาตรกระบอกสูบไม่ต่ำกว่า 6,000 ซีซี หรือกำลังเครื่องยนต์สูงสุดไม่ต่ำกว่า 170 กิโลวัตต์ แบบบร', '2,5000,000.-', '', 6, 83, 3, '2020-09-15', '2020-09-15', 2),
(2863, '6103 0201 0030', 'รถบรรทุกกระบะเหล็ก ขนาด 6 ตัน 6 ล้อ ติดตั้งปั่นจั่นหรือเครน (Crane) 3 ตัน', '2,600,000.-', '', 6, 83, 3, '2020-09-15', '2020-09-15', 2),
(2864, '6103 0201 0022', 'รถยนต์ตรวจการณ์ ปริมาตรกระบอกสูบไม่ต่ำกว่า 2,000 ซีซี หรือกำลังเครื่องยนต์สูงสุดไม่ต่ำกว่า 110 กิโลวัตต์ เครื่องยนต์ดีเซล แบบขับ', '1,359,000.-', '', 6, 83, 3, '2020-09-15', '2020-09-15', 2),
(2865, '6103 0201 0023', 'รถยนต์ตรวจการณ์ ปริมาตรกระบอกสูบไม่ต่ำกว่า 2,000 ซีซี หรือกำลังเครื่องยนต์สูงสุดไม่ต่ำกว่า 110 กิโลวัตต์ เครื่องยนต์ดีเซล แบบขับ', '1,570,000.-', '', 6, 83, 3, '2020-09-15', '2020-09-15', 2),
(2866, 'S5321-0420-0403/', 'เครื่องอัดลมขับด้วยมอเตอร์ไฟฟ้า ขนาด 8 ลบ.ฟุตต่อนาที', '55,000.-', '', 8, 8, 3, '2020-09-15', '2020-09-15', 2),
(2867, '6302 0303 0034', 'จานรับสัญญาณดาวเทียม ชนิดจานโปร่ง ขนาดไม่น้อยกว่า 150 ซ.ม. และต่อเข้ากับทีวีได้ไม่น้อยกว่า 4 เครื่อง', '9,150.-', '6302 0303 0034.pdf', 2, 35, 1, '2020-09-17', '2020-09-17', 1),
(2868, '6302 0303 0035', 'จานรับสัญญาณดาวเทียม ชนิดจานโปร่ง ขนาดไม่น้อยกว่า 150 ซ.ม. และต่อเข้ากับทีวีได้ไม่น้อยกว่า 3 เครื่อง', '7,200.-', '6302 0303 0035.pdf', 2, 35, 1, '2020-09-17', '2020-09-17', 1),
(2869, '6302 0307 0037', 'ชุดไมโครโฟนห้องประชุม สำหรับผู้เข้าร่วมประชุมรวม 11 ท่าน', '45,000.-', '6302 0307 0037.pdf', 2, 37, 1, '2020-09-17', '2020-09-17', 2),
(2870, '6302 0307 0038', 'ชุดไมโครโฟนห้องประชุม สำหรับผู้เข้าร่วมประชุมรวม 15 ท่าน', '60,000.-', '6302 0307 0038.pdf', 2, 37, 1, '2020-09-17', '2020-09-17', 2),
(2871, '6307 0104 0050', 'โต๊ะประชุมขนาด 20 ที่นั่ง', '160,215.-', '6307 0104 0050.pdf', 3, 3, 2, '2020-10-14', '2023-05-23', 1),
(2872, '6307 0104 0051', 'โต๊ะประชุมขนาด 10 ที่นั่ง', '87,455.-', '6307 0104 0051.pdf', 3, 3, 2, '2020-10-14', '2023-05-23', 1),
(2873, '6603-0701-0022', 'รถขุดตีนตะขาบ  ขนาด 120 แรงม้า', '4,000,000.-', 'รถขุดตีนตะขาบ ขนาด 120 แรงม้า.pdf', 8, 8, 3, '2020-10-30', '2023-03-21', 1),
(2874, '6603-0701-0023', 'รถขุตตีนตะขาบ ขนาด 150 แรงม้า', '4,733,000.-', 'รถขุดตีนตะขาบ ขนาด 150 แรงม้า.pdf', 8, 8, 3, '2020-10-30', '2023-03-21', 1),
(2875, '6603-0701-0024', 'รถขุดตีนตะขาบ ขนาด 200 แรงม้า', '7,200,000.-', 'รถขุดตีนตะขาบ ขนาด 200 แรงม้า.pdf', 8, 8, 3, '2020-10-30', '2023-03-21', 1),
(2876, '6303 0701 0095', 'รถบดล้อเหล็ก ขนาด 10 ตัน', '3,230,000.-', '6303 0701 0095-2.pdf', 8, 8, 3, '2020-10-30', '2021-11-17', 1),
(2877, '6603-0701-0025', 'รถขุดตีนตะขาบแบบแขนยาว ขนาดไม่น้อยกว่า 120 แรงม้า', '5,600,000.-', 'รถขุดตีนตะขาบแบบแขนยาว ขนาดไม่น้อยกว่า 120.pdf', 8, 8, 3, '2020-10-30', '2023-03-21', 1),
(2878, '6303 0701 0090', 'รถตักหน้าขุดหลัง ชนิดขับเคลื่อน 4 ล้อ', '3,520,000.-', '6303 0701 0090.pdf', 8, 8, 3, '2020-10-30', '2021-11-17', 1),
(2879, '6303 0707 0091', 'เครื่องอัดลมขับด้วยมอเตอร์ไฟฟ้า ขนาด 8 ลบ.ฟุตต่อนาที', '55,000.-', '6303 0707 0091.pdf', 8, 8, 3, '2020-10-30', '2020-10-30', 1),
(2880, '6303 0201 0073', 'รถยนต์ตรวจการณ์ ปริมาตรกระบอกสูบไม่ต่ำกว่า 2,000 ซีซี หรือกำลังเครื่องยนต์สูงสุดไม่ต่ำกว่า 110 กิโลวัตต์ เครื่องยนต์ดีเซล แบบขับ', '1,359,000.-', '6303 0201 0073.pdf', 6, 83, 3, '2020-10-30', '2020-10-30', 2),
(2881, '6303 0201 0074', 'รถยนต์ตรวจการณ์ ปริมาตรกระบอกสูบไม่ต่ำกว่า 2,000 ซีซี หรือกำลังเครื่องยนต์สูงสุดไม่ต่ำกว่า 110 กิโลวัตต์ เครื่องยนต์ดีเซล แบบขับ', '', '6303 0201 0074-2.pdf', 6, 83, 3, '2020-10-30', '2021-03-09', 2),
(2882, '6303 0301 0052', 'เครื่องกำเนิดไฟฟ้า ขนาด 5 กิโลวัตต์', '58,500.-', '6303 0301 0052.pdf', 5, 88, 3, '2020-10-30', '2022-01-26', 1),
(2883, '6303 0301 0053', 'เครื่องกำเนิดไฟฟ้า ขนาด 10 กิโลวัตต์', '174,000.-', '6303 0301 0053.pdf', 5, 88, 3, '2020-10-30', '2023-01-04', 1),
(2884, '6303 0301 0054', 'เครื่องกำเนิดไฟฟ้า ขนาด 120 กิโลวัตต์', '870,000.-', '6303 0301 0054.pdf', 5, 88, 3, '2020-10-30', '2020-10-30', 2),
(2885, '6303 0301 0055', 'เครื่องประจุแบตเตอรี่', '15,000.-', '6303 0301 0055.pdf', 5, 88, 3, '2020-10-30', '2020-10-30', 2),
(2886, '6303 0102 0056', 'เครื่องปรับอากาศ แบบแยกส่วน แบบตั้งพื้นหรือแบบแขวน ขนาด 18,000 BTU', '28,600.-', '6303 0102 0056.pdf', 4, 4, 3, '2020-10-30', '2024-12-25', 1),
(2887, '6303 0501 0080', 'เครื่องสูบน้ำชนิดหอยโข่งขับเคลื่อนด้วยเครื่องยนต์ดีเซลขนาด 40 แรงม้า อัตราการสูบน้ำ สูบน้ำได้ 500 ลูกบาศก์เมตรต่อชั่วโมง ที่ระยะ', '650,000.-', '6303 0501 0080.pdf', 7, 52, 3, '2020-10-30', '2020-10-30', 2),
(2888, '6303 0501 0079', 'เครื่องสูบน้ำชนิดหอยโข่งขับเคลื่อนด้วยเครื่องยนต์ดีเซล อัตราการสูบน้ำ 4,000 ลิตรต่อนาที', '450,000.-', '6303 0501 0079.pdf', 7, 52, 3, '2020-10-30', '2020-10-30', 1),
(2889, '6303 0501 0077', 'เครื่องสูบน้ำชนิดหอยโข่งขับเคลื่อนด้วยเครื่องยนต์เบนซิน อัตราการสูบน้ำ 1,100 ลิตรต่อนาที', '15,000.-', '6303 0501 0077.pdf', 7, 52, 3, '2020-10-30', '2020-10-30', 2),
(2890, '6303 0501 0076', 'เครื่องสูบน้ำชนิดหอยโข่งแบบขับด้วยเครื่องยนต์ดีเซล อัตราการสูบน้ำ 1,800 ลิตรต่อนาที ระยะยกน้ำ 10 เมตร', '110,000.-', '6303 0501 0076-2.pdf', 7, 52, 3, '2020-10-30', '2020-11-24', 2),
(2891, '6303 0501 0078', 'เครื่องสูบน้ำ แบบหอยโข่ง มอเตอร์ไฟฟ้า สูบน้ำได้ 450 ลิตรต่อนาที', '11,000.-', '6303 0501 0078.pdf', 7, 52, 3, '2020-10-30', '2020-10-30', 2),
(2892, '6303 0502 0081', 'เครื่องตัดหญ้าไหล่ทาง (สำหรับรถฟาร์มขนาดไม่น้อยกว่า 70 แรงม้า', '750,000.-', '6303 0502 0081.pdf', 7, 53, 3, '2020-10-30', '2020-10-30', 1),
(2893, '6303 0502 0083', 'ผานบุกเบิก (สำหรับรถฟาร์มแทรกเตอร์ ขนาดไม่น้อยกว่า 85 แรงม้า)', '71,000.-', '6303 0502 0083.pdf', 7, 53, 3, '2020-10-30', '2020-10-30', 1),
(2894, '6303 0502 0084', 'ใบมีดดันหน้า (สำหรับรถฟาร์มแทรกเตอร์ ขนาดไม่น้อยกว่า 85 แรงม้า)', '77,000.-', '6303 0502 0084.pdf', 7, 53, 3, '2020-10-30', '2020-10-30', 1),
(2895, '6303 0502 0082', 'รถฟาร์มแทรกเตอร์ ชนิดขับเคลื่อน 4 ล้อ ขนาด 85 แรงมม้า', '1,287,000.-', '6303 0502 0082.pdf', 7, 53, 3, '2020-10-30', '2023-01-04', 1),
(2896, '6303 1202 0085', 'เครื่องตัดหญ้า แบบข้อแข็ง', '9,500.-', '6303 1202 0085.pdf', 9, 54, 3, '2020-10-30', '2020-10-30', 1),
(2897, '6303 1202 0086', 'เครื่องตัดหญ้า แบบข้ออ่อน', '10,600.-', '6303 1202 0086.pdf', 9, 54, 3, '2020-10-30', '2021-12-16', 1),
(2898, '6303 1202 0088', 'เครื่องตัดหญ้า แบบเข็น', '13,800.-', '6303 1202 0088.pdf', 9, 54, 3, '2020-10-30', '2021-12-16', 1),
(2899, '6303 1202 0087', 'เครื่องตัดหญ้า แบบล้อจักรยาน', '12,000.-', '6303 1202 0087.pdf', 9, 54, 3, '2020-10-30', '2020-10-30', 1),
(2900, '6303 0201 0057', 'รถจักรยานยนต์ ขนาด 110 ซีซี แบบเกียร์ธรรมดา', '44,000.-', '6303 0201 0057.pdf', 6, 83, 3, '2020-10-30', '2024-12-25', 1),
(2901, '6303 0201 0058', 'รถจักรยานยนต์ ขนาด 110 ซีซี แบบเกียร์อัตโนมัติ', '52,000.-', '6303 0201 0058.pdf', 6, 83, 3, '2020-10-30', '2024-12-25', 1),
(2902, '6303 0201 0059', 'รถจักรยานยนต์ ขนาด 120 ซีซี', '60,100.-', '6303 0201 0059.pdf', 6, 83, 3, '2020-10-30', '2024-12-25', 1),
(2903, '6303 0201 0070', 'รถบรรทุก(ดีเซล) ขนาด 1 ตัน ปริมาตรกระบอกสูบไม่ต่ำกว่า 2,400 ซีซี หรือกำลังเครื่องยนต์สูงสุดไม่ต่ำกว่า 110 กิโลวัตต์ ขับเคลื่อน 4', '829,000.-', '6303 0201 0070.pdf', 6, 83, 3, '2020-10-30', '2021-11-05', 2),
(2904, '6303 0201 0068', 'รถบรรทุก(ดีเซล) ขนาด 1 ตัน ปริมาตรกระบอกสูบไม่ต่ำกว่า 2,400 ซีซี หรือกำลังเครื่องยนต์สูงสุดไม่ต่ำกว่า 110 กิโลวัตต์ ขับเคลื่อน 2', '854,000.-', '6303 0201 0068.pdf', 6, 83, 3, '2020-10-30', '2021-11-05', 2),
(2905, '6303 0201 0069', 'รถบบรทุก(ดีเซล) ขนาด 1 ตัน ปริมาตรกระบอกสูบไม่ต่ำกว่า 2,400 ซีซี หรือกำลังเครื่องยนต์สูงสุดไม่ต่ำกว่า 110 กิโลวัตต์ ขับเคลื่อน 2', '715,000.-', '6303 0201 0069.pdf', 6, 83, 3, '2020-10-30', '2020-10-30', 2),
(2906, '6303 0201 0072', 'รถบบรทุก(ดีเซล) ขนาด 2 ตัน ปริมาตรกระบอกสูบไม่ต่ำกว่า 2,700 ซีซี หรือกำลังเครื่องยนต์สูงสุดไม่ต่ำกว่า 75 กิโลวัตต์ แบบ 4 ล้อ', '1,160,000.-', '6303 0201 0072.pdf', 6, 83, 3, '2020-10-30', '2024-12-25', 1),
(2907, '6303 0202 0075', 'เรือเครื่องติดท้าย 2 ตอน ทำด้วยไฟเยอร์กลาส จุคนโดยสารได้ไม่ต่ำกว่า 4 คน (2 Row of Seat Boat)', '270,000.-', '6303 0202 0075.pdf', 6, 50, 3, '2020-10-30', '2020-10-30', 2),
(2908, '6303 0201 0065', 'หลังคารถบรรทุก ขนาด 1 ตัน หลังคาไฟเบอร์กลาสหรือเหล็ก', '35,900.-', '6303 0201 0065.pdf', 6, 83, 3, '2020-10-30', '2021-12-16', 1),
(2909, '6303 0201 0066', 'รถยกของ (Forklift) ขนาดการยกน้ำหนัก 3 ตัน', '900,000.-', '6303 0201 0066-2.pdf', 6, 83, 3, '2020-10-30', '2020-11-05', 2),
(2910, '6303 0201 0067', 'รถโดยสาร ขนาด 12 ที่นั้ง (ดีเซล) ปริมาตรกระบอกสูบไม่ต่ำกว่า 2,400 ซีซี หรือกำลังเครื่องยนต์สูงสุดไม่ต่ำกว่า 90 กิโลวัตต์', '1,364,000.-', '6303 0201 0067.pdf', 6, 83, 3, '2020-10-30', '2020-10-30', 2),
(2911, '6303 0201 0071', 'รถบบรทุก(ดีเซล) ขนาด 1 ตัน ปริมาตรกระบอกสูบไม่ต่ำกว่า 2,400 ซีซี หรือกำลังเครื่องยนต์สูงสุดไม่ต่ำกว่า 110 กิโลวัตต์ ขับเคลื่อน 4', '1,025,000.-', '6303 0201 0071.pdf', 6, 83, 3, '2020-10-30', '2020-10-30', 2),
(2912, '6303 0201 0064', 'รถบรรทุก (ดีเซล) ขนาด 4 ตัน 6 ล้อ ปริมาตรกระบอกสูบไม่ต่ำกว่า 4,000 ซีซี หรือกำลังเครื่องยนต์สูงสุด ไม่ต่ำกว่า 105 กิโลวัตต์', '1,405,000.-', '6303 0201 0064.pdf', 6, 83, 3, '2020-10-30', '2021-12-16', 1),
(2913, 'S 5 016 0206 262', 'รถบรรทุก (ดีเซล) ขนาด 6 ตัน 6 ล้อ ปริมาตรกระบอกสูบไม่ต่ำกว่า 6,000 ซีซี หรือกำลังเครื่องยนต์สูงสุดไม่่ต่ำกว่า 170 กิโลวัตต์ แบบก', '2,386,000.-', '6 ตัน 6 ล้อ ปริมาตรกระบอกสูบไม่ต่ำกว่า 6,000 ซีซี หรือ... แบบกระเทท้าย.pdf', 6, 83, 3, '2020-10-30', '2024-12-25', 1),
(2914, '6303 0201 0061', 'รถบรรทุก (ดีเซล) ขนาด 6 ตัน 6 ล้อ ปริมาตรกระบอกสูบไม่ต่ำกว่า 6,000 ซีซี หรือกำลังเครื่องยนต์สูงสุดไม่่ต่ำกว่า 170 กิโลวัตต์ แบบก', '2,190,000.-', '6303 0201 0061.pdf', 6, 83, 3, '2020-10-30', '2024-01-12', 1),
(2915, 'S 5 016 0402 990', 'รถบรรทุก (ดีเซล) ขนาด 6 ตัน 6 ล้อ ปริมาตรกระบอกสูบไม่ต่ำกว่า 6,000 ซีซี หรือกำลังเครื่องยนต์สูงสุดไม่่ต่ำกว่า 170 กิโลวัตต์ แบบบ', '2,702,000.-', '6 ตัน 6 ล้อ ปริมาตรกระบอกสูบไม่ต่ำกว่า 6,000 ซีซี หรือ... แบบบรรทุกน้ำ.pdf', 6, 83, 3, '2020-10-30', '2024-12-25', 1),
(2916, 'S 5 016 0206 264', 'รถบรรทุกกระบะเหล็ก ขนาด 6 ตัน 6 ล้อ ติดตั้งปั้นจั่นหรือเครน (crane) 3 ตัน', '2,600,000.-', 'กระบะเหล็ก ขนาด 6 ตัน 6 ล้อ ติดตั้งปั้นจั่นหรือเครน (crane) 3 ตัน.pdf', 6, 83, 3, '2020-10-30', '2024-07-15', 1),
(2917, '6302 0605 0100', 'สว่านชนิดเจาะคอนกรีตแบบโรตารี่ ขนาด 24 มม.', '9,000.-', '6302 0605 0100.pdf', 10, 56, 3, '2020-10-30', '2020-10-30', 1),
(2918, '6302 0303 0096', 'จานรับสัญญาณดาวเทียม ชนิดจานทึบ ขนาดไม่น้อยกว่า 60 ซ.ม. และต่อเข้ากับทีวีได้ไม่น้อยกว่า 1 เครื่อง', '3,300 .-', '6302 0303 0096.pdf', 2, 35, 1, '2020-11-03', '2020-11-03', 1),
(2919, '6302 0303 0097', 'จานรับสัญญาณดาวเทียม ชนิดจานทึบ ขนาดไม่น้อยกว่า 60 ซ.ม. และต่อเข้ากับทีวีได้ไม่น้อยกว่า 2 เครื่อง', '5,600 .-', '6302 0303 0097.pdf', 2, 35, 1, '2020-11-03', '2020-11-03', 1),
(2920, '6302 0303 0098', 'จานรับสัญญาณดาวเทียม ชนิดจานทึบ ขนาดไม่น้อยกว่า 60 ซ.ม. และต่อเข้ากับทีวีได้ไม่น้อยกว่า 3 เครื่อง', '7,880 .-', '6302 0303 0098.pdf', 2, 35, 1, '2020-11-03', '2020-11-03', 1),
(2921, '6302 0303 0099', 'จานรับสัญญาณดาวเทียม ชนิดจานทึบ ขนาดไม่น้อยกว่า 60 ซ.ม. และต่อเข้ากับทีวีได้ไม่น้อยกว่า 4 เครื่อง', '10,150 .-', '6302 0303 0099.pdf', 2, 35, 1, '2020-11-03', '2020-11-03', 1),
(2922, '6306 0902 0104 ', 'เครื่องแต่งความหนาชิ้นทดสอบผลิตภัณฑ์ยาง', '1,267,660.-', '6306 0902 0104.pdf', 13, 13, 6, '2020-11-06', '2020-11-06', 1),
(2923, '6306 0902 0105', 'ชุดทดสอบกำลังของดิน Triaxial', '3,316,660.-', '6306 0902 0105.pdf', 13, 13, 6, '2020-11-06', '2020-11-06', 1),
(2924, '6306 0902 0106', 'เครื่องทดสอบแรงดึงขนาด 5 ตัน', '1,957,700.-', '6306 0902 0106.pdf', 13, 13, 6, '2020-11-06', '2020-11-06', 1),
(2925, '6303 0701 0101', 'รถผสมคอนกรีต ขนาด 6 คิว (10 ล้อ)', '4,000,000', '6303 0701 0101.pdf', 8, 8, 3, '2020-11-11', '2021-11-05', 1),
(2926, '6303 0201 0107', 'รถปั้นจั่น ล้อยาง ขนาด 50 ตัน (All Terrain Crane)', '', '6303 0201 0107.pdf', 6, 83, 3, '2020-11-11', '2020-11-11', 1),
(2927, '6303 0703 0108', 'เรือกำจัดวัชพืช ชนิดแบ็คโฮว์ลงโป๊ะ', '', '6303 0703 0108-2.pdf', 8, 89, 3, '2020-11-24', '2021-03-09', 2),
(2928, '6406 0508 0001', 'โดรนเพื่อการเกษตร', '', '6406 0508 0001.pdf', 7, 90, 3, '2021-01-11', '2021-01-11', 3),
(2929, '6406 0508 0001', 'โดรนเพื่อการเกษตร', '320,000', '6406 0508 0001.pdf', 13, 91, 6, '2021-01-11', '2021-01-11', 1),
(2930, '6403 0802 0011', 'เรือเก็บตัวอย่างตะกอนและคุณภาพน้ำ', '', '6403 0802 0011.pdf', 6, 92, 3, '2021-02-16', '2021-02-16', 2),
(2931, '6402 0307 0015', 'ชุดไมโครโฟนห้องประชุมสำหรับชุดประชุมทางไกล ขนาดผู้เข้าร่วมประชุมรวม 15 ท่าน', '387,900.-', '6402-0307-0015.pdf', 2, 37, 1, '2021-02-23', '2021-03-01', 1),
(2932, '6402 0307 0016', 'ชุดไมโครโฟนห้องประชุมสำหรับชุดประชุมทางไกล ขนาดผู้เข้าร่วมประชุมรวม 21 ท่าน', '510,300.-', '6402-0307-0016.pdf', 2, 37, 1, '2021-02-23', '2021-03-01', 1),
(2933, '6402 0307 0018', 'ชุดเครื่องเสียงสำหรับประชุมทางไกล แบบที่ 1 ', '50,100.-', '6402-0307-0018.pdf', 2, 37, 1, '2021-02-23', '2021-02-23', 1),
(2934, '6402 0307 0014', 'ชุดไมโครโฟนห้องประชุมสำหรับชุดประชุมทางไกล ขนาดผู้เข้าร่วมประชุมรวม 9 ท่าน', '265,500.-', '6402-0307-0014.pdf', 2, 37, 1, '2021-03-01', '2021-03-01', 1),
(2935, '6402 0307 0017', 'ชุดไมโครโฟนห้องประชุมสำหรับชุดประชุมทางไกล ขนาดผู้เข้าร่วมประชุมรวม 25 ท่าน', '591,900.-', '6402-0307-0017.pdf', 2, 37, 1, '2021-03-01', '2021-03-01', 1),
(2936, '6405 0903 0013', 'ชุดเก็บตัวอย่างตะกอนดินใต้ท้องน้ำ ชนิดไม่รบกวนโครงสร้าง', '431,000.-', '6405 0903 0013.pdf', 12, 93, 5, '2021-03-08', '2021-03-08', 1),
(2937, '6406 0506 0027', 'ตู้อบลมร้อนสมุนไพร', '330,333.-', '6406 0506 0027.pdf', 13, 94, 6, '2021-03-12', '2021-03-12', 1),
(2938, '6406 0902 0028', 'ตู้นึ่งขวดแก้ว', '186,666.-', '6406 0902 0028.pdf', 13, 13, 6, '2021-03-12', '2021-03-12', 1),
(2939, '6406 0902 0029', 'ตู้ควบคุมอุณหภูมิ ขนาดไม่น้อยกว่า 680 ลิตร', '38,533.-', '6406 0902 0029.pdf', 13, 13, 6, '2021-03-12', '2021-03-12', 1),
(2940, '6406 0505 0030', 'เครื่องชั่งอิเล็กทรนิกส์ ชนิด 1,200 กรัม ความละเอียด 0.01 กรัม', '23,313.-', '6406 0505 0030.pdf', 13, 95, 6, '2021-03-12', '2021-03-12', 1),
(2941, '6406 0505 0031', 'เครื่องชั่งอิเล็กทรอนิกส์ ชนิด 150 กิโลกรัม', '22,883.-', '6406 0505 0031.pdf', 13, 95, 6, '2021-03-12', '2021-03-12', 1),
(2942, '6406 0902 0032', 'เครื่องหั่นสมุนไพร', '323,800.-', '6406 0902 0032.pdf', 13, 13, 6, '2021-03-12', '2021-03-12', 1),
(2943, '6406 0902 0033', 'เครื่องบดย่อย', '186,666.-', '6406 0902 0033.pdf', 13, 13, 6, '2021-03-12', '2021-03-12', 1),
(2944, '6406 0902 0034', 'เครื่องบดละเอียด', '339,666.-', '6406 0902 0034.pdf', 13, 13, 6, '2021-03-12', '2021-03-12', 1),
(2945, '6406 0508 0035', 'เครื่องล้างสมุนไพร', '489,333.-', '6406 0508 0035.pdf', 13, 95, 6, '2021-03-12', '2021-03-12', 1),
(2946, '6406 0902 0036 ', 'เครื่องหาปริมาณความชื้น', '92,166.-', '6406 0902 0036.pdf', 13, 13, 6, '2021-03-12', '2021-03-12', 1),
(2947, '6406 1201 0037', 'เครื่องกรองน้ำระบบ Reverse Osmosis (OR)', '31,166.-', '6406 1201 0037.pdf', 13, 97, 6, '2021-03-12', '2021-03-12', 1),
(2948, '6405 0903 0038', 'เครื่องวัดความเค็มอัตโนมัติ แบบติดตั้ง สำหรับใช้งานระบบโทรมาตร', '230,000.-', '6405 0903 0038.pdf', 12, 93, 5, '2021-03-30', '2021-03-30', 1),
(2949, '6406 0906 0043', 'ตู้ตรวจเช็คและฆ่าเชื้อโคโรนาไวรัส', '', '6406 0906 0043.pdf', 13, 98, 6, '2021-05-21', '2021-05-21', 1),
(2950, '6402 0307 0047', 'ชุดไมโครโฟนห้องประชุม แบบใช้งานทั่วไป ขนาด ชุด 9 ตัว', '46,000.-', '6402-0307-0047.pdf', 2, 37, 1, '2021-06-10', '2021-06-22', 1),
(2951, '6402 0307 0048', 'ชุดไมโครโฟนห้องประชุม แบบใช้งานทั่วไป ขนาด ชุด 11 ตัว', '53,400.-', '6402-0307-0048.pdf', 2, 37, 1, '2021-06-10', '2021-06-22', 1),
(2952, '6402 0307 0049', 'ชุดไมโครโฟนห้องประชุม แบบใช้งานทั่วไป ขนาด ชุด 15 ตัว', '68,250.-', '6402-0307-0049.pdf', 2, 37, 1, '2021-06-10', '2021-06-22', 1),
(2953, '6406 0902 0050', 'เครื่องซีลขวด', '97,700.-', '6406 0902 0050.pdf', 13, 13, 6, '2021-06-22', '2021-06-22', 1),
(2954, '6406 0902 0051', 'เครื่องวัดความหนืด', '137,360.-', '6406 0902 0051.pdf', 13, 13, 6, '2021-06-22', '2021-06-22', 1),
(2955, '6406 0906 0053', 'กล้องจุลทรรศน์ชนิดหัวกลับ (Inverted Microscope) พร้อมชุดถ่ายภาพดิจิทัลและประมวลผล', '490,500.-', '6406 0906 0053.pdf', 13, 98, 6, '2021-06-22', '2021-06-22', 1),
(2956, '6406 0902 0070', 'เครื่องมือวัดค่าคุณภาพน้ำ แบบหัวรวม', '2,400,000.-', '6406 0902 0070.pdf', 13, 13, 6, '2021-07-29', '2021-08-01', 1),
(2957, 'DSD-PZ-VW10-2564', ' หัววัดแรงดันน้ำ พร้อมสายสัญญาณชนิดวัดแรงดันน้ำปกติระหว่าง 0-10 เมตรของน้ำ', '', 'DSP-PZ-VW10-2564.pdf', 12, 58, 5, '2021-09-13', '2021-09-13', 3),
(2958, 'DSD-PZ-VW25-2564', 'หัววัดแรงดันน้ำ พร้อมสายสัญญาณชนิดวัดแรงดันน้ำปกติระหว่าง 0-25 เมตรของน้ำ', '', 'DSP-PZ-VW25-2564.pdf', 12, 58, 5, '2021-09-13', '2021-09-13', 3),
(2959, 'DSD-PZ-VW50-2564', 'หัววัดแรงดันน้ำ พร้อมสายสัญญาณชนิดวัดแรงดันน้ำปกติระหว่าง 0-50 เมตรของน้ำ', '', 'DSP-PZ-VW50-2564.pdf', 12, 58, 5, '2021-09-13', '2021-09-13', 3),
(2960, 'DSD-PZ-VW75-2564', 'หัววัดแรงดันน้ำ พร้อมสายสัญญาณชนิดวัดแรงดันน้ำปกติระหว่าง 0-75 เมตรของน้ำ', '', 'DSP-PZ-VW75-2564.pdf', 12, 58, 5, '2021-09-13', '2021-09-13', 3),
(2961, 'DSD-PZ-VW100-256', 'หัววัดแรงดันน้ำ พร้อมสายสัญญาณชนิดวัดแรงดันน้ำปกติระหว่าง 0-100 เมตรของน้ำ\r\n', '', 'DSP-PZ-VW100-2564.pdf', 12, 58, 5, '2021-09-13', '2021-09-13', 3),
(2962, 'DSD-PZ-RU-2564', 'อุปกรณ์อ่านค่าแรงดันน้ำ (Readout Unit หรือ Data Logger)\r\n', '', 'DSD-PZ-RU-2564.pdf', 12, 58, 5, '2021-09-13', '2021-09-13', 3),
(2963, 'DSD-PZ-VW10-2564', ' หัววัดแรงดันน้ำ พร้อมสายสัญญาณชนิดวัดแรงดันน้ำปกติระหว่าง 0-10 เมตรของน้ำ', '- หัววัด 55,000 ', 'DSP-PZ-VW10-2564.pdf', 12, 57, 5, '2021-09-13', '2021-12-17', 1),
(2964, 'DSD-PZ-VW25-2564', 'หัววัดแรงดันน้ำ พร้อมสายสัญญาณชนิดวัดแรงดันน้ำปกติระหว่าง 0-25 เมตรของน้ำ\r\n', '- หัววัด 55,000 ', 'DSP-PZ-VW25-2564.pdf', 12, 57, 5, '2021-09-13', '2021-12-17', 1),
(2965, 'DSD-PZ-VW50-2564', 'หัววัดแรงดันน้ำ พร้อมสายสัญญาณชนิดวัดแรงดันน้ำปกติระหว่าง 0-50 เมตรของน้ำ\r\n', '- หัววัด 55,000 ', 'DSP-PZ-VW50-2564.pdf', 12, 57, 5, '2021-09-13', '2021-12-17', 1),
(2966, 'DSD-PZ-VW75-2564', 'หัววัดแรงดันน้ำ พร้อมสายสัญญาณชนิดวัดแรงดันน้ำปกติระหว่าง 0-75 เมตรของน้ำ\r\n', '- หัววัด 55,000 ', 'DSP-PZ-VW75-2564.pdf', 12, 57, 5, '2021-09-13', '2021-12-17', 1),
(2967, 'DSD-PZ-VW100-256', 'หัววัดแรงดันน้ำ พร้อมสายสัญญาณชนิดวัดแรงดันน้ำปกติระหว่าง 0-100 เมตรของน้ำ\r\n', '- หัววัด 55,000 ', 'DSP-PZ-VW100-2564.pdf', 12, 57, 5, '2021-09-13', '2021-12-17', 1),
(2968, 'DSD-PZ-RU-2564', 'อุปกรณ์อ่านค่าแรงดันน้ำ (Readout Unit หรือ Data Logger)', '315,000', 'DSD-PZ-RU-2564.pdf', 12, 57, 5, '2021-09-13', '2021-12-17', 1),
(2969, 'DSD-OW-Tube-2564', ' ชุดท่อของบ่อสังเกตการณ์ระดับน้ำใต้ดิน (Observation Well) สำหรับบ่อสังเกตการณ์ระดับน้ำใต้ดิน (Observation Well)\r\n', ' - L≤10m.  52,50', 'DSD-OW-Tube-2564.pdf', 12, 57, 5, '2021-09-13', '2021-12-17', 1),
(2970, 'DSD-OW-Dip30-256', 'อุปกรณ์อ่านค่าระดับน้ำ (Water Level Indicator หรือ Dip Meter) แบบสายเทปบอกตัวเลขความยาว 30 เมตร สำหรับบ่อสังเกตการณ์ระดับน้ำใต้ด', '67,000', 'DSD-OW-Dip30-2564.pdf', 12, 57, 5, '2021-09-13', '2021-12-17', 1),
(2971, 'DSD-OW-Dip50-256', 'อุปกรณ์อ่านค่าระดับน้ำ (Water Level Indicator หรือ Dip Meter) แบบสายเทปบอกตัวเลขความยาวไม่น้อยกว่า 50 เมตร สำหรับบ่อสังเกตการณ์ร', '87,500', 'DSD-OW-Dip50-2564.pdf', 12, 57, 5, '2021-09-13', '2021-12-17', 1),
(2972, 'DSD-OW-VW10-AT-2', 'หัววัดแรงดันน้ำ (Pore Water Pressure Transducer) พร้อมสายสัญญาณ สำหรับอุปกรณ์อ่านค่าระดับน้ำของบ่อสังเกตการณ์ระดับน้ำใต้ดิน (Obs', ' - หัววัด 55,000', 'DSD-OW-VW10-AT-2564.pdf', 12, 57, 5, '2021-09-13', '2021-12-17', 1),
(2973, 'DSD-OW-VW25-AT-2', 'หัววัดแรงดันน้ำ (Pore Water Pressure Transducer) พร้อมสายสัญญาณ สำหรับอุปกรณ์อ่านค่าระดับน้ำของบ่อสังเกตการณ์ระดับน้ำใต้ดิน (Obs', ' - หัววัด 55,000', 'DSD-OW-VW25-AT-2564.pdf', 12, 57, 5, '2021-09-13', '2021-12-17', 1),
(2974, 'DSD-SF-2564', 'แผ่นสลายพลังงาน แผ่นวัดระดับน้ำ และฝายวัดน้ำ สำหรับเครื่องมือวัดอัตราการไหลของน้ำผ่านตัวเขื่อน (Seepage Flow Meter)\r\n', ' - Stitting plae', 'DSD-SF-2564.pdf', 12, 57, 5, '2021-09-13', '2021-12-17', 1),
(2975, 'DSD-SF-AT-2564', 'หัววัดแรงดันน้ำ (Pore Water Pressure Transducer) พร้อมสายสัญญาณ สำหรับเครื่องมือวัดอัตราการไหลของน้ำผ่านตัวเขื่อน (Seepage Flow ', '106,000/ชุด', 'DSD-SF-AT-2564.pdf', 12, 57, 5, '2021-09-13', '2021-12-17', 1),
(2976, 'DSD-RWL-VW10-AT-', 'หัววัดแรงดันน้ำ (Pore Water Pressure Transducer) พร้อมสายสัญญาณ สำหรับเครื่องมือวัดระดับน้ำในอ่างเก็บน้ำ (Reservoir Water Level)', ' - หัววัด 66,000', 'DSD-RWL-VW10-AT-2564.pdf', 12, 57, 5, '2021-09-13', '2021-12-17', 1),
(2977, 'DSD-RWL-VW25-AT-', 'หัววัดแรงดันน้ำ (Pore Water Pressure Transducer) พร้อมสายสัญญาณ สำหรับเครื่องมือวัดระดับน้ำในอ่างเก็บน้ำ (Reservoir Water Level)', ' - หัววัด 66,000', 'DSD-RWL-VW25-AT-2564.pdf', 12, 57, 5, '2021-09-13', '2021-12-17', 1),
(2978, 'DSD-RWL-VW50-AT-', 'หัววัดแรงดันน้ำ (Pore Water Pressure Transducer) พร้อมสายสัญญาณ สำหรับเครื่องมือวัดระดับน้ำในอ่างเก็บน้ำ (Reservoir Water Level)', ' - หัววัด 66,000', 'DSD-RWL-VW50-AT-2564.pdf', 12, 57, 5, '2021-09-13', '2021-12-17', 1),
(2979, 'DSD-RWL-VW75-AT-', 'หัววัดแรงดันน้ำ (Pore Water Pressure Transducer) พร้อมสายสัญญาณ สำหรับเครื่องมือวัดระดับน้ำในอ่างเก็บน้ำ (Reservoir Water Level)', ' - หัววัด 66,000', 'DSD-RWL-VW75-AT-2564.pdf', 12, 57, 5, '2021-09-13', '2021-12-17', 1),
(2980, 'DSD-RWL-VW100-AT', 'หัววัดแรงดันน้ำ (Pore Water Pressure Transducer) พร้อมสายสัญญาณ สำหรับเครื่องมือวัดระดับน้ำในอ่างเก็บน้ำ (Reservoir Water Level)', ' - หัววัด 66,000', 'DSD-RWL-VW100-AT-2564.pdf', 12, 57, 5, '2021-09-13', '2021-12-17', 1),
(2981, 'DSD-IH-2564', 'อาคาร Instrument House พร้อม Terminal Box แบบ Data Logger ภายใน พร้อมระบบอ่านค่าและส่งข้อมูงแบบอัตโนมัติ\r\n', 'Unit cost', 'DSD-IH-2564.pdf', 12, 57, 5, '2021-09-13', '2021-12-17', 1),
(2982, 'DSD-INC-ACT-2564', 'ชุดท่อวัดการเคลื่อนตัว (Access Tube) พร้อมส่วนประกอบ (Fitting) สำหรับเครื่องมือวัดการเคลื่อนตัวในแนวราบ (Inclinometer)\r\n', ' - ท่อ 5,300/เมต', 'DSD-INC-ACT-2564.pdf', 12, 57, 5, '2021-09-13', '2021-12-17', 1),
(2983, 'DSD-INC-Probe50-', 'ชุดหัววัดการเครื่อนตัวในแนวราบ(Inclinometer Probe) พร้อมสายสัญญาณ 50 เมตร และระบบสื่อสารไร้สาย สำหรับเครื่องมือวัดการเคลื่อนตัวแ', '797,000', 'DSD-INC-Probe50-2564.pdf', 12, 57, 5, '2021-09-13', '2021-12-17', 1),
(2984, 'DSD-INC-Probe100', 'ชุดหัววัดการเครื่อนตัวในแนวราบ(Inclinometer Probe) พร้อมสายสัญญาณ 100 เมตร และระบบสื่อสารไร้สาย สำหรับเครื่องมือวัดการเคลื่อนตัว', '907,500', 'DSD-INC-Probe100-2564.pdf', 12, 57, 5, '2021-09-13', '2021-12-17', 1),
(2985, 'DSD-INC-Dum-2564', 'ชุดหัวทดสอบ (Dummy Probe) สำหรับเครื่องมือวัดการเคลื่อนตัวในแนวราบ (Inclinometer)\r\n', '72,000', 'DSD-INC-Dum-2564.pdf', 12, 57, 5, '2021-09-13', '2021-12-17', 1),
(2986, 'DSD-INC-CF-2564', 'อุปกรณ์สอบเทียบค่า (Calibrating Frame) สำหรับเครื่องมือวัดการเคลื่อนตัวในแนวราบ (Inclinometer)\r\n', '50,750', 'DSD-INC-CF-2564.pdf', 12, 57, 5, '2021-09-13', '2021-12-17', 1),
(2987, 'DSD-INC-RU-2564', 'อุปกรณ์อ่านค่าการเคลื่อนตัวในแนวราบ (Inclinometer Readout Unit) แบบ Data Logger และระบบสื่อสารไร้สาย (Wireless) สำหรับเครื่องมือ', '144,500', 'DSD-INC-RU-2564.pdf', 12, 57, 5, '2021-09-13', '2021-12-17', 1),
(2988, 'DSD-INC-IPI-2564', 'ชุดหัววัดการเคลื่อนตัวในแนวราบ (Inclinometer Probe) สำหรับความลึกไม่เกิน 80 เมตร เครื่องมือวัดการเคลื่อนตัวในแนวราบภายในตัวเขื่อ', '73,700/เมตร', 'DSD-INC-IPI-2564.pdf', 12, 57, 5, '2021-09-13', '2021-12-17', 1),
(2989, 'DSD-MSG-Probe-25', 'ชุดอุปกรณ์อ่านค่าการทรุดตัวภายในตัวเขื่อน (Magnetic Settlement Probe) พร้อมสายเทปวัดระยะ สำหรับเครื่องมือวัดการทรุดตัวภายในตัวเข', ' - L=30m.  63,00', 'DSD-MSG-Probe-2564.pdf', 12, 57, 5, '2021-09-13', '2021-12-17', 1),
(2990, 'DSD-MSG-SPIDER-2', 'ชุดเครื่องมือวัดการทรุดตัวภายในตัวเขื่อน (Spider and Plate Magnetic Settlement Gauge) สำหรับเครื่องมือวัดการทรุดตัวภายในตัวเขื่อ', '6,800', 'DSD-MSG-SPIDER-2564.pdf', 12, 57, 5, '2021-09-13', '2021-12-17', 1),
(2991, 'DSD-BM-2564', 'หมุดหลักฐานอ้างอิง (Reference Benchmark/Permanent Survey Monument)\r\n', '20,500', 'DSD-BM-2564.pdf', 12, 57, 5, '2021-09-13', '2021-12-17', 1),
(2992, 'DSD-SS-2564', 'หมุดวัดการทรุดตัว (Surface Settlement Point)\r\n', '6,250', 'DSD-SS-2564.pdf', 12, 57, 5, '2021-09-13', '2021-12-17', 1),
(2993, '6405 0903 0073', 'เครื่องวัดระดับน้ำอัตโนมัติแบบเรดาร์', '270,000.-', '6405-0903-0073.pdf', 12, 64, 5, '2021-09-22', '2023-01-05', 2),
(2994, '6405 0903 0074', 'ชุดเก็บตัวอย่างตะกอนดินใต้ท้องน้ำด้วยวิธีการสั่นด้วยคลื่นความถี่ประเภทใช้งานร่วมกับกว้าน เพื่อใช้บนเรือ', '955,000.-', '6405 0903 0074.pdf', 12, 93, 5, '2021-10-01', '2021-10-01', 2),
(2995, '6402 03047 0075', 'เครื่อง Switcher แบบ HDMI ขนาด 4 ช่องสัญญาณ สำหรับชุดประชุมทางไกล', '42,000.-', '6402-03047-0075.pdf', 2, 37, 1, '2021-10-11', '2021-10-11', 2),
(2996, '6402 0309 0079', 'ชุดอุปกรณ์ Live Streaming ขนาด 4 ช่องสัญญาณ', '110,000.-', '6402 0309 0079.pdf', 2, 99, 1, '2021-10-18', '2021-11-23', 1),
(2997, '6402 0309 0071', 'อุปกรณ์ GPRS Modem Router Wifi', '15,000.-', '6402-0309-0071-5.pdf', 2, 99, 1, '2021-10-31', '2021-11-05', 1),
(2998, 'test', 'test', '1234', 'test.pdf', 2, 99, 1, '2021-11-01', '2021-11-01', 3),
(2999, '12345', 'test', '', 'สรุปผลการตรวจสอบShapefile(261064).pdf', 1, 1, 1, '2021-11-01', '2021-11-01', 3),
(3000, '6403 0201 0092', 'รถบรรทุก (ดีเซล) ขนาด 1 ตัน ปริมาตรกระบอกสูบไม่ต่ำกว่า 2,400 ซีซี หรือกำลังเครื่องยนต์สูงสุดไม่ต่ำกว่า 110 กิโลวัตต์ ขับเคลื่อน ', '621,000.-', '5.รถบรรทุก 1 ตัน แบบธรรมดา ขับเคลื่อน 2 ล้อ.pdf', 6, 83, 3, '2021-11-04', '2024-12-25', 1),
(3001, '6403 0201 0093', 'รถบรรทุก (ดีเซล) ขนาด 1 ตัน ปริมาตรกระบอกสูบไม่ต่ำกว่า 2,400 ซีซี หรือกำลังเครื่องยนต์สูงสุดไม่ต่ำกว่า 110 กิโลวัตต์ ขับเคลื่อน ', 'ติดต่อสำนัก', '6.รถบรรทุก 1 ตัน แบบธรรมดา ขับเคลื่อน 4 ล้อ.pdf', 6, 83, 3, '2021-11-05', '2022-03-11', 1),
(3002, '6403 0201 0088', 'รถบรรทุก (ดีเซล) ขนาด 1 ตัน ปริมาตรกระบอกสูบไม่ต่ำกว่า 2,400 ซีซี หรือกำลังเครื่องยนต์สูงสุดไม่ต่ำกว่า 110 กิโลวัตต์ ขับเคลื่อน ', '777,000.-', '1.รถบรรทุก 1 ตัน CAB ขับเคลื่อน 2 ล้อ.pdf', 6, 83, 3, '2021-11-05', '2024-12-25', 1),
(3003, '6403 0201 0089', 'รถบรรทุก (ดีเซล) ขนาด 1 ตัน ปริมาตรกระบอกสูบไม่ต่ำกว่า 2,400 ซีซี หรือกำลังเครื่องยนต์สูงสุดไม่ต่ำกว่า 110 กิโลวัตต์ ขับเคลื่อน ', '975,000.-', '2.รถบรรทุก 1 ตัน CAB ขับเคลื่อน 4 ล้อ.pdf', 6, 83, 3, '2021-11-05', '2024-12-25', 1),
(3004, '6403 0201 0090', 'รถบรรทุก (ดีเซล) ขนาด 1 ตัน ปริมาตรกระบอกสูบไม่ต่ำกว่า 2,400 ซีซี หรือกำลังเครื่องยนต์สูงสุดไม่ต่ำกว่า 110 กิโลวัตต์ ขับเคลื่อน ', '935,000.-', '3.รถบรรทุก 1 ตัน DOUBLE CAB ขับเคลื่อน 2 ล้อ.pdf', 6, 83, 3, '2021-11-05', '2024-12-25', 1),
(3005, '6403 0201 0091', 'รถบรรทุก (ดีเซล) ขนาด 1 ตัน ปริมาตรกระบอกสูบไม่ต่ำกว่า 2,400 ซีซี หรือกำลังเครื่องยนต์สูงสุดไม่ต่ำกว่า 110 กิโลวัตต์ ขับเคลื่อน ', '1,172,000.-', '4. รถบรรทุก 1 ตัน DOUBLE CAB ขับเคลื่อน 4 ล้อ.pdf', 6, 83, 3, '2021-11-05', '2024-12-25', 1),
(3006, '6403 0201 0086', 'รถยนต์ตรวจการณ์ ปริมาตรกระบอกสูบไม่ต่ำกว่า 2,000 ซีซี หรือกำลังเครื่องยนต์ สูงสุดไม่ต่ำกว่า 110 กิโลวัตต์ เครื่องยนต์ดีเซล แบบขั', '1,480,000.-', '6403 0201 0086.pdf', 6, 83, 3, '2021-11-05', '2024-12-25', 1);
INSERT INTO `equipment` (`Equipment_id`, `Equipment_code`, `Equipment_details`, `Price`, `File_path_pdf`, `Category_id`, `Sub_category_id`, `Dep_id`, `Created_date`, `Update_date`, `Equipment_status`) VALUES
(3007, '6403 0201 0087', 'รถยนต์ตรวจการณ์ ปริมาตรกระบอกสูบไม่ต่ำกว่า 2,000 ซีซี หรือกำลังเครื่องยนต์ สูงสุดไม่ต่ำกว่า 110 กิโลวัตต์ เครื่องยนต์ดีเซล แบบขั', '1,664,000.-', '6403 0201 0087.pdf', 6, 83, 3, '2021-11-05', '2021-11-05', 1),
(3008, '6403 0201 0094', 'รถโดยสาร ขนาด 12 ที่นั่ง (ดีเซล) ปริมาตรกระบอกสูบไม่ต่ำกว่า 2,400 ซีซี หรือกำลังเครื่องยนต์สูงสุดไม่ต่ำกว่า 90 กิโลวัตต์', '1,358,000.-', '6403 0201 0094.pdf', 6, 83, 3, '2021-11-05', '2021-11-05', 2),
(3009, '6403 1202 0095', 'เครื่องตัดหญ้า แบบนั่งขับ', '170,000', '6403 1201 0095.pdf', 9, 54, 3, '2021-11-05', '2021-11-17', 1),
(3010, 'S5309-0401-0104/', 'รถเกลี่ยดิน ขนาด 150 แรงม้า', '7,375,000.-', 'S 5 309 0401 0104-4(11-2563).pdf', 8, 8, 3, '2021-11-17', '2021-12-16', 1),
(3011, '6403 0201 0106', 'รถยกของ (Forklift) ขนาดการยกน้ำหนัก 5 ตัน', '1,900,000.-', '6403 0201 0106.pdf', 6, 83, 3, '2021-11-17', '2021-11-17', 1),
(3012, '6402 0307 0104', 'อุปกรณ์ประชุมทางไกล (VDO Conference) ขนาดผู้เข้าร่วมประชุม 1-5 ท่าน แบบที่ 1', '43,500.-', '6402-0307-0104.pdf', 2, 37, 1, '2021-11-19', '2021-11-19', 1),
(3013, '6401 0101 0096', 'เครื่องเคลือบบัตร', '3,000.-', 'Spec เครื่องเคลือบบัตร.pdf', 15, 102, 7, '2021-12-13', '2021-12-13', 1),
(3014, '6401 0101 0097', 'เครื่องถ่ายเอกสารระบบดิจิตอล แบบความเร็ว 20 แผ่นต่อนาที', '87,500.-', '6401 0101 0097 เครื่องถ่ายเอกสารระบบดิจิตอล ความเร็ว 20 แผ่นต่อนาที.pdf', 15, 102, 7, '2021-12-14', '2021-12-14', 2),
(3015, '6401 0101 0098', 'เครื่องถ่ายเอกสารระบบดิจิตอล แบบความเร็ว 30 แผ่นต่อนาที', '105,000.-', '6401 0101 0098 เครื่องถ่ายเอกสารระบบดิจิตอล ความเร็ว 30 แผ่นต่อนาที.pdf', 15, 102, 7, '2021-12-14', '2021-12-14', 2),
(3016, '6401 0101 0099', 'เครื่องถ่ายเอกสารระบบดิจิตอล แบบความเร็ว 50 แผ่นต่อนาที', '200,000.-', '6401 0101 0099 เครื่องถ่ายเอกสารระบบดิจิตอล ความเร็ว 50 แผ่นต่อนาที.pdf', 15, 102, 7, '2021-12-14', '2021-12-14', 2),
(3017, '6401 0101 0100', 'เครื่องถ่ายเอกสารสีระบบดิจิตอล แบบความเร็ว 50 แผ่นต่อนาที', '400,000.-', '6401 0101 0100 เครื่องถ่ายเอกสารสีระบบดิจิตอล ความเร็ว 50 แผ่นต่อนาที.pdf', 15, 102, 7, '2021-12-14', '2021-12-14', 2),
(3018, '6401 0101 0101', 'เครื่องทำลายเอกสาร แบบตัดตรงทำลายครั้งละ 20 แผ่น', '29,900.-', '6401 0101 0101 เครื่องทำลายเอกสารแบบตัดตรงครั้งละ 20 แผ่น.pdf', 15, 102, 7, '2021-12-14', '2021-12-14', 2),
(3019, '6401 0101 0102', 'เครื่องเจาะกระดาษและเข้าเล่ม แบบเจาะกระดาษไฟฟ้าและเข้าเล่มมือโยก', '19,900.-', '6401 0101 0102 เครื่องเจาะกระดาษและเข้าเล่มแบบเจาะกระดาษไฟฟ้า.pdf', 15, 102, 7, '2021-12-14', '2021-12-14', 2),
(3020, '6401 0101 0103', 'เครื่องพิมพ์สำเนาระบบดิจิตอล แบบความละเอียด 300 x 400 จุดต่อตารางนิ้ว', '111,000.-', '6401 0101 0103 เครื่องพิมพ์สำเนาระบบดิจิตอล ความละเอียด 300x400 จุดต่อตารางนิ้ว.pdf', 15, 102, 7, '2021-12-14', '2021-12-14', 2),
(3021, 'DSD-SAA-2564', 'อุปกรณ์วัดการเคลื่อนตัวในแนวราบแบบ Segment หรือ Shape Acceleration Array พร้อมระบบตรวจวัดอัตโนมัติ', '73,700/เมตร', 'Spec_No.DSD-SAA-2564.pdf', 12, 57, 5, '2021-12-17', '2021-12-17', 1),
(3022, '6402 0307 0075', 'เครื่อง Switcher แบบ HDMI ขนาด 4 ช่อง สำหรับชุดประชุมทางไกล', '42,000.-', '6402-0307-0075.pdf', 2, 37, 1, '2021-12-20', '2021-12-20', 1),
(3023, '6401 0404 0126', 'โทรทัศน์ แอล อี ดี (LED TV) แบบ Smart TV ระดับความละเอียดจอภาพ 3840 x 2160 พิกเซล ขนาด 43 นิ้ว', '15,000.-', '6401 0404 0126 แอล อี ดี แบบ Smart TV ขนาด 43 นิ้ว.pdf', 14, 79, 7, '2021-12-21', '2024-08-16', 1),
(3024, '6401 0404 0127', 'โทรทัศน์ แอล อี ดี (LED TV) แบบ Smart TV ระดับความละเอียดจอภาพ 3840 x 2160 พิกเซล ขนาด 65 นิ้ว', '30,000.-', '6401 0404 0127 แอล อี ดี แบบ Smart TV ขนาด 65 นิ้ว.pdf', 14, 79, 7, '2021-12-21', '2024-08-16', 1),
(3025, '6401 0401 0129', 'กล้องถ่ายภาพ ระบบดิจิตอลแบบสะท้อนเลนส์เดี่ยว ความละเอียด 20 ล้านพิกเซล', '50,000.-', '6401 0401 0129 กล้องถ่ายภาพดิจิตอลสะท้อนเลนส์เดี่ยว 20 ล้านพิกเซล.pdf', 14, 73, 7, '2022-01-12', '2022-01-12', 1),
(3026, '6405 0903 0107', 'เครื่องวัดระดับน้ำอัตโนมัติแบบเรดาร์และเครื่องวัดน้ำฝนอัตโนมัติแบบกระดก', '298,000', '6405-0903-0107 (1).pdf', 12, 64, 5, '2022-01-18', '2023-01-05', 1),
(3027, '6405 0903 0073', 'เครื่องวัดระดับน้ำอัตโนมัติแบบเรดาร์', '270,000', '6405-0903-0073 ..pdf', 12, 64, 5, '2022-01-18', '2023-01-05', 1),
(3028, '6405 0903 0002', 'อุปกรณ์วัดคุณภาพน้ำ แบบอัตโนมัติ สำหรับระบบโทรมาตร', '350,000', '6405 0903 0002.pdf', 12, 93, 5, '2022-01-18', '2022-01-18', 2),
(3029, '6405 0904 0108', 'เครื่องวัดการระเหยของน้ำพร้อมอุปกรณ์ (EVAPORATION PAN WITH STILL WELL AND HOOK GAUGE)', '70,000', '6405 0904 0108.pdf', 12, 71, 5, '2022-01-18', '2022-01-18', 1),
(3030, '6405 0904 0125', 'เครื่องวัดกระแสลมแบบ COUNTER (CUP COUNTER ANEMOMETER) ', '50,000', '6405 0904 0125.pdf', 12, 71, 5, '2022-01-18', '2022-01-18', 1),
(3031, '6407 0104 0085', 'ชุดโต๊ะทำงาน 4 ที่นั่ง ขนาด 2400x1200x750 มม.', '101,365.-', 'doc00788720220127103140.pdf', 3, 42, 2, '2022-01-27', '2022-01-27', 1),
(3032, '6507-0104-0001', 'ตู้เก็บเอกสารแบบตอนบน 2 ช่องโล่งตอนล่างบานเลื่อนทึบ (ขนาด 800 x 400 x 1,600 มม.)', '5,290.-', 'doc00790320220127135216.pdf', 3, 44, 2, '2022-01-27', '2022-01-27', 1),
(3033, '6507-0104-0002', 'ตู้เก็บเอกสารบานเลื่อนทึบ (ขนาด 800 x 400 x 840 มม.)', '3,257.-', 'doc00790220220127135140.pdf', 3, 44, 2, '2022-01-27', '2022-01-27', 1),
(3034, '6507-0104-0003', 'โต๊ะคอมพิวเตอร์ (ขนาด 800 x 600 x 750 มม.)', '2,604.-', 'doc00790120220127135110.pdf', 3, 42, 2, '2022-01-27', '2022-01-27', 1),
(3035, '6502-0307-0055', 'ระบบห้องประชุมทางไกลผ่านวีดิทัศน์ (Video Conference) ขนาดผู้เข้าร่วมประชุม 10 ท่าน', '425,000.-', '6502-0307-0055.pdf', 2, 37, 1, '2022-03-02', '2022-03-02', 2),
(3036, '6502-0307-0056', 'ระบบห้องประชุมทางไกลผ่านวีดิทัศน์ (Video Conference) ขนาดผู้เข้าร่วมประชุม 10 ท่าน แบบที่ 3', '379,700.-', '6502-0307-0056.pdf', 2, 37, 1, '2022-03-02', '2022-03-02', 2),
(3037, 'S 5 321 0101 021', 'เครื่องปรับอากาศ แบบแยกส่วน แบบตั้งพื้นหรือแบบแขวน ขนาด 24,000 บีทียู', '32,200.-', 'S 5 321 0101 0211-9 (06-2564).pdf', 4, 4, 3, '2022-04-05', '2022-04-05', 1),
(3038, 'S 5 321 0101 020', 'เครื่องปรับอากาศ แบบแยกส่วน แบบตั้งพื้นหรือแบบแขวน ขนาด 30,000 บีทียู', '41,500.-', 'S 5 321 0101 0209-8 (06-2564).pdf', 4, 4, 3, '2022-04-05', '2022-04-05', 1),
(3039, '6507-0107-0058', 'ม่านปรับแสงแนวตั้ง แบบที่ 1 (SUNSCREEN)', '1,528 - /(ตารางห', 'แบบที่ 1.pdf', 3, 47, 2, '2022-04-07', '2022-04-07', 1),
(3040, '6507-0107-0059', 'ม่านปรับแสงแนวตั้ง แบบที่ 2 (BLACK OUT)', '1,691 - /(ตารางห', 'แบบที่ 2.pdf', 3, 47, 2, '2022-04-07', '2022-04-07', 1),
(3041, '6507-0107-0060', 'ม่านปรับแสงแนวตั้ง แบบที่ 3 (DIM OUT)', '1,122 - /(ตารางห', 'แบบที่ 3.pdf', 3, 47, 2, '2022-04-07', '2022-04-07', 1),
(3042, '6507-0107-0061', 'ม่านปรับแสงแนวตั้ง แบบที่ 4 (ALUMINIUM)', '1,891 - /(ตารางห', 'แบบที่ 4.pdf', 3, 47, 2, '2022-04-07', '2022-04-07', 1),
(3043, '6505 0903 0063', 'เครื่องวัดกระแสน้ำแบบ Acoustic Side Looking current Meter ขนาดความถี่ไม่เกิน 600 kHz', '940,000.-', 'เครื่องวัดกระแสน้ำ ขนาดความถี่ไม่เกิน 600 kHz.pdf', 12, 66, 5, '2022-04-28', '2022-05-09', 1),
(3044, '6502-0302-0062', 'เครื่องรับส่งวิทยุระบบ VHF/FM ชนิดมือถือ 5 วัตต์', '12,000.-', '6502-0302-0062.pdf', 2, 34, 1, '2022-05-06', '2022-05-06', 2),
(3045, '6502-0311-0078', 'กล้องถ่ายทอดสัญญาณสำหรับชุดประชุมทางไกล', '35,000.-', '6502-0311-0078.pdf', 2, 99, 1, '2022-05-24', '2022-05-24', 2),
(3046, '6502-0305-0082', 'ลำโพงเคลื่อนที่พร้อมแอมป์ในตัว ขนาดไม่น้อยกว่า 1,000 วัตต์', '134,500.-', '6502-0305-0082.pdf', 2, 31, 1, '2022-05-24', '2022-05-24', 1),
(3047, '6502-0311-0078', 'กล้องถ่ายทอดสัญญาณสำหรับชุดประชุมทางไกล', '35,000.-', '6502-0311-0078.pdf', 2, 32, 1, '2022-05-24', '2022-05-24', 1),
(3048, '6502-0311-0075', 'อุปกรณ์บันทึกภาพผ่านเครือข่าย (Network Video Recorder) แบบ 8 ช่อง', '22,000.-', '6502-0311-0075.pdf', 2, 32, 1, '2022-05-24', '2022-05-24', 1),
(3049, '6502-0311-0076', 'อุปกรณ์บันทึกภาพผ่านเครือข่าย (Network Video Recorder) แบบ 16 ช่อง', '57,000.-', '6502-0311-0076.pdf', 2, 32, 1, '2022-05-24', '2022-05-24', 1),
(3050, '6502-0311-0077', 'อุปกรณ์บันทึกภาพผ่านเครือข่าย (Network Video Recorder) แบบ 32 ช่อง', '120,000.-', '6502-0311-0077.pdf', 2, 32, 1, '2022-05-24', '2022-05-24', 1),
(3051, '6505 0903 0092', 'เครื่องวัดระดับน้ำอัตโนมัติ แบบฟองอากาศ', '274,000', '6505 0903 0092.pdf', 12, 64, 5, '2022-06-06', '2022-06-06', 1),
(3052, '6502-0311-0065', 'กล้องโทรทัศน์วงจรปิดชนิดเครือข่าย แบบมุมมองคงที่สำหรับติดตั้งภายนอกสำนักงาน', '5,700.-', '6502-0311-0065.pdf', 2, 32, 1, '2022-06-17', '2022-06-17', 1),
(3053, '6502-0311-0064', 'กล้องโทรทัศน์วงจรปิดชนิดเครือข่าย แบบมุมมองคงที่สำหรับติดตั้งภายในสำนักงาน', '3,000.-', '6502-0311-0064.pdf', 2, 32, 1, '2022-06-17', '2022-06-17', 1),
(3054, '6502-0311-0066', 'กล้องโทรทัศน์วงจรปิดชนิดเครือข่าย แบบมุมมองคงที่สำหรับติดตั้งภายในอาคาร สำหรับใช้ในงานรักษาความปลอดภัยทั่วไปและงานอื่นๆ', '16,000.-', '6502-0311-0066.pdf', 2, 32, 1, '2022-06-17', '2022-06-17', 1),
(3055, '6502-0311-0067', 'กล้องโทรทัศน์วงจรปิดชนิดเครือข่าย แบบมุมมองคงที่สำหรับติดตั้งภายนอกอาคาร สำหรับใช้ในงานรักษาความปลอดภัยทั่วไปและงานอื่นๆ', '22,000.-', '6502-0311-0067.pdf', 2, 32, 1, '2022-06-17', '2022-06-17', 1),
(3056, '6502-0311-0068', 'กล้องโทรทัศน์วงจรปิดชนิดเครือข่าย แบบปรับมุมมอง สำหรับใช้ในงานรักษาความปลอดภัยทั่วไปและงานอื่นๆ', '61,000.-', '6502-0311-0068.pdf', 2, 32, 1, '2022-06-17', '2022-06-17', 2),
(3057, '6502-0311-0069', 'กล้องโทรทัศน์วงจรปิดชนิดเครือข่าย แบบมุมมองคงที่สำหรับติดตั้งภายในอาคาร แบบที่ 1  สำหรับใช้ในงานรักษาความปลอดภัย วิเคราะห์ภาพ แล', '38,000.-', '6502-0311-0069.pdf', 2, 32, 1, '2022-06-17', '2022-06-17', 1),
(3058, '6502-0311-0070', 'กล้องโทรทัศน์วงจรปิดชนิดเครือข่าย แบบมุมมองคงที่สำหรับติดตั้งภายในอาคาร แบบที่ 2 สำหรับใช้ในงานรักษาความปลอดภัย วิเคราะห์ภาพ และ', '44,000.-', '6502-0311-0070.pdf', 2, 32, 1, '2022-06-17', '2022-06-17', 1),
(3059, '6502-0311-0071', 'กล้องโทรทัศน์วงจรปิดชนิดเครือข่าย แบบมุมมองคงที่สำหรับติดตั้งภายนอกอาคาร แบบที่ 1 สำหรับใช้ในงานรักษาความปลอดภัย วิเคราะห์ภาพ แล', '55,000.-', '6502-0311-0071.pdf', 2, 32, 1, '2022-06-17', '2022-06-17', 1),
(3060, '6502-0311-0072', 'กล้องโทรทัศน์วงจรปิดชนิดเครือข่าย แบบมุมมองคงที่สำหรับติดตั้งภายนอกอาคาร แบบที่ 2 สำหรับใช้ในงานรักษาความปลอดภัย วิเคราะห์ภาพ แล', '53,000.-', '6502-0311-0072.pdf', 2, 32, 1, '2022-06-17', '2022-06-17', 1),
(3061, '6502-1006-0073', 'อุปกรณ์กระจายสัญญาณแบบ PoE (PoE L2 Switch) ขนาด 8 ช่อง', '8,300.-', '6502-1006-0073.pdf', 2, 32, 1, '2022-06-17', '2022-06-17', 1),
(3062, '6502-1006-0074', 'อุปกรณ์กระจายสัญญาณแบบ PoE (PoE L2 Switch) ขนาด 16 ช่อง', '15,000.-', '6502-1006-0074.pdf', 2, 32, 1, '2022-06-17', '2022-06-17', 1),
(3063, '6504-0801-0079', 'กล้องวัดมุมพร้อมเครื่องวัดระยะอิเล็กทรอนิกส์ พร้อมอุปกรณ์', '400,000', '6504-0801-0079.pdf', 11, 84, 4, '2022-07-06', '2022-07-06', 1),
(3064, '6504-0801-0080', 'กล้องวัดมุมพร้อมเครื่องวัดระยะอิเล็กทรอนิกส์อัตโนมัติ พร้อมอุปกรณ์', '963,000', '6504-0801-0080.pdf', 11, 84, 4, '2022-07-06', '2022-07-06', 1),
(3065, '6504-0801-0081', 'กล้องระดับดิจิทัลความละเอียดสูงสำหรับงานระดับชั้น 2 พร้อมอุปกรณ์', '500,000', '6504-0801-0081.pdf', 11, 84, 4, '2022-07-06', '2022-07-06', 1),
(3066, '6504-0801-0094', 'กล้องวัดมุม ชนิด อิเล็กทรอนิกส์อัตโนมัติ ค่ามุม 5 ฟิลิปดา พร้อมอุปกรณ์', '118,000', '6504-0801-0094.pdf', 11, 84, 4, '2022-07-06', '2022-07-06', 1),
(3067, '6504-0801-0095', 'กล้องระดับ ชนิด อัตโนมัติพร้อมอุปกรณ์ (กำลังขยายไม่น้อยกว่า 30 เท่า)', '34,000', '6504-0801-0095.pdf', 11, 84, 4, '2022-07-06', '2022-07-06', 2),
(3068, '6504-0801-0096', 'กล้องระดับ ชนิด อัตโนมัติพร้อมอุปกรณ์ (กำลังขยายไม่น้อยกว่า 24 เท่า)', '24,000', '6504-0801-0096.pdf', 11, 84, 4, '2022-07-06', '2022-07-06', 1),
(3069, '6501 0101 0109', 'เครื่องพิมพ์แบบแปลนสีระบบมัลติฟังก์ชั่น ขนาดกระดาษ A0', '800,000.-', '6501 0101 0109 เครื่องพิมพ์แบบแปลนสีระบบมัลติฟังก์ชั่น ขนาดกระดาษ A0.pdf', 15, 102, 7, '2022-08-11', '2022-08-11', 2),
(3070, '6501 0101 0110', 'เครื่องพิมพ์แบบแปลนขาว-ดำ ระบบมัลติฟังก์ชั่น ขนาดกระดาษ A0', '780,000.-', '6501 0101 0110 เครื่องพิมพ์แบบแปลนขาว-ดำ ระบบมัลติฟังก์ชั่น ขนาดกระดาษ A0.pdf', 15, 102, 7, '2022-08-11', '2022-08-11', 2),
(3071, '6501 0101 0113', 'เครื่องถ่ายเอกสารระบบดิจิตอล แบบความเร็ว 20 แผ่นต่อนาที', '87,500.-', '6501 0101 0113 เครื่องถ่ายระบบดิจิตอล ความเร็ว 20 แผ่นต่อนาที.pdf', 15, 102, 7, '2022-09-18', '2022-09-18', 2),
(3072, '6501 0101 0114', 'เครื่องถ่ายเอกสารระบบดิจิตอล แบบความเร็ว 30 แผ่นต่อนาที', '120,000.-', '6501 0101 0114 เครื่องถ่ายระบบดิจิตอล ความเร็ว 30 แผ่นต่อนาที.pdf', 15, 102, 7, '2022-09-18', '2022-09-18', 2),
(3073, '6501 0101 0115', 'เครื่องถ่ายเอกสารระบบดิจิตอล แบบความเร็ว 40 แผ่นต่อนาที', '180,000.-', '6501 0101 0115 เครื่องถ่ายระบบดิจิตอล ความเร็ว 40 แผ่นต่อนาที.pdf', 15, 102, 7, '2022-09-18', '2022-09-18', 2),
(3074, '6501 0101 0116', 'เครื่องถ่ายเอกสารระบบดิจิตอล แบบความเร็ว 50 แผ่นต่อนาที', '200,000.-', '6501 0101 0116 เครื่องถ่ายระบบดิจิตอล ความเร็ว 50 แผ่นต่อนาที.pdf', 15, 102, 7, '2022-09-18', '2022-09-18', 2),
(3075, '6501 0101 0117', 'เครื่องถ่ายเอกสารสีระบบดิจิตอล แบบความเร็ว 20 แผ่นต่อนาที', '120,000.-', '6501 0101 0117 เครื่องถ่ายสีระบบดิจิตอล ความเร็ว 20 แผ่นต่อนาที.pdf', 15, 102, 7, '2022-09-18', '2022-09-18', 2),
(3076, '6501 0101 0118', 'เครื่องถ่ายเอกสารสีระบบดิจิตอล แบบความเร็ว 30 แผ่นต่อนาที', '250,000.-', '6501 0101 0118 เครื่องถ่ายสีระบบดิจิตอล ความเร็ว 30 แผ่นต่อนาที.pdf', 15, 102, 7, '2022-09-18', '2022-09-18', 2),
(3077, '6501 0101 0119', 'เครื่องถ่ายเอกสารสีระบบดิจิตอล แบบความเร็ว 40 แผ่นต่อนาที', '300,000.-', '6501 0101 0119 เครื่องถ่ายสีระบบดิจิตอล ความเร็ว 40 แผ่นต่อนาที.pdf', 15, 102, 7, '2022-09-18', '2022-09-18', 2),
(3078, '6501 0101 0120', 'เครื่องถ่ายเอกสารสีระบบดิจิตอล แบบความเร็ว 50 แผ่นต่อนาที', '400,000.-', '6501 0101 0120 เครื่องถ่ายสีระบบดิจิตอล ความเร็ว 50 แผ่นต่อนาที.pdf', 15, 102, 7, '2022-09-18', '2022-09-18', 2),
(3079, '6501 0101 0121', 'เครื่องพิมพ์สำเนาระบบดิจิตอล แบบความละเอียด 300 x 400 จุดต่อตารางนิ้ว', '111,000.-', '6501 0101 0121 เครื่องพิมพ์สำเนาดิจิตอล แบบ 300x400 จุดต่อตารางนิ้ว.pdf', 15, 102, 7, '2022-09-18', '2022-09-18', 1),
(3080, '6501 0101 0122', 'เครื่องพิมพ์สำเนาระบบดิจิตอล แบบความละเอียด 300 x 600 จุดต่อตารางนิ้ว', '180,000.-', '6501 0101 0122 เครื่องพิมพ์สำเนาดิจิตอล แบบ 300x600 จุดต่อตารางนิ้ว.pdf', 15, 102, 7, '2022-09-18', '2022-09-18', 1),
(3081, '6501 0107 0123', 'เครื่องทำลายเอกสาร แบบตัดตรงทำลายครั้งละ 20 แผ่น', '30,000.-', '6501 0107 0123.pdf', 15, 15, 7, '2022-09-18', '2023-03-21', 2),
(3082, '6501 0101 0124', 'เครื่องเจาะกระดาษและเข้าเล่ม แบบเจาะกระดาษไฟฟ้าและเข้าเล่มมือโยก', '19,300.-', '6501 0101 0124 เครื่องเจาะกระดาษและเข้าเล่ม แบบไฟฟ้าและเข้าเล่มมือโยก.pdf', 15, 102, 7, '2022-09-18', '2022-09-18', 1),
(3083, '6505 0903 0107', 'เครื่องวัดระดับน้ำอัตโนมัติแบบฟองอากาศและเครื่องวัดน้ำฝนอัตโนมัติแบบกระดก', '319,000', 'ขอหมายเลขรายละเอียดคุณลักษณะเฉพาะ (Specifications)  (มอ.993)-4-9.pdf', 12, 64, 5, '2022-10-05', '2022-10-05', 1),
(3084, '6603-0706-0032', 'เครื่องสั่นคอนกรีต ขนาด 38 มิลลิเมตร', '17,600.-*', 'เครื่องสั่นคอนกรีตขนาด 38 มิลลิเมตร.pdf', 8, 8, 3, '2022-10-20', '2023-03-21', 1),
(3085, '6605 0903 0013', 'อุปกรณ์เพื่อการเฝ้าระวังปรากฏการณ์ยูโทรฟิเคชั่น สำหรับระบบโทรมาตร', '985,000.-', '6605 0903 0013.pdf', 12, 93, 5, '2022-11-07', '2022-11-07', 1),
(3086, '6601 0101 0006', 'เครื่องพิมพ์แบบการพิมพ์หน้ากว้าง', '', '6601 0101 0006 เครื่องพิมพ์แบบการพิมพ์หน้ากว้าง.pdf', 15, 15, 7, '2022-11-09', '2022-11-09', 3),
(3087, '6601 0101 0007', 'เครื่องสำเนาเอกสารสีมัลติฟังก์ชั่น แบบความเร็ว 100 แผ่นต่อนาที', '1,500,000.-', '6601 0101 0007 เครื่องสำเนาเอกสารสีมัลติฟังก์ชั่น แบบความเร็ว 100 แผ่นต่อนาที.pdf', 15, 102, 7, '2022-11-09', '2022-11-10', 2),
(3088, '6601 0101 0006', 'เครื่องพิมพ์แบบการพิมพ์หน้ากว้าง', '650,000.-', '6601 0101 0006 เครื่องพิมพ์แบบการพิมพ์หน้ากว้าง.pdf', 15, 102, 7, '2022-11-09', '2022-11-10', 1),
(3089, '6602 0305 0021', 'เครื่องขยายเสียงสำหรับการบรรยาย', '22,500.-', '6602 0305 0021.pdf', 2, 31, 1, '2022-11-22', '2022-11-22', 2),
(3090, '6602 0305 0021', 'เครื่องขยายเสียงสำหรับการบรรยาย แบบมีเครื่องขยายเสียง ไมโครโฟนไร้สาย 1 คู่ ตู้ลำโพงติดผนัง 1 คู่', '22,500.-', '6602 0305 0021.pdf', 2, 31, 1, '2022-12-21', '2022-12-21', 1),
(3091, '6602 0302 0035', 'เครื่องรับส่งวิทยุ แบบเครื่องแดง ชนิดมือถือ 5 วัตต์', '6,800.-', '6602 0302 0035.pdf', 2, 34, 1, '2022-12-21', '2022-12-21', 1),
(3092, '6602 0302 0036', 'เครื่องรับส่งวิทยุ VHF/FM ชนิดมือถือ 5 วัตต์', '12,000.-', '6602 0302 0036.pdf', 2, 34, 1, '2022-12-21', '2022-12-21', 1),
(3093, '6602 0311 0037', 'เครื่องบันทึกเสียง แบบดิจิตอล', '5,300.-', '6602 0311 0037.pdf', 2, 32, 1, '2022-12-21', '2022-12-21', 1),
(3094, '6605 0903 0008', 'ชุดเก็บตัวอย่างตะกอนดินในท้องน้ำ ด้วยวิธีการสั่นด้วยคลื่นความถี่ประเภทใช้งานร่วมกับกว้านเพื่อใช้บนเรือ', '950,000', '6605-0903-0008.pdf', 12, 93, 5, '2023-01-23', '2023-01-23', 1),
(3095, '6607-0104-0040', 'เก้าอี้สำนักงานพนักพิงกลาง ขนาด 640 x 640 x 990 มม.', '5,885.-', '16022023124243.pdf', 3, 43, 2, '2023-02-16', '2023-02-16', 1),
(3096, '6607-0104-0041', 'เก้าอี้สำนักงานพนักพิงกลาง ขนาด 630 x 640 x 1000 มม.', '5,609.-', '16022023124258.pdf', 3, 43, 2, '2023-02-16', '2023-02-16', 1),
(3097, '6607-0104-0042', 'เก้าอี้สำนักงานพนักพิงกลาง ขนาด 620 x 670 x 1020-1120 มม.', '5,885.-', '16022023124307.pdf', 3, 43, 2, '2023-02-16', '2023-02-16', 1),
(3098, '6607-0104-0043', 'เก้าอี้สำนักงานพนักพิงกลาง ขนาด 550 x 630 x 880 มม.', '5,817.-', '16022023124319.pdf', 3, 43, 2, '2023-02-16', '2023-02-16', 1),
(3099, '6607-0104-0044', 'เก้าอี้สำนักงานพนักพิงสูง ขนาด 660 x 570 x 1180-1240 มม.', '5,851.-', '16022023124329.pdf', 3, 43, 2, '2023-02-16', '2023-02-16', 1),
(3100, '6605-0903-0045', 'เครื่องวัดคุณภาพน้ำอัตโนมัติใช้งานระบบโทรมาตร', '540,000', '6605-0903-0045.pdf', 12, 93, 5, '2023-02-28', '2023-02-28', 1),
(3101, '6605-0903-0045', 'เครื่องวัดคุณภาพน้ำอัตโนมัติใช้งานระบบโทรมาตร', '540,000', '6605-0903-0045.pdf', 12, 93, 5, '2023-02-28', '2023-02-28', 3),
(3102, '6605-0903-0045', 'เครื่องวัดคุณภาพน้ำอัตโนมัติใช้งานระบบโทรมาตร', '540,000', '6605-0903-0045.pdf', 12, 93, 5, '2023-02-28', '2023-02-28', 3),
(3103, '6603 0202 0039', 'ชุดสายพานลำเลียงผักตบชวาขึ้นฝั่ง', '4,000,000.-*', 'ชุดสายพานลำเลียงผักตบชวาขึ้นฝั่ง.pdf', 6, 50, 3, '2023-03-21', '2023-03-21', 1),
(3104, '6603 0202 0038', 'เรือเก็บผักตบชวาและวัชพืชแบบสายพานลำเลียง', '10,000,000.-*', 'เรือเก็บผักตบชวาและวัชพืชแบบสายพานลำเลียง.pdf', 6, 50, 3, '2023-03-21', '2023-03-21', 1),
(3105, '6603-0703-0029', 'เรือขุดชนิดหัวขุดและส่งดินด้วยท่อ ขนาดท่อส่งดินไม่น้อยกว่า 8 นิ้ว', '69,000,000.-*', 'เรือขุดชนิดหัวขุดและส่งดินด้วยท่อ  ขนาดท่อส่งดินไม่น้อยกว่า 8 นิ้ว.pdf', 8, 89, 3, '2023-03-21', '2023-03-21', 1),
(3106, '6603-0703-0029', 'เรือขุดชนิดหัวขุดและส่งดินด้วยท่อ ขนาดท่อส่งดินไม่น้อยกว่า 8 นิ้ว', '69,000,000.-*', 'เรือขุดชนิดหัวขุดและส่งดินด้วยท่อ  ขนาดท่อส่งดินไม่น้อยกว่า 8 นิ้ว.pdf', 8, 89, 3, '2023-03-21', '2023-03-21', 2),
(3107, '6602-0306-0046', 'ชุดไมโ่ครโฟนห้องประชุมสำหรับชุดประชุมทางไกล ขนาดผู้เข้าร่วมประชุมรวม 5 ท่าน', '183,900.-', '6602-0306-0046.pdf', 2, 33, 1, '2023-03-22', '2023-03-22', 1),
(3108, '6602-0306-0047', 'ชุดไมโ่ครโฟนห้องประชุมสำหรับชุดประชุมทางไกล ขนาดผู้เข้าร่วมประชุมรวม 7 ท่าน', '224,700.-', '6602-0306-0047.pdf', 2, 33, 1, '2023-03-22', '2023-03-22', 1),
(3109, 'S 520-0723-0199', 'เครื่องมือตรวจวัดคลื่นแผ่นดินไหวแบบ ACCELEROGRAPH', 'สอบถามต้นสังกัด', 'S520-0723-0199.pdf', 11, 11, 4, '2023-04-20', '2023-04-24', 1),
(3110, 'S 520-0704-0409', 'เครื่องมือตรวจวัดคลื่นแผ่นดินไหวแบบ SEISMOGRAPH FOR TRIAXIAL STATION', 'สอบถามต้นสังกัด', 'S520-0704-0409.pdf', 11, 11, 4, '2023-04-20', '2023-04-24', 1),
(3111, 'SC-01-2560', 'ชุดโซฟารับแขกหนังแท้', '', '22052023090054.pdf', 3, 47, 2, '2023-05-22', '2023-05-22', 1),
(3112, 'SC-06-2549', 'เก้าอี้พนักพิงสูง', '', '22052023090020.pdf', 3, 43, 2, '2023-05-23', '2023-05-23', 1),
(3113, 'SC-22-2551', 'บอร์ดโปสเตอร์ (ประชาสัมพันธ์)', '', '22052023090041.pdf', 3, 47, 2, '2023-05-23', '2023-05-23', 1),
(3114, '462/6กย65', 'เตียงนอน ขนาด 3.5 ฟุต', '', '22052023090107.pdf', 3, 41, 2, '2023-05-23', '2023-05-23', 1),
(3115, 'SC-3-2550', 'โต๊ะทำงานไม้ ชนิด 2 ลิ้นชัก (ด้านขวา) แบบที่ 2', '', '22052023090119.pdf', 3, 42, 2, '2023-05-23', '2023-05-23', 1),
(3116, '463/6กย65', 'เตียงนอน ขนาด 6 ฟุต', '', '22052023090130.pdf', 3, 41, 2, '2023-05-23', '2023-05-23', 1),
(3117, 'SC-4-2550', 'โต๊ะคอมพิวเตอร์ชนิดแบบมี 2 ลิ้นชัก (ด้านขวา)', '', '22052023090155.pdf', 3, 42, 2, '2023-05-23', '2023-05-23', 1),
(3118, '2S-143-36', 'ตู้สำนักงานเคลื่อนที่สำเร็จรูปอเนกประสงค์ และ ตู้พักอาศัยสำเร็จรูปเคลื่อนที่อเนกประสงค์', '', '2s-143-36.pdf', 3, 47, 2, '2023-05-23', '2023-05-23', 1),
(3119, '2S-149-39', 'ห้องพักอาศัยสำเร็จรูป', '', '2s-149-39.pdf', 3, 47, 2, '2023-05-23', '2023-05-23', 1),
(3120, '2S-155-38', 'สำนักงานสำเร็จรูป', '', '2s-155-38.pdf', 3, 47, 2, '2023-05-23', '2023-05-23', 1),
(3121, 'DD-SC-1-2532', 'ตู้เหล็กเก็บเอกสารชนิกบานเลื่อน', '', 'dd-sc-1-2532.pdf', 3, 44, 2, '2023-05-23', '2023-05-23', 1),
(3122, 'DD-SC-2-2535', 'ตู้เหล็กเก็บเอกสาร 3 ลิ้นชัก (มี มอก.)', '', 'dd-sc-2-2535.pdf', 3, 44, 2, '2023-05-23', '2023-05-23', 1),
(3123, 'DD-SC-2-2539', 'โคมไฟฟ้าชนิดติดตั้งกับโต๊ะเขียนแบบ', '', 'dd-sc-2-3539.pdf', 3, 47, 2, '2023-05-23', '2023-05-23', 1),
(3124, 'DD-SC-3-2528', 'เครื่องเขียนตัวอักษรภาษาอักกฤษ (LETTRING SET)', '', 'dd-sc-3-2528.pdf', 3, 46, 2, '2023-05-23', '2023-05-23', 1),
(3125, 'DD-SC-3-2530', 'เครื่องคำนวนเลขไฟฟ้าอีเล็คโทรนิคแบบกระเป๋า', '', 'dd-sc-3-2530.pdf', 3, 3, 2, '2023-05-23', '2023-05-23', 3),
(3126, 'DD-SC-3-2530', 'เครื่องคำนวนเลขไฟฟ้าอีเล็คโทรนิคแบบกระเป๋า', '', 'dd-sc-3-2530.pdf', 3, 46, 2, '2023-05-23', '2023-05-23', 1),
(3127, 'DD-SC-6-2529', 'ตู้เหล็กเก็บบัตร 7 ลิ้นชัก', '', 'dd-sc-6-2529.pdf', 3, 44, 2, '2023-05-23', '2023-05-23', 1),
(3128, 'DD-SC-6-2535', 'ชั้นวางหนังสือ', '', 'dd-sc-6-2535.pdf', 3, 45, 2, '2023-05-23', '2023-05-23', 1),
(3129, 'DD-SC-6-2538', 'เครื่องทำความสะอาดปากกาเขียนแบบด้วยคลื่นเสียง', '', 'dd-sc-6-2538.pdf', 3, 46, 2, '2023-05-23', '2023-05-23', 1),
(3130, 'DD-SC-6-2528', 'วงล้อวัดระยะความยาว', '', 'dd-sc-7-2528.pdf', 3, 46, 2, '2023-05-23', '2023-05-23', 1),
(3131, 'DD-SC-10-2530', 'โต๊ะพิมพ์ดีดติดล้อเลื่อน', '', 'dd-sc-10-2530.pdf', 3, 42, 2, '2023-05-23', '2023-05-23', 1),
(3132, 'DD-SC-16-2530', 'ชุดเครื่องเขียน (DRAWING SETS)', '', 'dd-sc-16-2530.pdf', 3, 46, 2, '2023-05-23', '2023-05-23', 1),
(3133, 'DD-SC-17-2530', 'ตู้เหล็กสำหรับแขวนเสื้อผ้า', '', 'dd-sc-17-2530.pdf', 3, 44, 2, '2023-05-23', '2023-05-23', 1),
(3134, 'DD-SC-18-2530', 'BEAM COMPASS', '', 'dd-sc-18-2530.pdf', 3, 46, 2, '2023-05-23', '2023-05-23', 1),
(3135, 'DD-SC-23-2528', 'ตู้เหล็กเก็บบัตร 5 ลิ้นชัก', '', 'dd-sc-23-2528.pdf', 3, 44, 2, '2023-05-23', '2023-05-23', 1),
(3136, 'SC-1-2550', 'โต๊ะประชุมพร้อมเก้าอี้ขนาด 10 ที่นั่ง', '', 'sc-1-2550.pdf', 3, 42, 2, '2023-05-23', '2023-05-23', 1),
(3137, 'SC-2-2550', 'โต๊ะทำงานไม้ ชนิด 2 ลิ้นชัก (ด้านขวา) แบบที่ 1', '', 'sc-2-2550.pdf', 3, 42, 2, '2023-05-23', '2023-05-23', 1),
(3138, 'SC-3-2549', 'โต๊ะประชุมพร้อมเก้าอี้ขนาด 20 ที่นั่ง', '80,000.-', 'sc-3-2549.pdf', 3, 42, 2, '2023-05-23', '2023-05-23', 1),
(3139, 'SC-15-2551', 'โต๊ะทำงานขาเหล็ก แบบที่ 1 (1200 X 600 X 750 มม.)', '', 'sc-15-2551.pdf', 3, 42, 2, '2023-05-23', '2023-05-23', 1),
(3140, 'แบบ ค. 09', 'โต๊ะโทรศัพท์ โต๊ะรับแขกและโต๊ะข้าง โต๊ะเครื่องคิดเลข', '', 'แบบ ค. 09.pdf', 3, 42, 2, '2023-05-23', '2023-05-23', 1),
(3141, 'แบบ ค. 10 ก.', 'ชั้นวางเอกสาร ก.', '800.-', 'แบบ ค. 10 ก..pdf', 3, 45, 2, '2023-05-23', '2023-05-23', 1),
(3142, 'แบบ ค. 10 ข.', 'ชั้นวางเอกสาร ข.', '1200.-', 'แบบ ค. 10 ข..pdf', 3, 45, 2, '2023-05-23', '2023-05-23', 1),
(3143, 'แบบ ต. 05', 'โต๊ะพิมพ์ดีดมาตรฐาน', '', 'แบบ ต. 05.pdf', 3, 42, 2, '2023-05-23', '2023-05-23', 1),
(3144, '6602-0306-0118', 'ขุดไมค์ลอย แบบมือถือคู่ย่าน UHF', '26,200.-', '6602-0306-0118.pdf', 2, 33, 1, '2023-05-25', '2023-05-25', 1),
(3145, '6602-0306-0120', 'ตู้ลำโพง 15 นิ้ว 2 ทาง แบบไม่มีกำลังขยายในตัว ขนาด 1,000 วัตต์', '24,500.-', '6602-0306-0120.pdf', 2, 33, 1, '2023-05-25', '2023-05-25', 1),
(3146, '6602-0305-0125', 'เครื่องผสมสัญญาณเสียงมีกำลังขยายในตัว ขนาด 12 ช่องสัญญาณ', '48,000.-', '6602-0305-0125.pdf', 2, 31, 1, '2023-05-25', '2023-05-25', 1),
(3147, '6602-0305-0123', 'มิกเซอร์สำหรับงานสตรีมมิ่ง พร้อมออดิโออินเตอร์เฟส', '10,600.-', '6602-0305-0123.pdf', 2, 31, 1, '2023-05-25', '2023-05-25', 1),
(3148, '6602-0305-0124', 'เครื่องผสมสัญญาณเสียง ขนาด 10 ช่องสัญญาณ', '14,900.-', '6602-0305-0124.pdf', 2, 31, 1, '2023-05-25', '2023-05-25', 1),
(3149, '6602-0306-0117', 'ชุดไมค์ลอย แบบมือถือเดี่ยวย่าน UHF', '33,000.-', '6602-0306-0117.pdf', 2, 33, 1, '2023-05-25', '2023-05-25', 1),
(3150, '6602-0306-0122', 'ไมโครโฟนไร้สาย ติดปกเสื้อ/ติดกล้อง ระบบดิจิตอล', '15,500.-', '6602-0306-0122.pdf', 2, 33, 1, '2023-05-25', '2023-05-25', 1),
(3151, '6602-0306-0119', 'ไมโครโฟนมีสายแบบไดนามิคมีสวิตซ์เปิดปิด', '4,600.-', '6602-0306-0119.pdf', 2, 33, 1, '2023-05-25', '2023-05-25', 1),
(3152, '6602-0306-0121', 'ชุดหูฟังอินเตอร์คอมไร้สาย', '47,200.-', '6602-0306-0121.pdf', 2, 31, 1, '2023-05-25', '2023-05-25', 1),
(3153, '6601 0101 0136', 'เครื่องพิมพ์แบบแปลนสีระบบมัลติฟังก์ชั่น ขนาดกระดาษ A0', '1,500,000.-', '6601 0101 0136 เครื่องพิมพ์แบบแปลนสีระบบมัลติฟังก์ชั่น ขนาดกระดาษ A0.pdf', 15, 102, 7, '2023-06-29', '2023-06-29', 1),
(3154, '6601 0101 0137', 'เครื่องพิมพ์แบบแปลนขาว-ดำ ระบบมัลติฟังก์ชั่น ขนาดกระดาษ A0', '750,000.-', '6601 0101 0137 เครื่องพิมพ์แบบแปลนขาวดำระบบมัลติฟังก์ชั่น ขนาดกระดาษ A0.pdf', 15, 102, 7, '2023-06-29', '2023-06-29', 1),
(3155, '6602-1201-0134', 'จักรทำลวดลาย แบบใช้มอเตอร์ไฟฟ้าเย็บผ้าและทำลวดลายได้อัตโนมัติไม่ต่ำกว่า 8 ลวดลาย', '8,500.-', '6602-1201-0134.pdf', 2, 103, 1, '2023-06-29', '2023-06-29', 1),
(3156, '6602-1201-0135', 'จักรทำลวดลาย แบบใช้มอเตอร์ไฟฟ้าเย็บผ้าและทำลวดลายได้อัตโนมัติไม่ต่ำกว่า 17 ลวดลาย', '11,500.-', '6602-1201-0135.pdf', 2, 103, 1, '2023-06-29', '2023-06-29', 1),
(3157, '6607-0104-0146', 'ตู้เหล็กเก็บเอกสารบานเลื่อนทึบ ขนาด 850 x 400 x 850 มม.', '5,250.-', '18082023114042.pdf', 3, 44, 2, '2023-08-18', '2023-08-18', 1),
(3158, '6607-0104-0145', 'ตู้เหล็กเก็บเอกสารบานเลื่อนกระจก ขนาด 850 x 400 x 850 มม.', '5,250.-', 'แก้ไข ตู้เหล็กบานเลื่อนกรจก.pdf', 3, 44, 2, '2023-08-18', '2024-06-10', 1),
(3159, '6607-0104-0144', 'เก้าอี้ทำงานพนักพิงตาข่ายสูงปกติ ขนาด 630 x 560 x 930-1030 มม.', '4,515.-', '18082023114033.pdf', 3, 43, 2, '2023-08-18', '2023-08-18', 1),
(3160, '6607-0104-0143', 'เก้าอี้ทำงานพนักพิงตาข่ายสูง ขนาด 650 x 560 x 1060-1160 มม.', '6,090.-', '18082023114027.pdf', 3, 43, 2, '2023-08-18', '2023-08-18', 1),
(3161, '6607-0104-0142', 'ชุดโต๊ะทำงานขาเหล็ก ขนาด 1950 x 2000 x 750 มม.', '26,250.-', '18082023114021.pdf', 3, 42, 2, '2023-08-18', '2023-08-18', 1),
(3162, '6607-0104-0141', 'ชุดโต๊ะทำงานขาเหล็กพร้อมตู้ลิ้นชัก 2 ชั้นล้อเลื่อน ขนาด 1600 x 600 x 750 มม.', '9,975.-', '18082023114013.pdf', 3, 42, 2, '2023-08-18', '2023-08-18', 2),
(3163, '6607-0104-0140', 'ชุดโต๊ะทำงานขาเหล็กพร้อมตู้ลิ้นชัก 2 ชั้นล้อเลื่อน ขนาด 1200 x 600 x 750 มม.', '11,025.-', '18082023114002.pdf', 3, 42, 2, '2023-08-18', '2023-08-22', 2),
(3164, 'S 517 0902 2374/', 'ถังบรรจุน้ำมัน ขนาด 5,000 ลิตร', '65,000 (ไม่รวม v', '20.S 517 0902 2374-1-65 ถังน้ำมันขนาด 5000 ลิตร.pdf', 10, 104, 3, '2023-08-18', '2023-08-18', 1),
(3165, 'S 517 0902 2375/', 'ถังบรรจุน้ำมัน ขนาด 10,000 ลิตร', '128,000 (ไม่รวม ', '19.S 517 0902 2375-1-65 ถังน้ำมันขนาด 10000 ลิตร.pdf', 10, 104, 3, '2023-08-18', '2023-08-18', 1),
(3166, 'S 517 0902 2371/', 'ถังบรรจุน้ำมัน ขนาด 15,000 ลิตร', '137,000 (ไม่รวม ', '18.S 517 0902 2371-3-65 ถังน้ำมันขนาด 15000 ลิตร.pdf', 10, 104, 3, '2023-08-18', '2023-08-18', 1),
(3167, 'S 517 0902 2372/', 'ถังบรรจุน้ำมัน ขนาด 20,000 ลิตร', '177,000 (ไม่รวม ', '16.S 517 0902 2372-2-65 ถังน้ำมันขนาด 20000 ลิตร.pdf', 10, 104, 3, '2023-08-18', '2023-08-18', 1),
(3168, 'S 517 0902 2390/', 'ตู้จ่ายน้ำมันชนิด 1 หัวจ่าย', '117,500 (ไม่รวม ', 'S 517 0902 2390_1-65 ตู้จ่ายน้ำมัน 1 หัวจ่าย.pdf', 10, 104, 3, '2023-08-18', '2023-08-18', 1),
(3169, 'S 517 0902 2391/', 'ตู้จ่ายน้ำมันเชื้อเพลิงชนิด 2 หัวจ่าย', '163,000 (ไม่รวม ', 'S 517 0902 2391_1-65 ตู้จ่ายน้ำมันเชื้อเพลิง 2 หัวจ่าย.pdf', 10, 104, 3, '2023-08-18', '2023-08-18', 1),
(3170, '6602-0307-0150', 'ระบบห้องประชุมทางไกลผ่านวีดิทัศน์ (Video Conference) ขนาดผู้เข้าร่วมประชุม 10 ท่าน', '425,000.-', '6602-0307-0150.pdf', 2, 37, 1, '2023-09-19', '2023-09-19', 1),
(3171, '6602-0307-0151', 'ระบบห้องประชุมทางไกลผ่านวีดิทัศน์ (Video Conference) ขนาดผู้เข้าร่วมประชุม 10 ท่าน แบบที่ 2', '498,700.-', '6602-0307-0151.pdf', 2, 37, 1, '2023-09-19', '2023-09-19', 1),
(3172, '6602-0307-0152', 'ระบบห้องประชุมทางไกลผ่านวีดิทัศน์ (Video Conference) ชนิดเคลื่อนที่', '487,400.-', '6602-0307-0152.pdf', 2, 37, 1, '2023-09-19', '2023-09-19', 1),
(3173, '6602-0307-0149', 'อุปกรณ์ประชุมทางไกล (VDO Conference) ขนาดผู้เข้าร่วมประชุม 1-5 ท่าน แบบที่ 2', '111,000.-', '6602-0307-0149.pdf', 2, 37, 1, '2023-09-20', '2023-09-20', 1),
(3174, '6605 0903 0153', 'เครื่องตรวจวัดปริมาณการไหลและหน้าตัดการไหลในลำน้ำ(River Survey Overview) พร้อมอุปกรณ์(ไม่มีเครื่องหาค่าพิกัด)', '1,850,000', '6605-0903-0153.pdf', 12, 66, 5, '2023-09-29', '2023-10-04', 1),
(3175, '6605 0506 0135', 'เครื่องวัดแรงดึงน้ำของดิน (Tensiometer)', '72,000.-', '6605-0506-0155.pdf', 12, 105, 5, '2023-10-04', '2023-10-06', 2),
(3176, '6702-0307-0002', 'เครื่องเสียงสำหรับห้องประชุมขนาดผู้ร่วมประชุม 20 ท่าน พร้อมอุปกรณ์ประกอบ ', '312,800.-', '6702-0307-0002.pdf', 2, 37, 1, '2023-10-09', '2023-10-09', 2),
(3177, '6702-0307-0003', 'เครื่องเสียงสำหรับห้องประชุมขนาดผู้ร่วมประชุม 24 ท่าน พร้อมอุปกรณ์ประกอบ ', '408,600.-', '6702-0307-0003.pdf', 2, 37, 1, '2023-10-09', '2023-10-09', 2),
(3178, '6702-0307-0004', 'เครื่องเสียงสำหรับห้องประชุมขนาดผู้ร่วมประชุม 30 ท่าน พร้อมอุปกรณ์ประกอบ ', '440,200.-', '6702-0307-0004.pdf', 2, 37, 1, '2023-10-09', '2023-10-09', 2),
(3179, '6702-0310-0006', 'ชุดอุปกรณ์ควบคุมแบบสั่งการระยะไกล ขนาด 8 Analog Input , 40 Digital Input และ 40 Digital Output', '265,000', '6702-0310-0006.pdf', 2, 27, 1, '2023-10-20', '2023-10-20', 2),
(3180, '6705-0903-0009', 'เครื่องมือเก็บตัวอย่างตะกอนแบบ DH-59', '280,000', '6705-0903-0009..pdf', 12, 93, 5, '2023-10-20', '2023-12-13', 1),
(3181, '6705-0903-0008', 'เครื่องเก็บตัวอย่างตะกอนแขวนลอยแบบ DH-49', '499,000', '6705-0903-0008..pdf', 12, 93, 5, '2023-10-20', '2023-12-13', 3),
(3182, '6705-0903-0007', 'เครื่องเก็บตัวอย่างตะกอนแขวนลอยแบบ DH-48', '98,000', '6705-0903-0007..pdf', 12, 93, 5, '2023-10-20', '2023-12-13', 1),
(3183, '6705-0505-0010', 'เครื่องวัดความหวาน (Brix Refractometer)', '12,000', 'ขอหมายเลขรายละเอียดคุณลักษณะเฉพาะ(Specifications).pdf', 12, 105, 5, '2023-10-27', '2023-10-27', 1),
(3184, '6705-0903-0001', 'เครื่องกว้าน', '374,000', '6705-0903-0001.pdf', 12, 93, 5, '2023-10-27', '2023-10-27', 1),
(3185, '6705-0506-0011', 'เครื่องวัดแรงดึงน้ำของดิน (Tensiometer)', '12,000', 'tensiometer.pdf', 12, 105, 5, '2023-10-31', '2023-10-31', 2),
(3186, '6705-0903-0013', 'เครื่องวัดกระแสน้ำแบบคลื่นเสียงความถี่ 300 kHz\r\n', '1,400,000', '6705-0903-0013.pdf', 12, 66, 5, '2023-11-17', '2023-11-17', 1),
(3187, '111', '111', '1111', '111.pdf', 1, 17, 1, '2023-12-06', '2023-12-06', 3),
(3188, '6604-0801-0010', 'เครื่องมือสำรวจหาค่าพิกัดและระดับด้วยสัญญาณดาวเทียม GNSS สำรวจแบบ RTK พร้อมอุปกรณ์ประกอบ', '400,000', 'GNSS RTK.pdf', 11, 11, 4, '2023-12-08', '2023-12-08', 1),
(3189, '6701 0401 0016', 'กล้องถ่ายภาพนิ่งระบบดิจิตอล Mirrorless แบบที่ 1 พร้อมอุปกรณ์', '230,050.-', '6701 0401 0016 กล้องถ่ายภาพนิ่งระบบดิจิตอล แบบที่ 1.pdf', 14, 73, 7, '2023-12-13', '2023-12-13', 1),
(3190, '6701 0401 0017', 'กล้องถ่ายภาพนิ่งระบบดิจิตอล Mirrorless แบบที่ 2 พร้อมอุปกรณ์', '337,050.-', '6701 0401 0017 กล้องถ่ายภาพนิ่งระบบดิจิตอล แบบที่ 2.pdf', 14, 73, 7, '2023-12-13', '2023-12-13', 1),
(3191, '6701 0401 0018', 'เลนส์ Mirrorless Full Frame ขนาดทางยาวโฟกัส 24-200 mm. รูรับแสง F4-6.3 VR', '39,850.-', '6701 0401 0018 เลนส์ขนาดทางยาวโฟกัส 24-200 mm..pdf', 14, 73, 7, '2023-12-13', '2023-12-13', 1),
(3192, '6701 0401 0019', 'เลนส์ Mirrorless Full Frame ขนาดทางยาวโฟกัส 180-600 มม. รูรับแสง F/5.6-6.3 VR', '78,065.-', '6701 0401 0019 เลนส์ขนาดทางยาวโฟกัส 180-600 mm..pdf', 14, 73, 7, '2023-12-13', '2023-12-13', 1),
(3193, '6701 0401 0020', 'เลนส์ Mirrorless Full Frame ขนาดทางยาวโฟกัส 17-28 mm. รูรับแสง F/2.8', '52,700.-', '6701 0401 0020 เลนส์ขนาดทางยาวโฟกัส 17-28 mm..pdf', 14, 73, 7, '2023-12-13', '2023-12-13', 1),
(3194, '6701 0401 0021', 'เลนส์ Mirrorless Full Frame ขนาดทางยาวโฟกัส 70-200 มม. รูรับแสง F/2.8 VR S', '101,150.-', '6701 0401 0021 เลนส์ขนาดทางยาวโฟกัส 70-200 mm..pdf', 14, 73, 7, '2023-12-13', '2023-12-13', 1),
(3195, '6701 0401 0022', 'กล้องถ่ายภาพวีดีโอ ระดับ XDCAM Full HD ( 4K )', '532,325.-', '6701 0401 0022 กล้องถ่ายภาพวีดีโอ ระดับ XDCAM Full HD (4K).pdf', 14, 73, 7, '2023-12-13', '2023-12-13', 1),
(3196, '6705-0903-0008', 'เครื่องเก็บตัวอย่างตะกอนแขวนลอยแบบ DH-49', '499,000', '6705-0903-0008. (1).pdf', 12, 93, 5, '2023-12-13', '2024-05-01', 1),
(3197, '6705-0506-0011', 'เครื่องวัดแรงดึงน้ำของดิน (Tensiometer)', '12,000', 'CCF20122566_0001.pdf', 12, 105, 5, '2023-12-20', '2023-12-20', 3),
(3198, '6705-0506-0011', 'เครื่องวัดแรงดึงน้ำของดิน (Tensiometer)', '12,000', 'CCF20122566_0001.pdf', 12, 105, 5, '2023-12-20', '2023-12-20', 1),
(3199, 'S 517 0901 1741/', 'เครื่องตัดเหล็กไฟเบอร์ ขนาด 355 มม.', '9,000 (ไม่รวม va', '2. S517-0901-1741-3-61 เครื่องตัดเหล็กไฟเบอร์ ขนาด 355 มม.pdf', 10, 56, 3, '2024-02-01', '2024-02-01', 1),
(3200, 'S 517 0904 4411/', 'เครื่องเชื่อมไฟฟ้าแบบหม้อแปลง (AC./DC.) ขนาด 300 แอมป์', '70,000 (ไม่รวม v', 'S517-0904-4411-7-61 เครื่องเชื่อมไฟฟ้าขนาด 300 แอมป์.pdf', 10, 56, 3, '2024-02-01', '2024-02-01', 1),
(3201, 'S 517 0907 7110/', 'เครื่องยกรถยนต์ชนิด 2 เสา แบบคานบน ขนาด 4 เมตริกตัน', '180,000 (ไม่รวม ', 'S517 0907 7110-3-67 เครื่องยกรถยนต์ชนิด 2 เสา แบบคานบน ขนาด 4 เมตริกตัน.pdf', 10, 56, 3, '2024-02-01', '2024-02-01', 1),
(3202, '6701 0101 0026', 'เครื่องสำเนาเอสารสี แบบความเร็ว 80 แผ่นต่อนาที', '1,460,000.00', 'เครื่องสำเนาเอกสารสี.pdf', 15, 102, 7, '2024-02-01', '2024-02-01', 1),
(3203, 'S 517 0904 4413/', 'เครื่องเชื่อมไฟฟ้าระบบ INVERTER ขนาด 150 แอมป์', '10,000 ', 'S 517 0904 4413 3-65 เครื่องเชื่อมไฟฟ้าระบบ INVERTER ขนาด 150 แอมป์.pdf', 10, 56, 3, '2024-02-02', '2024-02-02', 1),
(3204, 'S 517 0904 4421/', 'เครื่องเชื่อมไฟฟ้าแบบขับด้วยเครื่องยนต์ ขนาด 170 แอมป์', '185,000 (ไม่รวม ', 'S 517 0904 4421 4-61 เครื่องเชื่อมไฟฟ้าแบบขับด้วยเครื่องยนต์ ขนาด 170 แอมป์ .pdf', 10, 56, 3, '2024-02-02', '2024-02-02', 1),
(3205, 'S 517 0906 6215/', 'เครื่องมือชุดซ่อมทั่วไประบบเมตริก ขนาด 3/4 นิ้ว', '13,000', 'S 517 0906 6215 3-65 เครื่องมือชุดซ่อมทั่วไประบบเมตริก ขนาด 3-4 นิ้ว.pdf', 10, 56, 3, '2024-02-02', '2024-02-02', 1),
(3206, 'S 517 0906 6215/', 'เครื่องมือชุดซ่อมทั่วไประบบเมตริก ขนาด 1/2 นิ้ว', '6,800', 'S 517 0906 6215-4-65 เครื่องมือชุดซ่อมทั่วไประบบเมตริก ขนาด 1-2 นิ้ว.pdf', 10, 56, 3, '2024-02-02', '2024-02-02', 1),
(3207, '6701-0107-0034', 'เครื่องทำลายเอกสาร แบบตัดตรงทำลายครั้งละ 20 แผ่น', '29,700.00', 'คุณลักษณะเฉพาะ เครื่องทำลายเอกสาร.pdf', 15, 106, 7, '2024-02-14', '2024-02-14', 1),
(3208, '6702-0306-0035', 'ชุดไมโครโฟนห้องประชุม แบบ Digital ขนาดชุด 20 ตัว พร้อมเครื่องขยายเสียง', '369,000.-', '6702 0306 0035.pdf', 2, 33, 1, '2024-02-27', '2024-02-27', 1),
(3209, '6702-0306-0036', 'ชุดไมโครโฟนห้องประชุม แบบ Digital ขนาดชุด 25 ตัว พร้อมเครื่องขยายเสียง', '434,000.-', '6702 0306 0036.pdf', 2, 33, 1, '2024-02-27', '2024-02-27', 1),
(3210, '6702-0306-0037', 'ชุดไมโครโฟนห้องประชุม แบบ Digital ขนาดชุด 30 ตัว พร้อมเครื่องขยายเสียง', '499,000.-', '6702 0306 0037.pdf', 2, 33, 1, '2024-02-27', '2024-02-27', 1),
(3211, '6702-1011-0059', 'ชุดโปรแกรมระบบคอมพิวเตอร์แม่ข่ายเสมือน (Virtualization)', '335,000.-', '6702-1011-0059.pdf', 2, 107, 1, '2024-03-28', '2024-04-04', 1),
(3212, '6702-1011-0055', 'ชุดโปรแกรมจัดเก็บข้อมูลแบบเสมือนสำหรับระบบแม่ข่ายคอมพิวเตอร์เสมือน', '341,000.-', '6702-1011-0055.pdf', 2, 107, 1, '2024-03-28', '2024-04-04', 1),
(3213, '6702-1001-0053', 'เครื่องคอมพิวเตอร์แม่ข่าย แบบที่ 3', '1,107,000.-', '6702-1001-0053.pdf', 2, 107, 1, '2024-03-28', '2024-04-01', 3),
(3214, '6702-1006-0054', 'อุปกรณ์กระจายสัญญาณ (L3 Switch) ชนิด 10 Gbps ขนาด 24 ช่อง', '670,000.-', '6702-1006-0054.pdf', 2, 107, 1, '2024-03-28', '2024-03-28', 3),
(3215, '6802-1001-0004', 'เครื่องคอมพิวเตอร์แม่ข่าย แบบที่ 3', '1,107,000.-', '6802-1001-0004.pdf', 2, 107, 1, '2024-04-01', '2024-10-25', 1),
(3216, '6702-1006-0054', 'อุปกรณ์กระจายสัญญาณ (L3 Switch) ชนิด 10 Gbps ขนาด 24 ช่อง', '670,000', '6702-1006-0054.pdf', 2, 107, 1, '2024-04-01', '2024-04-01', 1),
(3217, '6701 0401 0045', 'กล้องถ่ายภาพวิดีโอแบบพกพา ความละเอียด 4K พร้อมอุปกรณ์ครบชุด', '26,900.-', 'กล้องถ่ายภาพวิดีโอแบบพกพา.pdf', 14, 73, 7, '2024-04-17', '2024-04-17', 1),
(3218, '6701 0401 0046', 'กล้องถ่ายภาพนิ่งและวิดีโอระบบดิจิตอล Mirrorless พร้อมอุปกรณ์', '26,900.-', 'กล้องถ่ายภาพนิ่ง.pdf', 14, 73, 7, '2024-04-17', '2024-04-17', 1),
(3219, '6701 0401 0047', 'ขาตั้งกล้องแบบพกพา ชนิดติดประกอบกับกล้องวิดีโอ', '25,000.-', 'ขาตั้งกล้องแบบพกพา ชนิดติดประกอบกับกล้อง.pdf', 14, 73, 7, '2024-04-17', '2024-04-17', 1),
(3220, '6701 0401 0048', 'ขาตั้งกล้องแบบพกพา ชนิดติดประกอบกับโทรศัพท์มือถือ', '7,000.-', 'ขาตั้งกล้องแบบพกพา ชนิดติดประกอบกับโทรศั.pdf', 14, 73, 7, '2024-04-17', '2024-04-17', 1),
(3221, 'DH111/2558', 'ชุดอุปกรณ์วัดปริมาณน้ำฝนแบบถ้วยกระดก', '46,000', 'DH 111 ชุดอุปกรณ์วัดปริมาณน้ำฝนแบบถ้วยกระดก0001.pdf', 12, 68, 5, '2024-04-24', '2024-04-24', 1),
(3222, 'DH117/2558', 'ชุดอุปกรณ์วัดระยะเปิดบานประตูระบายน้ำแบบจานหมุน', '77,000', 'DH 117 ชุดอุปกรณ์วัดระยะเปิดบานประตูระบายน้ำแบบจานหมุน0001.pdf', 12, 93, 5, '2024-04-24', '2024-04-24', 1),
(3223, 'DH115/2558', 'ชุดอุปกรณ์วัดระดับน้ำแบบเรดาร์', '118,000', 'DH 115 ชุดอุปกรณ์วัดระดับน้ำแบบเรดาร์0001.pdf', 12, 64, 5, '2024-04-24', '2024-04-24', 1),
(3224, 'DH112/2558', 'ชุดอุปกรณ์วัดระดับน้ำแบบลูกลอย', '84,000', 'DH 112 ชุดอุปกรณ์วัดระดับน้ำแบบลูกลอย0001.pdf', 12, 64, 5, '2024-04-24', '2024-04-24', 1),
(3225, 'DH113/2558', 'ชุดอุปกรณ์วัดระดับน้ำแบบฟองอากาศ', '185,000', 'DH 113 ชุดอุปกรณ์วัดระดับน้ำแบบฟองอากาศ0001.pdf', 12, 64, 5, '2024-04-24', '2024-04-24', 2),
(3226, 'DH116/2558', 'ชุดอุปกรณ์วัดคุณภาพน้ำอัตโนมัติ', '588,000', 'DH 116 ชุดอุปกรณ์วัดคุณภาพน้ำอัตโนมัติ0001.pdf', 12, 93, 5, '2024-05-16', '2024-05-16', 1),
(3227, '6702-0307-0062', 'เครื่องเสียงสำหรับห้องประชุมขนาดผู้ร่วมประชุม 20 ท่าน พร้อมอุปกรณ์ประกอบ', '369,000', '6702-0307-0062.pdf', 2, 37, 1, '2024-05-24', '2024-05-24', 1),
(3228, '6702-0307-0063', 'เครื่องเสียงสำหรับห้องประชุมขนาดผู้ร่วมประชุม 25 ท่าน พร้อมอุปกรณ์ประกอบ', '434,000', '6702-0307-0063.pdf', 2, 37, 1, '2024-05-24', '2024-05-24', 1),
(3229, '6702-0307-0064', 'เครื่องเสียงสำหรับห้องประชุมขนาดผู้ร่วมประชุม 30 ท่าน พร้อมอุปกรณ์ประกอบ', '499,000', '6702-0307-0064.pdf', 2, 37, 1, '2024-05-24', '2024-05-24', 1),
(3230, '6705-0903-0073', 'ชุดอุปกรณ์วัดระดับน้ำแบบฟองอากาศ', '220,000', '6705-0903-0073.pdf', 12, 64, 5, '2024-07-03', '2024-07-03', 1),
(3231, '6705-0903-0093', 'เครื่องวัดน้ำฝนอัตโนมัติ แบบเรดาร์', '156,000.-', '6705-0903-0093.pdf', 12, 93, 5, '2024-09-19', '2024-09-19', 1),
(3232, '6805-0903-0001', 'เครื่องวััดระดับน้ำอัตโนมัติ แบบลูกลอย', '195,000.-', '6805-0903-0001.pdf', 12, 64, 5, '2024-10-03', '2024-10-03', 1),
(3233, '6805-0903-0002', 'เครื่องวัดระดับน้ำอัตโนมัติแบบลูกลอยและเครื่องวัดน้ำฝนอัตโนมัติแบบกระดก', '240,200.-', '6805-0903-0002.pdf', 12, 64, 5, '2024-10-09', '2024-10-09', 1),
(3234, '6707-0104-0094', 'ชั้นเหล็กวางเอกสาร ขนาด 200x60x200 ซม.', '3,430.-', 'ชั้นเหล็กวางเอกสาร ชนิด 4 ชั้น.pdf', 3, 45, 2, '2024-10-24', '2024-10-24', 1),
(3235, 'มอ.บอ.03/2562', 'แผ่่นตัวเลขกำกับแผ่นวัดระดับน้ำ ', '45.-', 'Inclined_Staffgate_03-2562.pdf', 12, 63, 5, '2024-11-13', '2024-11-13', 1),
(3236, '6802-0305-0014', 'เครื่องขยายสัญญาณเสียงขนาด 120 วัตต์ พร้อมลำโพงกระจายเสียงขนาด 30 วัตต์', '82,100.-', '6802-0305-0014.pdf', 2, 108, 1, '2024-11-25', '2024-11-25', 1),
(3237, '6802-0305-0017', 'ลำโพงซาวด์บาร์', '54,000.-', '6802-0305-0017.pdf', 2, 108, 1, '2024-11-25', '2024-11-25', 1),
(3238, '6802-0305-0019', 'เครื่องควบคุมและประมวลผลเสียง', '242,600.-', '6802-0305-0019.pdf', 2, 108, 1, '2024-11-25', '2024-11-25', 1),
(3239, '6802-0306-0015', 'ไมโครโฟนชนิดไร้สาย สำหรับกล้องถ่ายภาพวิดีโอ', '29,000.-', '6802-0306-0015.pdf', 2, 108, 1, '2024-11-25', '2024-11-26', 1),
(3240, '6802-0307-0018', 'อุปกรณ์ควบคุมสัญญาณภาพและเสียง แบบ Multiformat Switcher', '999,200.-', '6802-0307-0018.pdf', 2, 108, 1, '2024-11-25', '2024-11-25', 1),
(3241, '6802-0307-0018', 'อุปกรณ์ควบคุมสัญญาณภาพและเสียง แบบ Multiformat Switcher', '999,200.-', '6802-0307-0018.pdf', 2, 108, 1, '2024-11-25', '2024-11-25', 3),
(3242, '6802-0309-0013', 'อุปกรณ์ SDI to USB Capture', '24,500.-', '6802-0309-0013.pdf', 2, 108, 1, '2024-11-25', '2024-11-25', 1),
(3243, '6802-0309-0024', 'เครื่องปรับสัญญาณภาพ (HDMI Scaler)', '44,200.-', '6802-0309-0024.pdf', 2, 108, 1, '2024-11-25', '2024-11-26', 1),
(3244, '6802-0311-0016', 'ชุดอุปกรณ์ถ่ายทอดสัญญาณผ่านเครือข่าย(Streaming) แบบไร้สาย พร้อมอุปกรณ์ประกอบ', ' 253,100.-', '6802-0311-0016.pdf', 2, 108, 1, '2024-11-25', '2024-11-25', 1),
(3245, '6802-0311-0021 ', 'กล้องสำหรับประชุมทางไกล', '47,600.-', '6802-0311-0021.pdf', 2, 108, 1, '2024-11-25', '2024-11-25', 1),
(3246, '6802-1001-0011', 'เครื่องคอมพิวเตอร์สำเร็จรูปขนาดเล็ก  (Mini PC)', '35,000.-', 'Full6802-1001-0011.pdf', 2, 108, 1, '2024-11-25', '2024-11-25', 1),
(3247, '6802-1002-0022', 'จอภาพ Digital Signage ขนาด 55 นิ้ว', '142,700.-', '6802-1002-0022.pdf', 2, 108, 1, '2024-11-25', '2024-11-25', 1),
(3248, '6802-1002-0023', 'จอภาพ Digital Signage ขนาด 43 นิ้ว', '102,100.-', '6802-1002-0023.pdf', 2, 108, 1, '2024-11-25', '2024-11-25', 1),
(3249, '6802-1006-0012', 'อุปกรณ์ค้นหาเส้นทางเครือข่าย (Router) ชนิด 5G', '5,900.-', '6802-1006-0012.pdf', 2, 108, 1, '2024-11-25', '2024-11-25', 1),
(3250, '6802-1006-0020', 'อุปกรณ์รับและส่งสัญญาณแบบจุดต่อจุด', '62,000.-', '6802-1006-0020.pdf', 2, 108, 1, '2024-11-25', '2024-11-25', 1),
(3251, '6802-0101-0025', 'เครื่องพิมพ์บัตรพลาสติก แบบหน้าเดียว ชนิด Retransfer', '220,000.-', '6802-0101-0025.pdf', 2, 28, 1, '2024-11-26', '2024-11-26', 1),
(3252, '6701 0101 0077', 'เครื่องถ่ายเอกสารสีระบบดิจิทัล (ขาว-ดำ และสี) แบบความเร็ว 20 แผ่นต่อนาที', '120,000.00', '6701 0101 0077.pdf', 15, 102, 7, '2024-12-16', '2024-12-16', 1),
(3253, '6701 0101 0079', 'เครื่องถ่ายเอกสารระบบดิจิทัล (ขาว-ดำ) แบบความเร็ว 20 แผ่นต่อนาที', '92,100.00', '6701 0101 0079.pdf', 15, 102, 7, '2024-12-16', '2024-12-16', 1),
(3254, '6701 0101 0078', 'เครื่องถ่ายเอสการระบบดิิจิทัล (ขาว-ดำ) แบบความเร็ว 30 แผ่นต่อนาที', '120,000.00', '6701 0101 0078.pdf', 15, 102, 7, '2024-12-16', '2024-12-16', 1),
(3255, '6701 0101 0080', 'เครื่องถ่ายเอกสารระบบดิจิทัล (ขาว-ดำ) แบบความเร็ว 40 แผ่นต่อนาที', '180,000.00', '6701 0101 0080.pdf', 15, 102, 7, '2024-12-16', '2024-12-16', 1),
(3256, '6701 0101 0081', 'เครื่องถ่ายเอกสารระบบดิจิทัล (ขาว-ดำ) แบบความเร็ว 50 แผ่นต่อนาที', '200,000.00', '6701 0101 0081.pdf', 15, 102, 7, '2024-12-16', '2024-12-16', 1),
(3257, '6701 0101 0082', 'เครื่องถ่ายเอกสารสีระบบดิจิทัล (ขาว-ดำ และสี) แบบความเร็ว 30 แผ่นต่อนาที', '250,000.00', '6701 0101 0082.pdf', 15, 102, 7, '2024-12-16', '2024-12-16', 1),
(3258, '6701 0101 0083', 'เครื่องถ่ายเอกสารสีระบบดิจิทัล (ขาว-ดำ และสี)  แบบความเร็ว 40 แผ่นต่อนาที', '300,000.00', '6701 0101 0083.pdf', 15, 102, 7, '2024-12-16', '2024-12-16', 1),
(3259, '6701 0101 0084', 'เครื่องถ่ายเอกสารสีระบบดิจิทัล (ขาว-ดำ และสี) แบบความเร็ว 50 แผ่นต่อนาที', '325,000.00', '6701 0101 0084.pdf', 15, 102, 7, '2024-12-16', '2024-12-16', 1);

-- --------------------------------------------------------

--
-- Table structure for table `status`
--

CREATE TABLE `status` (
  `Status_id` int(11) NOT NULL,
  `Status_name` varchar(32) CHARACTER SET utf8mb4 COLLATE utf8mb4_general_ci NOT NULL
) ENGINE=InnoDB DEFAULT CHARSET=utf8 COLLATE=utf8_general_ci;

--
-- Dumping data for table `status`
--

INSERT INTO `status` (`Status_id`, `Status_name`) VALUES
(1, 'ผู้ดูแลระบบ'),
(2, ' ผู้ดูแลระบบระดับหน่วยงาน');

-- --------------------------------------------------------

--
-- Table structure for table `sub_category`
--

CREATE TABLE `sub_category` (
  `Sub_category_id` int(11) NOT NULL,
  `Sub_category_name` varchar(32) NOT NULL,
  `Category_id` int(11) NOT NULL,
  `Dep_id` int(11) NOT NULL
) ENGINE=InnoDB DEFAULT CHARSET=utf8 COLLATE=utf8_general_ci;

--
-- Dumping data for table `sub_category`
--

INSERT INTO `sub_category` (`Sub_category_id`, `Sub_category_name`, `Category_id`, `Dep_id`) VALUES
(3, 'เครื่องใช้สำนักงาน', 3, 2),
(4, 'เครื่องปรับอากาศ', 4, 3),
(5, 'เครื่องประจุแบตเตอรี่', 5, 3),
(6, 'ยานพาหนะและขนส่ง', 6, 3),
(7, 'การเกษตร', 7, 3),
(8, 'เครื่องจักรกลก่อสร้าง', 8, 3),
(10, 'ไม่ระบุ', 10, 3),
(11, 'ครุภัณฑ์เครื่องมือสำรวจ', 11, 4),
(12, 'ไม่ระบุ', 12, 5),
(13, 'เครื่องมือวิเคราะห์วิจัย', 13, 6),
(14, 'ไม่ระบุ', 14, 7),
(15, 'ไม่ระบุ', 15, 7),
(16, 'ไม่ระบุ', 16, 7),
(17, 'Computer', 1, 1),
(18, 'Monitor', 1, 1),
(19, 'Printer', 1, 1),
(20, 'Scanner', 1, 1),
(21, 'Network Device', 1, 1),
(22, 'UPS', 1, 1),
(23, 'Backup Unit', 1, 1),
(24, 'ตู้ Rack', 1, 1),
(25, 'อุปกรณ์แปลง', 1, 1),
(26, 'โปรแกรมประยุกต์', 1, 1),
(27, 'ครุภัณฑ์ระบบโทรมาตร', 2, 1),
(28, 'เครื่องโทรสาร', 2, 1),
(29, 'เครื่องโทรศัพท์และอุปกรณ์อื่น ๆ', 2, 1),
(30, 'เครื่องบันทึกเสียง', 2, 1),
(31, 'ชุดเครื่องขยายเสียง', 2, 1),
(32, 'กล้องโทรทัศน์วงจรปิด', 2, 1),
(33, 'เครื่องไมโครโฟน', 2, 1),
(34, 'เครื่องรับ - ส่งวิทยุ', 2, 1),
(35, 'เครื่องรับสัญญาณดาวเทียมและอุปกร', 2, 1),
(36, 'เสาอากาศวิทยุ', 2, 1),
(37, 'เครื่องเสียงสำหรับห้องประชุม', 2, 1),
(38, 'ตู้สาขาโทรศัพท์อัตโนมัติ', 2, 1),
(39, 'พาร์ทิชั่น', 3, 2),
(40, 'ประเภทที่นอน', 3, 2),
(41, 'ประเภทเตียง', 3, 2),
(42, 'ประเภทโต๊ะ', 3, 2),
(43, 'ประเภทเก้าอี้', 3, 2),
(44, 'ประเภทตู้', 3, 2),
(45, 'ประเภทชั้นวางของ', 3, 2),
(46, 'ประเภทเครื่องมือ', 3, 2),
(47, 'ประเภทอื่น ๆ', 3, 2),
(48, 'รถจักรยานยนต์', 6, 3),
(50, 'เรือ', 6, 3),
(51, 'Spare Parts', 6, 3),
(52, 'เครื่องสูบน้ำและอุปกรณ์', 7, 3),
(53, 'รถฟาร์มแทรกเตอร์และอุปกรณ์', 7, 3),
(54, 'เบ็ดเตล็ด', 9, 3),
(55, 'ครุภัณฑ์ก่อสร้าง', 10, 3),
(56, 'ครุภัณฑ์โรงงาน', 10, 3),
(57, 'อุปกรณ์ตรวจวัดพฤติกรรมเขื่อน', 12, 5),
(58, 'เครื่องมือวัดแรงดันน้ำด้วยไฟฟ้าแ', 12, 5),
(59, 'เครื่องมือวัดอัตราการไหลของน้ำผ่', 12, 5),
(60, 'อุปกรณ์อ่านค่าระดับน้ำ (Water Le', 12, 5),
(61, 'แผ่นสลายพลังงาน แผ่นวัดระดับน้ำแ', 12, 5),
(62, 'อื่นๆ', 12, 5),
(63, 'แผ่นวัดระดับน้ำ (Staffgate)', 12, 5),
(64, 'เครื่องวัดระดับน้ำ(แบบอิเล็กทรอน', 12, 5),
(65, 'เครื่องวัดกระแสน้ำ (แบบกลไก)', 12, 5),
(66, 'เครื่องวัดกระแสน้ำ (แบบอิเลคทรอน', 12, 5),
(67, 'เครื่องวัดน้ำฝน (แบบธรรมดา)', 12, 5),
(68, 'เครื่องวัดน้ำฝน (แบบอิเล็กทรอนิก', 12, 5),
(69, 'เครื่องวัดความชื้น (แบบอิเลคทรอน', 12, 5),
(70, 'เครื่องหยั่งความลึก (แบบอิเลคทรอ', 12, 5),
(71, 'เครื่องมือสำรวจอุตุนิยมวิทยา (อิ', 12, 5),
(72, 'เลนส์', 14, 7),
(73, 'ถ่ายภาพ และถอดจำลอง', 14, 7),
(74, 'กล้องถ่ายภาพวีดีโอ', 14, 7),
(76, 'เครื่องฉายภาพ', 14, 7),
(77, 'ป้ายอักษรไฟวิ่ง', 14, 7),
(79, 'โทรทัศน์', 14, 7),
(80, 'Plotter', 1, 1),
(81, 'กระดานวาดรูป', 1, 1),
(82, 'Projector', 1, 1),
(83, 'รถและอุปกรณ์ประกอบ', 6, 3),
(84, 'เครื่องมือและเครื่องใช้ในกิจการส', 11, 4),
(87, 'เครื่อง วี.ดี.โอ / ดี.วี.ดี', 14, 7),
(88, 'ไฟฟ้า', 5, 3),
(89, 'เรือขุดและอุปกรณ์', 8, 3),
(91, 'การเกษตร_เครื่องมือและอุปกรณ์', 13, 6),
(92, 'สำรวจ_เครื่องมืองานปฐพีและธรณีวิ', 6, 3),
(93, 'วิทยาศาสตร์และการแพทย์_เครื่องมื', 12, 5),
(94, 'การเกษตร_เครื่องกลการเกษตร', 13, 6),
(95, 'การเกษตร_เครื่องมือวิเคราะห์วิจั', 13, 6),
(96, '222', 17, 0),
(97, 'งานบ้านงานครัว_งานบ้านงานครัว', 13, 6),
(98, 'เครื่องมือวิทยาศาสตร์และการแพทย์', 13, 6),
(99, 'เครื่องมือและอุปกรณ์ประกอบการปฏิ', 2, 1),
(102, 'การพิมพ์', 15, 7),
(103, 'ครุภัณฑ์การศึกษา', 2, 1),
(104, 'ครุภัณฑ์อื่นๆ', 10, 3),
(105, 'เครื่องมือทดลองเกี่ยวกับการเกษตร', 12, 5),
(106, 'อื่น ๆ', 15, 7),
(107, 'จ้างพัฒนาระบบบริหารจัดการน้ำด้วย', 2, 1),
(108, 'โครงการจัดหารถปฏิบัติการติดตามสถ', 2, 1);

-- --------------------------------------------------------

--
-- Table structure for table `users`
--

CREATE TABLE `users` (
  `User_id` int(11) NOT NULL,
  `Username` varchar(32) NOT NULL,
  `Name` varchar(32) NOT NULL,
  `Surname` varchar(32) NOT NULL,
  `Dep_id` int(11) NOT NULL,
  `Status_id` int(11) NOT NULL,
  `Password` varchar(32) NOT NULL
) ENGINE=InnoDB DEFAULT CHARSET=utf8mb4 COLLATE=utf8mb4_general_ci;

--
-- Dumping data for table `users`
--

INSERT INTO `users` (`User_id`, `Username`, `Name`, `Surname`, `Dep_id`, `Status_id`, `Password`) VALUES
(1, '1', 'ผู้ดูแลระบบ ', 'ผู้ดูแลระบบ ', 1, 1, '1'),
(7, '2', '2', '2', 1, 2, '2'),
(12, '4', '4', '4', 2, 2, '4'),
(14, '3', '3', '3', 3, 2, '3'),
(15, 'itc_1', 'ปองคุณ', 'สายเครือคำ', 1, 2, '123'),
(16, 'ออกแบบ', 'ปองคุณ', 'สายเครือคำ', 2, 2, '123'),
(17, 'จักรกล', 'ปองคุณ', 'สายเครือคำ', 3, 2, '123'),
(18, 'สำรวจ', 'ปองคุณ', 'สายเครือคำ', 4, 2, '123'),
(19, 'บริหาร', 'ปองคุณ', 'สายเครือคำ', 5, 2, '123'),
(20, 'วิจัย', 'ปองคุณ', 'สายเครือคำ', 6, 2, '123'),
(21, 'เลขา', 'ปองคุณ', 'สายเครือคำ', 7, 2, '123');

--
-- Indexes for dumped tables
--

--
-- Indexes for table `category`
--
ALTER TABLE `category`
  ADD PRIMARY KEY (`Category_id`),
  ADD KEY `Dep_id` (`Dep_id`);

--
-- Indexes for table `department`
--
ALTER TABLE `department`
  ADD PRIMARY KEY (`Department_id`);

--
-- Indexes for table `equipment`
--
ALTER TABLE `equipment`
  ADD PRIMARY KEY (`Equipment_id`),
  ADD KEY `Category_id` (`Category_id`),
  ADD KEY `Sub_category_id` (`Sub_category_id`),
  ADD KEY `Dep_id` (`Dep_id`);

--
-- Indexes for table `status`
--
ALTER TABLE `status`
  ADD PRIMARY KEY (`Status_id`);

--
-- Indexes for table `sub_category`
--
ALTER TABLE `sub_category`
  ADD PRIMARY KEY (`Sub_category_id`),
  ADD KEY `Category_id` (`Category_id`),
  ADD KEY `Dep_id` (`Dep_id`);

--
-- Indexes for table `users`
--
ALTER TABLE `users`
  ADD PRIMARY KEY (`User_id`),
  ADD UNIQUE KEY `Username` (`Username`),
  ADD KEY `Dep_id` (`Dep_id`),
  ADD KEY `users_ibfk_2` (`Status_id`);

--
-- AUTO_INCREMENT for dumped tables
--

--
-- AUTO_INCREMENT for table `category`
--
ALTER TABLE `category`
  MODIFY `Category_id` int(11) NOT NULL AUTO_INCREMENT, AUTO_INCREMENT=17;

--
-- AUTO_INCREMENT for table `department`
--
ALTER TABLE `department`
  MODIFY `Department_id` int(11) NOT NULL AUTO_INCREMENT, AUTO_INCREMENT=8;

--
-- AUTO_INCREMENT for table `equipment`
--
ALTER TABLE `equipment`
  MODIFY `Equipment_id` int(11) NOT NULL AUTO_INCREMENT, AUTO_INCREMENT=3260;

--
-- AUTO_INCREMENT for table `status`
--
ALTER TABLE `status`
  MODIFY `Status_id` int(11) NOT NULL AUTO_INCREMENT, AUTO_INCREMENT=3;

--
-- AUTO_INCREMENT for table `sub_category`
--
ALTER TABLE `sub_category`
  MODIFY `Sub_category_id` int(11) NOT NULL AUTO_INCREMENT, AUTO_INCREMENT=109;

--
-- AUTO_INCREMENT for table `users`
--
ALTER TABLE `users`
  MODIFY `User_id` int(11) NOT NULL AUTO_INCREMENT, AUTO_INCREMENT=22;

--
-- Constraints for dumped tables
--

--
-- Constraints for table `category`
--
ALTER TABLE `category`
  ADD CONSTRAINT `category_ibfk_1` FOREIGN KEY (`Dep_id`) REFERENCES `department` (`Department_id`) ON DELETE CASCADE;
COMMIT;

/*!40101 SET CHARACTER_SET_CLIENT=@OLD_CHARACTER_SET_CLIENT */;
/*!40101 SET CHARACTER_SET_RESULTS=@OLD_CHARACTER_SET_RESULTS */;
/*!40101 SET COLLATION_CONNECTION=@OLD_COLLATION_CONNECTION */;
