-- phpMyAdmin SQL Dump
-- version 5.2.1
-- https://www.phpmyadmin.net/
--
-- Host: 127.0.0.1
-- Generation Time: Aug 19, 2025 at 11:18 AM
-- Server version: 10.4.28-MariaDB
-- PHP Version: 8.2.4

SET SQL_MODE = "NO_AUTO_VALUE_ON_ZERO";
START TRANSACTION;
SET time_zone = "+00:00";


/*!40101 SET @OLD_CHARACTER_SET_CLIENT=@@CHARACTER_SET_CLIENT */;
/*!40101 SET @OLD_CHARACTER_SET_RESULTS=@@CHARACTER_SET_RESULTS */;
/*!40101 SET @OLD_COLLATION_CONNECTION=@@COLLATION_CONNECTION */;
/*!40101 SET NAMES utf8mb4 */;

--
-- Database: `goods`
--

-- --------------------------------------------------------

--
-- Table structure for table `category`
--

CREATE TABLE `category` (
  `Category_id` int(11) NOT NULL,
  `Dep_id` int(11) NOT NULL,
  `Category_name` varchar(64) NOT NULL,
  `Category_details` varchar(255) NOT NULL,
  `Icon_path` varchar(32) NOT NULL,
  `Category_color` char(16) NOT NULL
) ENGINE=InnoDB DEFAULT CHARSET=utf8 COLLATE=utf8_general_ci;

--
-- Dumping data for table `category`
--

INSERT INTO `category` (`Category_id`, `Dep_id`, `Category_name`, `Category_details`, `Icon_path`, `Category_color`) VALUES
(1, 1, 'ครุภัณฑ์คอมพิวเตอร์และอุปกรณ์', '1. ราคากลางที่ปรากฏจะอิงกับปีที่ออก Spec. เท่านั้น ดังนั้น ผู้นำไปใช้งานจะต้องตรวจสอบราคาขณะนำไปใช้ในปีอื่น ๆ กับหน่วยงานผู้ควบคุมอีกครั้ง<p>&nbsp;&nbsp;&nbsp;&nbsp;&nbsp;&nbsp;\r\n2. สำหรับครุภัณฑ์คอมพิวเตอร์ ราคากลางที่ปรากฏ จะเป็นราคาเครื่องคอมพิวเตอร์ทั', '/assets/images/monitor2.png', '#4caf50'),
(2, 1, 'ครุภัณฑ์เครื่องมือสื่อสารโทรคมนาคม', '', '/assets/images/antenar.png', '#4caf50'),
(3, 2, 'ครุภัณฑ์สำนักงาน', '', '/assets/images/table.png', '#7c2ae0'),
(4, 3, 'ครุภัณฑ์สำนักงาน', 'ราคาเครื่องปรับอากาศเป็นราคารวมค่าติดตั้งแล้ว สำหรับเครื่องปรับอากาศขนาด 16,000 บีทียู&nbsp;&nbsp;ต่อชั่วโมง เป็นขนาดที่ไม่นิยมผลิตและไม่แพร่หลาย จึงขอให้กำหนดขนาดเครื่องปรับอากาศเป็นขนาด 18,000 บีทียูต่อ&nbsp;&nbsp;ชั่วโมง ซึ่งเป็นขนาดที่มีจำหน่ายอยู่ทั่', '/assets/images/ac2.png', '#5bc0de'),
(5, 3, 'ครุภัณฑ์ไฟฟ้าและวิทยุ', '<font color=\"#FF0000\"><b>\r\nราคานี้เป็นการประมาณราคา มีผลถึงวันที่ 31 กรกฎาคม 2560\r\n</b></font><p>\r\n &nbsp;&nbsp;&nbsp;&nbsp;	1. *   หมายถึง ราคาตามบัญชีมาตรฐานครุภัณฑ์ ของสำนักงบประมาณ<p>\r\n &nbsp;&nbsp;&nbsp;&nbsp;   2. ปรับปรุง Spec.  หมายถึง การปรับปรุง', '/assets/images/battery.png', '#5bc0de'),
(6, 3, 'ครุภัณฑ์ยานพาหนะและขนส่ง', '<font color=\"#FF0000\"><b>\r\nราคานี้เป็นการประมาณราคามีผลถึงวันที่ 31 มีนาคม 2561\r\n</b></font><p>\r\n &nbsp;&nbsp;&nbsp;&nbsp;	1. รายการที่ 1 ถึง 9 เป็นราคาต่อหน่วย อ้างอิงจากราคาตามบัญชีมาตรฐานครุภัณฑ์ ของสำนักงบประมาณ<p>\r\n &nbsp;&nbsp;&nbsp;&nbsp;   2. สำหร', '/assets/images/truck1.png', '#5bc0de'),
(7, 3, 'ครุภัณฑ์การเกษตร', '<font color=\"#FF0000\"><b>ราคานี้เป็นการประมาณราคามีผลถึงวันที่ 31 มีนาคม 2561</b></font><p>\r\n&nbsp;&nbsp;&nbsp;&nbsp;1.  *   หมายถึง ราคาตามบัญชีมาตรฐานครุภัณฑ์ ของสำนักงบประมาณ<p>\r\n &nbsp;&nbsp;&nbsp;&nbsp;2. ปรับปรุง Spec.  หมายถึง การปรับปรุง Spec. เพื', '/assets/images/tractor.png', '#5bc0de'),
(8, 3, 'ครุภัณฑ์ก่อสร้าง', '<font color=\"#FF0000\"><b>\r\nราคานี้เป็นการประมาณราคา มีผลถึงวันที่ 31 กรกฎาคม 2560\r\n</b></font><p>\r\n &nbsp;&nbsp;&nbsp;&nbsp;	1. *   หมายถึง ราคาตามบัญชีมาตรฐานครุภัณฑ์ ของสำนักงบประมาณ<p>\r\n &nbsp;&nbsp;&nbsp;&nbsp;   2. ปรับปรุง Spec.  หมายถึง การปรับปรุง', '/assets/images/crane.png', '#5bc0de'),
(9, 3, 'ครุภัณฑ์งานบ้านและงานครัว', '<font color=\"#FF0000\"><b>\r\nราคานี้เป็นการประมาณราคา มีผลถึงวันที่ 31 กรกฎาคม 2560\r\n</b></font><p>\r\n &nbsp;&nbsp;&nbsp;&nbsp;	1. *   หมายถึง ราคาตามบัญชีมาตรฐานครุภัณฑ์ ของสำนักงบประมาณ<p>\r\n &nbsp;&nbsp;&nbsp;&nbsp;   2. ปรับปรุง Spec.  หมายถึง การปรับปรุง', '/assets/images/mower2.png', '#5bc0de'),
(10, 3, 'ครุภัณฑ์โรงงาน', 'รายการที่ 1 - 9  บัญชีราคามาตรฐานครุภัณฑ์สำนักงบประมาณ', '/assets/images/worker.png', '#5bc0de'),
(11, 4, 'ครุภัณฑ์เครื่องมือสำรวจ', '', '/assets/images/gps.png', '#ff9800'),
(12, 5, 'ครุภัณฑ์เครื่องมือวัด', '', '/assets/images/multi.png', '#ff5722'),
(13, 6, 'วิทยาศาสตร์และการแพทย์', '', '/assets/images/weight.png', '#e94b35'),
(14, 7, 'ครุภัณฑ์โฆษณาและเผยแพร่', '', '/assets/images/camera.png', '#795548'),
(15, 7, 'ครุภัณฑ์สำนักงาน', '', '/assets/images/fax.png', '#795548'),
(16, 7, 'ครุภัณฑ์งานบ้านงานครัว', '', '/assets/images/trollay.png', '#795548');

-- --------------------------------------------------------

--
-- Table structure for table `department`
--

CREATE TABLE `department` (
  `Department_id` int(11) NOT NULL,
  `Dep_name` varchar(32) NOT NULL,
  `Dep_fullname` varchar(64) NOT NULL
) ENGINE=InnoDB DEFAULT CHARSET=utf8 COLLATE=utf8_general_ci;

--
-- Dumping data for table `department`
--

INSERT INTO `department` (`Department_id`, `Dep_name`, `Dep_fullname`) VALUES
(1, 'ศทส.', 'ศูนย์เทคโนโลยีสารสนเทศและการสื่อสาร'),
(2, 'สอบ.', 'สำนักออกแบบวิศวกรรมและสถาปัตยกรรม'),
(3, 'สคก.', 'สำนักเครื่องจักรกล'),
(4, 'สสธ.', 'สำนักสำรวจด้านวิศวกรรมและธรณีวิทยา'),
(5, 'สบอ.', 'สำนักบริหารจัดการน้ำและอุทกวิทยา'),
(6, 'สวพ.', 'สำนักวิจัยและพัฒนา'),
(7, 'สลก.', 'สำนักงานเลขานุการกรม');

-- --------------------------------------------------------

--
-- Table structure for table `equipment`
--

CREATE TABLE `equipment` (
  `Equipment_id` int(11) NOT NULL,
  `Equipment_code` varchar(16) NOT NULL,
  `Equipment_details` varchar(128) NOT NULL,
  `Price` varchar(16) NOT NULL,
  `File_path_pdf` varchar(255) NOT NULL,
  `Category_id` int(11) NOT NULL,
  `Sub_category_id` int(11) NOT NULL,
  `Dep_id` int(11) NOT NULL,
  `Created_date` date NOT NULL,
  `Update_date` date NOT NULL,
  `Equipment_status` tinyint(1) NOT NULL
) ENGINE=InnoDB DEFAULT CHARSET=utf8 COLLATE=utf8_general_ci;

--
-- Dumping data for table `equipment`
--

INSERT INTO `equipment` (`Equipment_id`, `Equipment_code`, `Equipment_details`, `Price`, `File_path_pdf`, `Category_id`, `Sub_category_id`, `Dep_id`, `Created_date`, `Update_date`, `Equipment_status`) VALUES
(1, '626140', 'เครื่องพ่นยาแบบใช้แรงลม ขนาดไม่ต่ำกว่า 3.0 แรงม้า', '', '---.pdf', 13, 13, 6, '2017-04-20', '2017-04-20', 1),
(2, '711388', 'เครื่องกดคอนกรีตขนาด 150 ตัน', '100,000.-', '---.pdf', 13, 13, 6, '2017-04-10', '2018-09-17', 1),
(3, '678522', 'เครื่องวัดความขุ่นของน้ำที่เกิดจากตะกอนดิน', '', '---.pdf', 13, 13, 6, '2017-04-10', '2017-04-10', 1),
(4, '258445', 'เครื่องspectrophotometer', '', '---.pdf', 13, 13, 6, '2017-04-10', '2017-04-10', 1),
(5, '956659', 'ตู้เพาะเลี้ยงพืช', '', '---.pdf', 13, 13, 6, '2017-04-10', '2017-04-10', 1),
(6, '307960', 'ตู้ควบคุมอุณหภูมิ', '', '---.pdf', 13, 13, 6, '2017-04-10', '2017-04-10', 1),
(7, '369824', 'เครื่องนึ่งฆ่าเชื้อแบบใช้ไฟฟ้า', '', '---.pdf', 13, 13, 6, '2017-04-10', '2017-04-10', 1),
(8, '825239', 'หม้อนึ่งความดันแบบใช้แก๊ส ความจุประมาณ 25 ควอท', '', '---.pdf', 13, 13, 6, '2017-04-10', '2017-04-10', 1),
(9, '216727', 'หม้อนึ่งความดันแบบใช้แก๊ส ความจุประมาณ 41 1/2 ควอท', '', '---.pdf', 13, 13, 6, '2017-04-10', '2017-04-10', 1),
(10, '307917', 'เครื่องมือวิเคราะห์ปริมาณโลหะตกค้าง', '', '---.pdf', 13, 13, 6, '2017-04-10', '2017-04-10', 1),
(11, '789403', 'เครื่องตรวจสอบคุณภาพน้ำแบบสนาม', '', '---.pdf', 13, 13, 6, '2017-04-10', '2017-04-10', 1),
(12, '223266', 'กล้องจุลทรรศน์ชนิด 3 กระบอกตา', '', '---.pdf', 13, 13, 6, '2017-04-10', '2017-04-10', 1),
(13, '448122', 'เครื่องกลั่นน้ำ', '', '---.pdf', 13, 13, 6, '2017-04-10', '2017-04-10', 1),
(14, '570811', 'กล้องจุลทรรศน์พร้อมอุปกรณ์', '', '---.pdf', 13, 13, 6, '2017-04-10', '2017-04-10', 1),
(15, '509690', 'เครื่องวัดความนำไฟฟ้าแบบสนาม (เครื่องมือวัดค่าการนำไฟฟ้าในการละลาย)', '', '---.pdf', 13, 13, 6, '2017-04-10', '2017-04-10', 1),
(16, '736018', 'เครื่องวัดความเป็นกรดด่างแบบสนาม (เครื่องวัดความเป็นกรดด่างพร้อมอุปกรณ์)', '', '---.pdf', 13, 13, 6, '2017-04-10', '2017-04-10', 1),
(17, '251019', 'เครื่องวัดปริมาณออกซิเจนละลายในน้ำแบบสนาม (เครื่องวัดค่าการละลายออกซิเจนในสนาม)', '', '---.pdf', 13, 13, 6, '2017-04-10', '2017-04-10', 1),
(18, '747044', 'เครื่องมือวัดคุณภาพน้ำหลายตัวแปร', '', '---.pdf', 13, 13, 6, '2017-04-10', '2017-04-10', 1),
(19, '182161', 'เครื่องมือวัดคุณภาพน้ำหลายตัวแปรแบบพกพา', '', '---.pdf', 13, 13, 6, '2017-04-10', '2017-04-10', 1),
(20, '369673', 'เครื่องมือหาความต้องการออกซิเจนทางเคมีแบบสนาม', '', '---.pdf', 13, 13, 6, '2017-04-10', '2017-04-10', 1),
(21, '301883', 'เครื่อง PH meter ใช้สำหรับทดสอบดิน', '', '---.pdf', 13, 13, 6, '2017-04-10', '2017-04-10', 1),
(22, '300396', 'เครื่องวัดความเป็นกรดด่างแบบปากกา', '', '---.pdf', 13, 13, 6, '2017-04-10', '2017-04-10', 1),
(23, '496332', 'กล้องจุลทรรศน์กำลังขยายสูง', '', '---.pdf', 13, 13, 6, '2017-04-10', '2017-04-10', 1),
(24, '580472', 'เครื่องพ่นสารเคมีติดเครื่องยนต์สะพายหลัง (แบบแรงดันลม)', '', '---.pdf', 13, 13, 6, '2017-04-10', '2017-04-10', 1),
(25, '413365', 'เครื่องพ่นสารเคมีชนิดคันโยกอัดลมสะพายหลัง', '', '---.pdf', 13, 13, 6, '2017-04-10', '2017-04-10', 1),
(26, '225409', 'เครื่องพ่นสารเคมีติดเครื่องยนต์สะพายหลัง (แบบแรงดันของเหลว)', '', '---.pdf', 13, 13, 6, '2017-04-10', '2017-04-10', 1),
(27, '686949', 'PH meter', '', '---.pdf', 13, 13, 6, '2017-04-10', '2017-04-10', 1),
(28, '858519', 'Vacuum pump', '', '---.pdf', 13, 13, 6, '2017-04-10', '2017-04-10', 1),
(29, '331750', 'เครื่องวัดการดูดกลืนแสง (Spectrophotometer) แบบ Visible', '', '---.pdf', 13, 13, 6, '2017-04-10', '2017-04-10', 1),
(30, '783192', 'ตู้ควบคุมอุณหภูมิสำหรับหาค่า บีโอดี', '', '---.pdf', 13, 13, 6, '2017-04-10', '2017-04-10', 1),
(31, '120711', 'ตู้อบความชื้น', '', '---.pdf', 13, 13, 6, '2017-04-10', '2017-04-10', 1),
(32, '853979', 'เครื่องชั่งไฟฟ้าชนิดอ่านละเอียด 0.1 มิลลิกรัม', '', '---.pdf', 13, 13, 6, '2017-04-10', '2017-04-10', 1),
(33, '207762', 'เครื่องวัดการดูดกลืนแสงแบบภาคสนาม (เครื่องวิเคราะห์คุณภาพน้ำ)', '', '---.pdf', 13, 13, 6, '2017-04-10', '2017-04-10', 1),
(34, '176876', 'เครื่องหั่นย่อยซากพืช', '', '---.pdf', 13, 13, 6, '2017-04-11', '2017-04-11', 1),
(35, '161093', 'เครื่องวัดความขุ่นแบบสนาม', '', '---.pdf', 13, 13, 6, '2017-04-11', '2017-04-11', 1),
(36, '174836', 'เครื่องวิเคราะห์หาปริมาณโลหะหนัก', '', '---.pdf', 13, 13, 6, '2017-04-11', '2017-04-11', 1),
(37, '290904', 'เตาอบสำหรับอบแห้งดินหรือพืชทดลอง', '', '---.pdf', 13, 13, 6, '2017-04-11', '2017-04-11', 1),
(38, '830012', 'เตาเผาไฟฟ้าขนาดความจุไม่น้อยกว่า 14 ลิตร', '379,850.-', '---.pdf', 13, 13, 6, '2017-04-11', '2017-04-11', 1),
(39, '477347', 'เครื่องรีดถุงสูญญากาศ', '-', '---.pdf', 13, 13, 6, '2017-04-11', '2017-04-11', 1),
(40, '696699', 'ตู้แช่แข็งแบบฝาทึบ', '20,000.-', '---.pdf', 13, 13, 6, '2017-04-11', '2017-04-11', 1),
(41, '151456', 'ตู้แช่แข็งแบบฝาโปร่ง', '15,000.-', '---.pdf', 13, 13, 6, '2017-04-11', '2017-04-11', 1),
(42, '367181', 'เตาย่อยให้ความร้อน', '85,000.-', '---.pdf', 13, 13, 6, '2017-04-11', '2017-04-11', 1),
(43, '381540', 'หม้อนึ่งความดันแบบอัตโนมัติ', '88,000.-', '---.pdf', 13, 13, 6, '2017-04-11', '2017-04-11', 1),
(44, '706157', 'ตู้เขี่ยเชื้อขนาดไม่น้อยกว่า 90x60x105 ซม.', '35,000.-', '---.pdf', 13, 13, 6, '2017-04-11', '2017-04-11', 1),
(45, '486163', 'เครื่องวิเคราะห์แพลงตอนหรืออื่น ๆ ที่แขวนลอยอยู่ในน้ำแบบอัตโนมัติด้วยแสงเลเซอร์พร้อมระบบทุ่นลอย (Cytobuoy)', '6,300,000.-', '---.pdf', 13, 13, 6, '2017-04-11', '2017-04-11', 1),
(46, '212348', 'ชุดทดสอบหาความถ่วงจำเพาะของทราย', '16,000.-', '---.pdf', 13, 13, 6, '2017-04-11', '2017-04-11', 1),
(47, '403250', 'ชุดทดสอบหาความถ่วงจำเพาะของหิน', '176,500.-', '---.pdf', 13, 13, 6, '2017-04-11', '2017-04-11', 1),
(48, '379205', 'เครื่องวัดความขุ่นของน้ำที่เกิดจากตะกอนดิน', '210,000.-', '---.pdf', 13, 13, 6, '2017-04-11', '2017-04-11', 1),
(49, '586275', 'เครื่องเหวี่ยงตะกอนดิน', '600,000.-', '---.pdf', 13, 13, 6, '2017-04-11', '2017-04-11', 1),
(50, '793763', 'เครื่องมือวัดคุณภาพน้ำแบบหัวรวม', '170,000.-', '---.pdf', 13, 13, 6, '2017-04-11', '2017-04-11', 1),
(51, '309991', 'เครื่องวิเคราะห์ปริมาณ Na & K', '850,000.-', '---.pdf', 13, 13, 6, '2017-04-11', '2017-04-11', 1),
(52, '868667', 'เตาเผาไฟฟ้าพร้อมอุปกรณ์', '550,000.-', '---.pdf', 13, 13, 6, '2017-04-11', '2017-04-11', 1),
(53, '613363', 'เครื่องมือหาความหนาแน่นของดินในห้องทดลอง', '', '---.pdf', 13, 13, 6, '2017-04-11', '2017-04-11', 1),
(54, '360813', 'เครื่องมือตรวจสอบความหนาแน่นของวัสดุในสนาม', '', '---.pdf', 13, 13, 6, '2017-04-11', '2017-04-11', 1),
(55, '763977', 'แบบหล่อคอนกรีตทรงลูกบาศก์ขนาด 150 มม.', '', '---.pdf', 13, 13, 6, '2017-04-11', '2017-04-11', 1),
(56, '837445', 'เครื่องพาสเจอร์ไรซ์นม', '', '---.pdf', 13, 13, 6, '2017-04-11', '2017-04-11', 1),
(57, '895296', 'เครื่องตรวจวัดมีเทนแบบภาคสนาม', '160,000.-', '---.pdf', 13, 13, 6, '2017-04-11', '2017-04-11', 1),
(58, '964143', 'เครื่องหาปริมาณสารประจุลบ', '389,000.-', '---.pdf', 13, 13, 6, '2017-04-11', '2017-04-11', 1),
(59, '234830', 'เครื่องปั่นเหวี่ยงตะกอน', '600,000.-', '---.pdf', 13, 13, 6, '2017-04-11', '2017-04-11', 1),
(60, '881723', 'เครื่องวัดความเป็นกรด-ต่างและไอออนในสารละลาย', '59,385.-', '---.pdf', 13, 13, 6, '2017-04-11', '2017-04-11', 1),
(61, '904122', 'เครื่องวัดความนำไฟฟ้าแบบตั้งโต๊ะ', '74,900.-', '---.pdf', 13, 13, 6, '2017-04-11', '2017-04-11', 1),
(62, '875443', 'ตู้ควบคุมอุณหภูมิขนาดไม่น้อยกว่า 950 ลิตร', '119,840.-', '---.pdf', 13, 13, 6, '2017-04-11', '2017-04-11', 1),
(63, '664851', 'ตู้อบลมร้อน ขนาดไม่น้อยกว่า 375 ลิตร', '318,860.-', '---.pdf', 13, 13, 6, '2017-04-11', '2017-04-11', 1),
(64, '597924', 'เครื่องเขย่า (Shaker)', '267,500.-', '---.pdf', 13, 13, 6, '2017-04-11', '2017-04-11', 1),
(65, '895068', 'ตู้บ่มเพาะเลี้ยงเชื้อที่อุณหภูมิต่ำ', '529,650.-', '---.pdf', 13, 13, 6, '2017-04-11', '2017-04-11', 1),
(66, '781571', 'ตู้แช่แข็งสำหรับเก็บสารมาตรฐาน', '502,900.-', '---.pdf', 13, 13, 6, '2017-04-11', '2017-04-11', 1),
(67, '222649', 'เครื่องชั่งไฟฟ้าชนิดอ่านละเอียด 0.1 มิลลิกรัม', '107,000.-', '---.pdf', 13, 13, 6, '2017-04-11', '2017-04-11', 1),
(68, '468533', 'ตู้บ่มเพาะเลี้ยงเชื้อ', '350,960.-', '---.pdf', 13, 13, 6, '2017-04-11', '2017-04-11', 1),
(69, '674717', 'ตู้ดูดควัน (Fume Hood) แบบไฟเบอร์กลาส', '230,050.-', '---.pdf', 13, 13, 6, '2017-04-11', '2017-04-11', 1),
(70, '967989', 'เครื่องนึ่งฆ่าเชื้อ', '240,000.-', '---.pdf', 13, 13, 6, '2017-04-11', '2017-04-11', 1),
(71, '915792', 'เครื่องระเหยสูญญากาศแบบหมุน พร้อมอุปกรณ์ (Rotary Vacuum Evaporator)', '450,000.-', '---.pdf', 13, 13, 6, '2017-04-11', '2017-04-11', 1),
(72, '674993', 'ตู้ปลอดเชื้อ', '481,500.-', '---.pdf', 13, 13, 6, '2017-04-11', '2017-04-11', 1),
(73, '527590', 'เครื่องดูดจ่ายอาหารเลี้ยงเชื้อ', '178,155.-', '---.pdf', 13, 13, 6, '2017-04-11', '2017-04-11', 1),
(74, '512972', 'เครื่องชั่งไฟฟ้าชนิดอ่านละเอียด 1 มิลลิกรัม', '76,826.-', '---.pdf', 13, 13, 6, '2017-04-11', '2017-04-11', 1),
(75, '882089', 'เครื่องชั่งไฟฟ้าชนิดอ่านละเอียด 0.01 มิลลิกรัม', '214,000.-', '---.pdf', 13, 13, 6, '2017-04-11', '2017-04-11', 1),
(76, '971532', 'อ่างน้ำควบคุมอุณหภูมิ', '34,000.-', '---.pdf', 13, 13, 6, '2017-04-11', '2017-04-11', 1),
(77, '311393', 'เครื่องกวนสารละลายแบบให้ความร้อน', '35,454.-', '---.pdf', 13, 13, 6, '2017-04-11', '2017-04-11', 1),
(78, '342370', 'เครื่องล้างทำความสะอาดวัสดุด้วยคลื่นความถี่สูง', '79,929.-', '---.pdf', 13, 13, 6, '2017-04-11', '2017-04-11', 1),
(79, '677672', 'เครื่องวัดสีในสารละลาย', '272,000.-', '---.pdf', 13, 13, 6, '2017-04-11', '2017-04-11', 1),
(80, '461248', 'เครื่องโครมาโตกราฟชนิดของเหลวความดันสูง', '3,500,000.-', '---.pdf', 13, 13, 6, '2017-04-11', '2017-04-11', 1),
(81, '173227', 'เครื่องผลิตน้ำบริสุทธิ์คุณภาพสูง', '1,400,000.-', '---.pdf', 13, 13, 6, '2017-04-11', '2017-04-11', 1),
(82, '282391', 'เครื่องแก๊สโครมาโตกราฟ-แมสสเปคโตรมิเตอร์ พร้อมอุปกรณ์ ', '4,547,500.-', '---.pdf', 13, 13, 6, '2017-04-11', '2017-04-11', 1),
(83, '792275', 'เครื่องสกัดไขมัน ', '1,134,200.-', '---.pdf', 13, 13, 6, '2017-04-11', '2017-04-11', 1),
(84, '314202', 'เครื่องมือทดสอบ CBR ชนิดมือหมุน', '107,330.-', '---.pdf', 13, 13, 6, '2017-12-06', '2017-12-06', 1),
(85, '894185', 'ชุดทดสอบ LIQUID LIMIT DEVICE', '37,660.-', '---.pdf', 13, 13, 6, '2017-12-06', '2018-09-17', 1),
(86, '728320', 'Mold และฝาครอบชุดทดสอบ Triaxial Test ขนาดเส้นผ่านศูนย์กลาง 1.5 \"', '104,000.-', '---.pdf', 13, 13, 6, '2017-12-06', '2017-12-06', 1),
(87, '859045', 'เครื่องทดสอบหาขนาดช่องเปิดแผ่นใยสังเคราะห์', '395,000.-', '---.pdf', 13, 13, 6, '2017-12-06', '2017-12-06', 1),
(88, '210264', 'ชุดทดสอบ Hydrometer', '97,500.-', '---.pdf', 13, 13, 6, '2017-12-06', '2017-12-06', 1),
(89, '174188', 'เครื่องหั่นย่อยซากพืชขนาดใหญ่', '174,760 .-', '---.pdf', 13, 13, 6, '2017-12-28', '2017-12-28', 1),
(90, '140148', 'เครื่องแต่งความหนาชิ้นทดสอบผลิตภัณฑ์ยาง', '1,250,000.-', '---.pdf', 13, 13, 6, '2018-07-16', '2018-07-16', 1),
(91, '978175', 'ชุดทดสอบกำลังของดิน Triaxial', '3,150,000 .-', '---.pdf', 13, 13, 6, '2018-08-30', '2018-08-30', 1),
(92, '770432', 'ชุด Mold สำหรับทดสอบดินซีเมนต์ปรับปรุงคุณภาพด้วยยางธรรมชาติ', '77,680.-', '---.pdf', 13, 13, 6, '2018-09-13', '2018-09-13', 3),
(93, '817635', 'ชุดทดสอบ CBR แบบมอเตอร์ไฟฟ้า', '485,000.-', '---.pdf', 13, 13, 6, '2018-09-13', '2018-09-13', 2),
(94, '776879', 'เครื่องทดสอบความสึกกร่อน', '241,660.-', '---.pdf', 13, 13, 6, '2018-09-13', '2018-09-13', 1),
(95, '431493', 'ชุดทดสอบหาขนาดคละของเม็ดดิน', '125,000.-', '---.pdf', 13, 13, 6, '2018-09-13', '2018-09-13', 1),
(96, '626825', 'ชุดทดสอบ atterberg limits', '37,970.-', '---.pdf', 13, 13, 6, '2018-10-03', '2018-10-03', 1),
(97, '839650', 'แผ่นระดับน้ำแบบตั้ง (Vertical Staffgate)', '1,300.-', '---.pdf', 12, 63, 5, '2017-04-10', '2024-03-15', 1),
(98, '417774', 'แผ่นระดับน้ำแบบลาด (Inclined Staffgate)', '1,300.-', '---.pdf', 12, 63, 5, '2017-04-10', '2024-03-15', 1),
(99, '369919', 'กล้องถ่ายภาพวีดีโอ ระบบ Full HD ( 4K )', '61,700.-', '---.pdf', 14, 73, 7, '2018-11-01', '2022-06-16', 1),
(100, '496273', 'โทรทัศน์ แอล อี ดี  (LED TV) ระดับความละเอียดจอภาพ 1366 x 768 พิกเซล  ขนาด 32 นิ้ว', '5,400.-', '---.pdf', 14, 79, 7, '2018-11-01', '2021-11-19', 1),
(101, '371610', 'โทรทัศน์ แอล อี ดี  (LED TV) ระดับความละเอียดจอภาพ 1920 x 1080 พิกเซล  ขนาด 32 นิ้ว', '5,900.-', '---.pdf', 14, 79, 7, '2018-11-01', '2021-11-19', 1),
(102, '269230', 'โทรทัศน์ แอล อี ดี  (LED TV)ระดับความละเอียดจอภาพ 1920 x 1080 พิกเซล ขนาด 40 นิ้ว ', '7,500.-', '---.pdf', 14, 79, 7, '2018-11-01', '2021-11-19', 1),
(103, '131320', 'โทรทัศน์ แอล อี ดี (LED TV) ระดับความละเอียดจอภาพ 1920 x 1080 พิกเซล ขนาด 48 นิ้ว ', '12,990.-', '---.pdf', 14, 79, 7, '2018-11-01', '2021-11-19', 1),
(104, '648911', 'โทรทัศน์ แอล อี ดี  (LED TV)ระดับความละเอียดจอภาพ 1920 x 1080 พิกเซล ขนาด 50 นิ้ว', '13,500.-', '---.pdf', 14, 79, 7, '2018-11-01', '2021-11-19', 1),
(105, '950595', 'โทรทัศน์ แอล อี ดี  (LED TV) ระดับความละเอียดจอภาพ 1920 x 1080 พิกเซล ขนาด 55 นิ้ว ', '20,990.-', '---.pdf', 14, 79, 7, '2018-11-01', '2021-11-19', 1),
(106, '906243', 'โทรทัศน์ แอล อี ดี  (LED TV) แบบ Smart TV ระดับความละเอียดจอภาพ 1366 x 768 พิกเซล  ขนาด 32 นิ้ว', '6,700.-', '---.pdf', 14, 79, 7, '2018-11-01', '2021-11-19', 1),
(107, '679430', 'โทรทัศน์ แอล อี ดี  (LED TV) แบบ Smart TV ระดับความละเอียดจอภาพ 1920 x 1080 พิกเซล  ขนาด 40 นิ้ว', '8,900.-', '---.pdf', 14, 79, 7, '2018-11-01', '2021-11-19', 1),
(108, '578423', 'โทรทัศน์ แอล อี ดี  (LED TV) แบบ Smart TV ระดับความละเอียดจอภาพ 1920 x 1080 พิกเซล ขนาด 48 นิ้ว', '11,990.-', '---.pdf', 14, 79, 7, '2018-11-01', '2021-11-19', 1),
(109, '753825', 'โทรทัศน์ แอล อี ดี  (LED TV) แบบ Smart TV ระดับความละเอียดจอภาพ 1920 x 1080 พิกเซล ขนาด 55 นิ้ว', '14,700.-', '---.pdf', 14, 79, 7, '2018-11-01', '2021-11-19', 1),
(110, '133857', 'เครื่องเรียงหน้ากระดาษ แบบอัตโนมัติ', '195,000.-', '---.pdf', 15, 15, 7, '2018-10-10', '2018-11-06', 1),
(111, '107812', 'กล้องถ่ายภาพ ระบบดิจิตอล  ความละเอียด 16 ล้านพิกเซล', '13,600.-', '---.pdf', 14, 73, 7, '2018-11-01', '2018-11-01', 1),
(112, '937488', 'กล้องถ่ายภาพ ระบบดิจิตอล  ความละเอียด 20 ล้านพิกเซล', '19,300.-', '---.pdf', 14, 73, 7, '2018-11-01', '2018-11-01', 1),
(113, '664005', 'ตู้เหล็กเก็บเอกสาร 2 ตอน', '', '---.pdf', 3, 44, 2, '2017-04-07', '2017-04-07', 1),
(114, '407562', 'ตู้เหล็ก 2 บาน(ไม่มี มอก.)', '', '---.pdf', 3, 44, 2, '2017-04-07', '2017-04-07', 1),
(115, '845797', 'เก้าอี้ประชุม', '', '---.pdf', 3, 43, 2, '2017-04-07', '2017-04-07', 1),
(116, '206296', 'โต๊ะประชุมขนาด 20 คน', '', '---.pdf', 3, 42, 2, '2017-04-07', '2017-04-07', 2),
(117, '194093', 'โต๊ะเขียนแบบ', '', '---.pdf', 3, 42, 2, '2017-04-07', '2017-04-07', 1),
(118, '251576', 'โต๊ะอเนกประสงค์', '2,500.-', '---.pdf', 3, 42, 2, '2017-03-02', '2017-03-02', 1),
(119, '575602', 'ตู้ล็อคเกอร์เหล็ก แบบ 9 ช่อง', '', '---.pdf', 3, 44, 2, '2017-04-07', '2017-04-07', 1),
(120, '223284', 'ตู้เก็บผ้าแบบรางเลื่อน ระบบมือผลัก', '', '---.pdf', 3, 44, 2, '2017-04-07', '2017-04-07', 1),
(121, '189615', 'โต๊ะวางเครื่องฉายทึบแสง', '', '---.pdf', 3, 42, 2, '2017-03-02', '2017-03-02', 1),
(122, '178223', 'ตู้นิรภัย', '', '---.pdf', 3, 44, 2, '2017-04-07', '2017-04-07', 1),
(123, '222270', 'เครื่องมือวัดเนื้อที่', '35,000.-', '---.pdf', 3, 46, 2, '2017-04-10', '2017-04-10', 1),
(124, '476680', 'ตู้เหล็กเก็บเอกสาร 3 ลิ้นชัก', '', '---.pdf', 3, 44, 2, '2017-04-07', '2017-04-07', 1),
(125, '716591', 'ชั้นวางกล่องแฟ้ม ชนิด 4 ชั้น', '', '---.pdf', 3, 45, 2, '2017-03-02', '2017-03-02', 1),
(126, '252916', 'เก้าอี้พนักพิงสูง', '', '---.pdf', 3, 43, 2, '2017-04-07', '2017-04-07', 1),
(127, '814806', 'เก้าอี้เขียนแบบ', '', '---.pdf', 3, 43, 2, '2017-04-07', '2017-04-07', 1),
(128, '515282', 'เก้าอี้แป้นกลม', '', '---.pdf', 3, 43, 2, '2017-04-07', '2017-04-07', 1),
(129, '931992', 'โต๊ะวางเครื่องอุปกรณ์ประชาสัมพันธ์', '', '---.pdf', 3, 42, 2, '2017-04-07', '2017-04-07', 1),
(130, '314115', 'เก้าอี้สำหรับเจ้าหน้าที่คอมพิวเตอร์', '1,500.-', '---.pdf', 3, 43, 2, '2017-04-07', '2017-04-07', 1),
(131, '474598', 'ชั้นวางกล่องแฟ้ม ชนิด 2 ชั้น', '', '---.pdf', 3, 45, 2, '2017-03-02', '2017-03-02', 1),
(132, '430646', 'ตู้เหล็กเก็บแบบ', '', '---.pdf', 3, 44, 2, '2017-04-07', '2017-04-07', 1),
(133, '629439', 'เครื่องมือเขียนแบบ', '', '---.pdf', 3, 46, 2, '2017-04-10', '2017-04-10', 1),
(134, '855255', 'ตู้ล็อคเกอร์เหล็ก แบบ 6ช่อง', '', '---.pdf', 3, 44, 2, '2017-04-07', '2017-04-07', 1),
(135, '487959', 'ตู้บานเลื่อนกระจก', '', '---.pdf', 3, 44, 2, '2017-04-07', '2017-04-07', 1),
(136, '674033', 'เครื่องมือวัดเนื้อที่แบบแสดงตัวเลข (Digital Planimeter)', '', '---.pdf', 3, 46, 2, '2017-04-10', '2017-04-10', 1),
(137, '906285', 'โต๊ะประชุมขนาด 30 คน', '', '---.pdf', 3, 42, 2, '2017-03-02', '2018-02-01', 1),
(138, '609328', 'ตู้ล็อคเกอร์เหล็ก แบบ 18 ช่อง', '', '---.pdf', 3, 44, 2, '2017-04-07', '2017-04-07', 1),
(139, '227787', 'ตู้เหล็กเก็บเอกสาร ชนิด 4 ลิ้นชัก(มอก.)', '', '---.pdf', 3, 44, 2, '2017-04-07', '2017-04-07', 1),
(140, '110951', 'ตู้นิรภัยแบบ 2 ประตู', '', '---.pdf', 3, 44, 2, '2017-04-07', '2017-04-07', 1),
(141, '671396', 'โต๊ะเขียนแบบ', '3,000.-', '---.pdf', 3, 42, 2, '2017-03-02', '2017-03-02', 1),
(142, '224124', 'ชั้นวางหนังสือ', '', '---.pdf', 3, 45, 2, '2017-03-02', '2017-03-02', 3),
(143, '806435', 'ตู้เหล็กเก็บเอกสาร ชนิด 4 ลิ้นชัก', '4,500.-', '---.pdf', 3, 44, 2, '2017-04-07', '2017-04-07', 1),
(144, '559803', 'ตู้เก็บแผนที่', '', '---.pdf', 3, 44, 2, '2017-04-07', '2017-04-07', 1),
(145, '279713', 'เครื่องเขียนตัวอักษรชุดภาษาไทย', '', '---.pdf', 3, 46, 2, '2017-03-02', '2023-05-22', 1),
(146, '519153', 'ตู้เหล็กเก็บเอกสาร ชนิดบานเลื่อนกระจก', '3,000.-', '---.pdf', 3, 44, 2, '2017-04-07', '2017-04-07', 1),
(147, '756628', 'โต๊ะวางเครื่องคอมพิวเตอร์และเครื่องพิมพ์', '', '---.pdf', 3, 42, 2, '2017-04-07', '2017-04-07', 1),
(148, '325680', 'เก้าอี้นวมชนิดขาพับเหล็ก', '', '---.pdf', 3, 43, 2, '2017-04-07', '2017-04-07', 1),
(149, '158517', 'ตู้เหล็กเก็บเอกสาร ชนิด 4 ลิ้นชัก', '', '---.pdf', 3, 44, 2, '2017-04-07', '2017-04-07', 1),
(150, '615548', 'เก้าอี้พลาสติกอเนกประสงค์', '', '---.pdf', 3, 43, 2, '2017-04-07', '2017-04-07', 1),
(151, '702188', 'เก้าอี้ผู้มาติดต่อ', '500.-', '---.pdf', 3, 43, 2, '2017-04-07', '2017-04-07', 1),
(152, '664295', 'ตู้เหล็ก 2 ลิ้นชัก', '', '---.pdf', 3, 44, 2, '2017-04-07', '2017-04-07', 1),
(153, '214911', 'เครื่องวัดระดับน้ำอัตโนมัติ แบบลูกลอยและเครื่องวัดน้ำฝนอัตโนมัติ แบบกระดก', '190,000.-', '---.pdf', 12, 64, 5, '2017-04-10', '2017-04-10', 2),
(154, '781670', 'เครื่องวัดระดับน้ำอัตโนมัติ แบบฟองอากาศ และเครื่องวัดน้ำฝนอัตโนมัติ แบบกระดก', '290,700', '---.pdf', 12, 64, 5, '2017-04-10', '2017-04-10', 2),
(155, '463618', 'เครื่องวัดระดับน้ำอัตโนมัติ แบบคลื่นเสียง และเครื่องวัดน้ำฝนอัตโนมัติ แบบกระดก', '200,500', '---.pdf', 12, 64, 5, '2017-04-10', '2017-04-10', 1),
(156, '773083', 'เครื่องวัดระดับน้ำอัตโนมัติ แบบเรดาร์', '260,000.-', '---.pdf', 12, 64, 5, '2017-04-10', '2022-09-14', 2),
(157, '574559', 'เครื่องวัดระดับน้ำอัตโนมัติแบบเรดาร์ และเครื่องวัดน้ำฝนอัตโนมัติ แบบกระดก', '291,300.-', '---.pdf', 12, 64, 5, '2017-04-10', '2017-04-10', 2),
(158, '453548', 'เครื่องหยั่งความลึก (Echo Sounder) ชนิด 2 ความถี่', ' 920,000.-', '---.pdf', 12, 70, 5, '2017-04-10', '2017-04-10', 1),
(159, '444063', 'เครื่องวัดปริมาณน้ำแบบ Radar ชนิดไม่สัมผัสน้ำ 0 - 15 เมตร', '1,012,000.-', '---.pdf', 12, 66, 5, '2017-04-10', '2022-06-21', 1),
(160, '759671', 'เครื่องมือสำรวจอุตุนิยมวิทยา (5 อุปกรณ์ตรวจวัด)', '415,000.-', '---.pdf', 12, 71, 5, '2017-04-10', '2017-04-10', 1),
(161, '566167', 'อุปกรณ์รับส่งข้อมูลอัตโนมัติ (Modem 3G)', '60,000.-', '---.pdf', 12, 71, 5, '2017-04-10', '2017-04-10', 1),
(162, '451824', 'เครื่องวัดกระแสน้ำในท่อปิด แบบ Ultrasonic พร้อม Data Logger (portable)', '580,000.-', '---.pdf', 12, 66, 5, '2017-04-10', '2017-04-10', 1),
(163, '460618', 'เครื่องหยั่งความลึก Echo Sounder', '690,000.-', '---.pdf', 12, 70, 5, '2017-04-10', '2017-04-10', 1),
(164, '847617', 'นาฬิกาจับเวลา', '4,800.-', '---.pdf', 12, 65, 5, '2017-04-10', '2017-04-10', 1),
(165, '956235', 'เครื่องวัดน้ำฝนธรรมดาพร้อมอุปกรณ์', '14,000.-', '---.pdf', 12, 67, 5, '2017-04-10', '2017-04-10', 2),
(166, '338322', 'เครื่องวัดความเร็วกระแสน้ำ แบบ Electromagnetic Current Meter', '451,000.-', '---.pdf', 12, 66, 5, '2017-04-10', '2017-04-10', 1),
(167, '522906', 'เครื่องวัดระดับน้ำแบบ Bubble พร้อม Data Logger', '250,000.-', '---.pdf', 12, 64, 5, '2017-04-10', '2017-04-10', 2),
(168, '599563', 'เครื่องวัดระดับน้ำอัตโนมัติแบบลูกลอย', '155,000.-', '---.pdf', 12, 64, 5, '2017-04-10', '2017-04-10', 2),
(169, '429100', 'เครื่องวัดระดับน้ำแบบ Floating พร้อมเครื่องอ่านค่า Data Logger', '210,000.-', '---.pdf', 12, 64, 5, '2017-04-10', '2017-04-10', 2),
(170, '246809', 'เครื่องมือสำรวจอุตุนิยมวิทยา', '450,000.-', '---.pdf', 12, 71, 5, '2017-04-10', '2017-04-10', 1),
(171, '746747', 'เครื่องวัดระดับน้ำอัตโนมัติแบบ Altrasonic', '350,000.-', '---.pdf', 12, 64, 5, '2017-04-10', '2017-04-10', 1),
(172, '193308', 'เครื่องวัดระดับน้ำอัตโนมัติ แบบคลื่นเสียง', '165,600', '---.pdf', 12, 64, 5, '2017-04-10', '2017-04-10', 1),
(173, '426299', 'เครื่องวัดกระแสน้ำแบบ Acoustic ชนิด 500 kHz', '710,000.-', '---.pdf', 12, 66, 5, '2017-04-10', '2017-04-10', 2),
(174, '551570', 'เครื่องวัดระดับน้ำแบบ Bubble พร้อมเครื่องอ่านค่า Data Logger', '330,000.-', '---.pdf', 12, 64, 5, '2017-04-10', '2017-04-10', 2),
(175, '478956', 'เครื่องวัดปริมาณน้ำฝนขนาดเล็ก พร้อมอุปกรณ์', '-', '---.pdf', 12, 64, 5, '2017-04-10', '2017-04-10', 1),
(176, '640069', 'เครื่องวัดกระแสน้ำในท่อปิดแบบ Ultra Sonic พร้อม Data Logger', '600,000.-', '---.pdf', 12, 66, 5, '2017-04-10', '2017-04-10', 1),
(177, '763480', 'เครื่องแปลงสัญญาณจากกลไกเป็นสัญญาณไฟฟ้า สำหรับใช้กับเครื่องวัดระดับน้ำอัตโนมัติ', '115,000.-', '---.pdf', 12, 64, 5, '2017-04-10', '2017-04-10', 2),
(178, '897190', 'เครื่องวัดระดับน้ำอัตโนมัติแบบ Floting พร้อม Data Logger Single Port,วิทยุโทรทัศน์ GSM และโซล่าเซล และเครื่องอ่านค่า Data Logger', '240,000.-', '---.pdf', 12, 64, 5, '2017-04-10', '2017-04-10', 2),
(179, '295514', 'เครื่องวัดน้ำฝนอัตโนมัติแบบกระดก', '112,000.-', '---.pdf', 12, 68, 5, '2017-04-10', '2018-11-07', 2),
(180, '485998', 'เครื่องมือวัดระดับน้ำแบบอัตโนมัติ', '350,000.-', '---.pdf', 12, 64, 5, '2017-04-10', '2017-04-10', 2),
(181, '543449', 'เครื่องวัดระดับน้ำอัตโนมัติ แบบฟองอากาศ', '265,000.-', '---.pdf', 12, 64, 5, '2017-04-10', '2017-04-10', 2),
(182, '259251', 'เครื่องวัดกระแสน้ำแบบคลื่นเสียง ขนาดความถี่ไม่เกิน 3000 kHz พร้อมเครื่องอ่านค่า Data Logger', '649,000.-', '---.pdf', 12, 66, 5, '2017-04-10', '2017-04-10', 1),
(183, '465908', 'เครื่องหยั่งความลึกแบบพกพาพร้อมอุปกรณ์', '35,000.-', '---.pdf', 12, 70, 5, '2017-04-10', '2017-04-10', 1),
(184, '551787', 'เครื่องวัดระดับน้ำอัตโนมัติแบบ Floting พร้อม Data Logger Single Port,วิทยุโทรทัศน์ GSM และโซล่าเซล', '225,000.-', '---.pdf', 12, 64, 5, '2017-04-10', '2017-04-10', 2),
(185, '361213', 'เครื่องตรวจวัดปริมาณการไหลและหน้าตัดการไหลในลำน้ำ(River Survey Overview) พร้อมอุปกรณ์(ไม่มีเครื่องหาค่าพิกัด)', '1,600,000.-', '---.pdf', 12, 66, 5, '2017-04-10', '2017-04-10', 2),
(186, '950704', 'เครื่องตรวจวัดปริมาณการไหลและหน้าตัดการไหลในลำน้ำ(River Survey Overview) พร้อมอุปกรณ์(มีเครื่องหาค่าพิกัด)', '2,050,000.-', '---.pdf', 12, 66, 5, '2017-04-10', '2017-04-10', 1),
(187, '869881', 'เครื่องวัดระดับน้ำ แบบสายเทปบอกตัวเลขชนิดยาวไม่น้อยกว่า 100 เมตร', '55,000.-', '---.pdf', 12, 64, 5, '2017-04-10', '2017-04-10', 1),
(188, '497292', 'เครื่องวัดความชื้นในดิน', '65,000.-', '---.pdf', 12, 105, 5, '2017-04-10', '2023-10-05', 1),
(189, '676820', 'เครื่องวัดกระแสน้ำ แบบคลื่นเสียง ความถี่ 300 KHz', '1,200,000.-', '---.pdf', 12, 66, 5, '2017-04-10', '2017-04-10', 2),
(190, '892222', 'เครื่องวัดความชื้นในดินตามลำดับชั้นดินแบบพกพา', '380,000.-', '---.pdf', 12, 105, 5, '2017-04-10', '2023-10-05', 1),
(191, '530650', 'เครื่องวัดระดับน้ำอัตโนมัติ แบบความดัน', '125,000', '---.pdf', 12, 64, 5, '2017-04-10', '2017-04-10', 1),
(192, '776586', 'เครื่องวัดระดับน้ำอัตโนมัติ แบบความดัน และเครื่องวัดน้ำฝนอัตโนมัติ แบบกระดก', '169,000', '---.pdf', 12, 64, 5, '2017-04-10', '2017-04-10', 1),
(193, '390981', 'ชุดหัววัดการเคลื่อนตัวแนวดิ่ง พร้อมสายวัดสำหรับเครื่องมือวัดการเคลื่อนตัว แนวดิ่งแบบ USBR Cross Arm', '-', '---.pdf', 12, 62, 5, '2017-04-10', '2017-04-10', 2),
(194, '425148', 'ชุดท่อวัดการเคลื่อนตัว (Access pipe) พร้อมส่วนประกอบ (Fittint) สำหรับเครื่องมือวัดการเคลื่อนตัวแนวดิ่งแบบ USBR Cross Arm', '-', '---.pdf', 12, 57, 5, '2017-04-10', '2017-04-10', 2),
(195, '852796', 'ชุดหัววัดการเคลื่อนตัว (Torpedo Probe) สำหรับเครื่องมือวัดการเคลื่อนตัวแนวดิ่งแบบ USBR Cross Arm', '-', '---.pdf', 12, 57, 5, '2017-04-10', '2017-04-10', 2),
(196, '188536', 'อาคาร Instrument House พร้อม Terminal Box แบบ Data Logger ภายใน พร้อมระบบอ่านค่าและส่งข้อมูงแบบอัตโนมัติ', '-', '---.pdf', 12, 62, 5, '2017-04-10', '2017-04-10', 2),
(197, '984291', 'ชุดท่อวัดการเคลื่อนตัว พร้อมส่วนประกอบสำหรับเครื่องมือวัดการเคลื่อนตัวแนวราบ', '-', '---.pdf', 12, 62, 5, '2017-04-10', '2017-04-10', 2),
(198, '655851', 'อุปกรณ์สอบเทียบค่า สำหรับเครื่องมือวัดการเคลื่อนตัวแนวราบ', '-', '---.pdf', 12, 62, 5, '2017-04-10', '2017-04-10', 2),
(199, '226381', 'ชุดหัวทดสอบ สำหรับเครื่องมือวัดการเคลื่อนตัวแนวราบ', '-', '---.pdf', 12, 62, 5, '2017-04-10', '2017-04-10', 2),
(200, '864353', 'ชุดหัววัดการเคลื่อนตัว สำหรับความลึกไม่เกิน 80 เมตร เครื่องมือวัดการเคลื่อนตัวในแนวราบภายในตัวเขื่อนแบบอัตโนมัติ', '-', '---.pdf', 12, 62, 5, '2017-04-10', '2017-04-10', 2),
(201, '842621', 'ชุดหัววัดการเครื่อนตัว พร้อมสายสัญญาณ 100 เมตร และระบบสื่อสารไร้สาย สำหรับเครื่องมือวัดการเคลื่อนตัวแนวราบ', '-', '---.pdf', 12, 62, 5, '2017-04-10', '2017-04-10', 2),
(202, '620048', 'ชุดหัววัดการเครื่อนตัว พร้อมสายสัญญาณ 50 เมตร และระบบสื่อสารไร้สาย สำหรับเครื่องมือวัดการเคลื่อนตัวแนวราบ', '-', '---.pdf', 12, 62, 5, '2017-04-10', '2017-04-10', 2),
(203, '472377', 'อุปกรณ์อ่านค่าการเคลื่อนตัว แบบระบบสื่อสารไร้สาย สำหรับเครื่องมือวัดการเคลื่อนตัวแนวราบ', '-', '---.pdf', 12, 62, 5, '2017-04-10', '2017-04-10', 2),
(204, '401741', 'ชุดอุปกรณ์อ่านค่าการทรุดตัวภายในตัวเขื่อน (Magnetic Sattlement Probe) สำหรับเครื่องมือวัดการทรุดตัวภายในเขื่อน (Magnetic Sattlem', '-', '---.pdf', 12, 57, 5, '2017-04-10', '2017-04-10', 2),
(205, '491573', 'ชุดเครื่องมือวัดการทรุดตัวภายในตัวเขื่อน (Spider and Plate Magnetic Sattlement Gauge) สำหรับเครื่องมือวัดการทรุดตัวภายในเขื่อน (', '-', '---.pdf', 12, 57, 5, '2017-04-10', '2017-04-10', 2),
(206, '252645', 'ชุดท่อของบ่อสังเกตการณ์ระดับน้ำใต้ดิน (Observation Well) สำหรับบ่อสังเกตการณ์ระดับน้ำใต้ดิน (Observation Well)', '-', '---.pdf', 12, 57, 5, '2017-04-10', '2017-04-10', 2),
(207, '588505', 'แบบสายเทปบอกตัวเลขความยาวไม่น้อยกว่า 50 เมตร', '-', '---.pdf', 12, 60, 5, '2017-04-10', '2017-04-10', 2),
(208, '284591', 'อุปกรณ์อ่านค่าแรงดันน้ำ (Readout Unit หรือ Data Logger)', '-', '---.pdf', 12, 58, 5, '2017-04-10', '2017-04-10', 2),
(209, '457441', 'หัววัดแรงดันน้ำ พร้อมสายสัญญาณชนิดวัดแรงดันน้ำปกติระหว่าง 0-100 เมตรของน้ำ', '-', '---.pdf', 12, 58, 5, '2017-04-10', '2017-04-10', 2),
(210, '433433', 'หัววัดแรงดันน้ำ พร้อมสายสัญญาณชนิดวัดแรงดันน้ำปกติระหว่าง 0-25 เมตรของน้ำ', '-', '---.pdf', 12, 58, 5, '2017-04-10', '2017-04-10', 2),
(211, '694840', 'หัววัดแรงดันน้ำ พร้อมสายสัญญาณชนิดวัดแรงดันน้ำปกติระหว่าง 0-50 เมตรของน้ำ', '-', '---.pdf', 12, 58, 5, '2017-04-10', '2017-04-10', 2),
(212, '273905', 'หัววัดแรงดันน้ำ พร้อมสายสัญญาณชนิดวัดแรงดันน้ำปกติระหว่าง 0-75 เมตรของน้ำ', '-', '---.pdf', 12, 58, 5, '2017-04-10', '2017-04-10', 2),
(213, '985004', 'สำหรับอาคารฝายวัดน้ำ', '-', '---.pdf', 12, 59, 5, '2017-04-10', '2017-04-10', 2),
(214, '403306', 'สำหรับอาคารฝายวัดน้ำ', '-', '---.pdf', 12, 61, 5, '2017-04-10', '2017-04-10', 2),
(215, '761520', 'หมุดวัดการทรุดตัว (Surface Sattlement Point)', '-', '---.pdf', 12, 57, 5, '2017-04-10', '2017-04-10', 2),
(216, '697680', 'Steel band tape 40 meters with spring balance(โซ่ลาน 40 ม.พร้อมปอนด์ดึง)', '5,500.-', '---.pdf', 11, 11, 4, '2017-04-10', '2017-04-10', 1),
(217, '203842', 'ไม้สต๊าฟอินวาร์ ขนาดความยาว 3 เมตร', '130,000.-', '---.pdf', 11, 11, 4, '2017-04-10', '2017-04-10', 1),
(218, '626169', 'Drilling Pump of Rotary Drilling Rig', '-', '---.pdf', 11, 11, 4, '2017-03-02', '2017-03-02', 1),
(219, '619320', 'เครื่องเจาะหินแบบกระแทกชนิดตีนตะขาบขับด้วยเคื่องยนต์ดีเซล พร้อมเครื่องอัดลมและเครื่องสูบน้ำ', '-', '---.pdf', 11, 11, 4, '2017-03-02', '2017-03-02', 1),
(220, '218096', '15 H.P. Rotary Drilling Machine', '-', '---.pdf', 11, 11, 4, '2017-03-02', '2017-03-02', 1),
(221, '932517', 'เครื่องอัดฉีดน้ำปูนแอละสารเคมีแบบเคลื่อนที่', '-', '---.pdf', 11, 11, 4, '2017-03-02', '2017-03-02', 1),
(222, '308299', 'เครื่องรับ-ส่งวิทยุระบบ VHF/FM ชนิดติดตั้งประจำที่ 60 วัตต์', '70,000.-', '---.pdf', 2, 34, 1, '2017-07-11', '2017-07-13', 1),
(223, '443944', 'เครื่องเจาะกระดาษด้วยมือ', '900.-', '---.pdf', 15, 15, 7, '2017-04-11', '2018-11-06', 1),
(224, '294826', 'เครื่องเจาะกระดาษ', '6,000.-', '---.pdf', 15, 15, 7, '2017-04-11', '2018-11-06', 1),
(225, '942295', 'เครื่องเจาะฟิล์ม', '-', '---.pdf', 15, 15, 7, '2017-04-11', '2017-04-11', 1),
(226, '127001', 'เครื่องไสสันทากาว', '3,948,300.-', '---.pdf', 15, 15, 7, '2017-04-12', '2017-04-12', 1),
(227, '408119', 'เครื่องตัดกระดาษแบบคันโยก', '-', '---.pdf', 15, 15, 7, '2017-04-12', '2017-04-12', 1),
(228, '659590', 'เครื่องตัดสติ๊กเกอร์ (Cutting Plotters)', '-', '---.pdf', 15, 15, 7, '2017-04-12', '2017-04-12', 1),
(229, '173597', 'เครื่องตัดสติ๊กเกอร์ (Cutting Plotters)', '65,000.-', '---.pdf', 15, 15, 7, '2017-04-12', '2017-04-12', 1),
(230, '589216', 'เครื่องตัดสติ๊กเกอร์ (Desktop Cutters)', '30,000.-', '---.pdf', 15, 15, 7, '2017-04-12', '2017-04-12', 1),
(231, '525289', 'เครื่องตัดกระดาษอัตโนมัติ', '2,642,900.-', '---.pdf', 15, 15, 7, '2017-04-12', '2017-04-12', 1),
(232, '758795', 'เครื่องปรุกระดาษ', '-', '---.pdf', 15, 15, 7, '2017-04-12', '2017-04-12', 1),
(233, '318112', 'เครื่องพิมพ์แบบระบบแอมโมเนีย ขนาด 420 วัตต์', '150,000.-', '---.pdf', 15, 15, 7, '2017-04-12', '2017-04-12', 1),
(234, '114172', 'เครื่องพิมพ์แบบแปลนชนิดผงหมึกแห้ง', '350,000.-', '---.pdf', 15, 15, 7, '2017-04-12', '2017-04-12', 1),
(235, '416527', 'เครื่องพิมพ์แบบระบบดิจิตอล', '1,500,000.-', '---.pdf', 15, 15, 7, '2017-04-12', '2017-04-12', 1),
(236, '740119', 'เครื่องพิมพ์แบบระบบมัลติฟังก์ชั่น (แบบลายเส้นสีน้ำเงินพื้นสีฟ้า)', '500,000.-', '---.pdf', 15, 15, 7, '2017-04-12', '2017-04-12', 1),
(237, '551014', 'เครื่องพิมพ์แบบระบบมัลติฟังก์ชั่น', '-', '---.pdf', 15, 15, 7, '2017-04-12', '2017-04-12', 1),
(238, '434713', 'เครื่องพิมพ์แบบการพิมพ์หน้ากว้าง (หน้ากว้างไม่น้อยกว่า 60 นิ้ว)', '695,500.-', '---.pdf', 15, 15, 7, '2017-04-12', '2017-04-12', 2),
(239, '420523', 'เครื่องพิมพ์ดิจิตอลสี (ความละเอียด 1,200x2,400จุด/ตารางนิ้ว)', '6,452,100.-', '---.pdf', 15, 15, 7, '2017-04-12', '2017-04-12', 1),
(240, '698479', 'เครื่องเย็บกระดาษ ขนาดความหนา 30-110 แผ่น', '1,600.-', '---.pdf', 15, 15, 7, '2017-04-12', '2017-04-12', 1),
(241, '330826', 'เครื่องเย็บกระดาษ ขนาดความหนา 50-240 แผ่น', '3,500.-', '---.pdf', 15, 15, 7, '2017-04-12', '2017-04-12', 1),
(242, '358692', 'เครื่องเย็บเล่มกระดาษไฟฟ้า', '65,000.-', '---.pdf', 15, 15, 7, '2017-04-12', '2017-04-12', 1),
(243, '700984', 'เครื่องเย็บหนังสือ', '3,916,200.-', '---.pdf', 15, 15, 7, '2017-04-12', '2017-04-12', 1),
(244, '528843', 'เครื่องอัดเพลทสำหรับถ่ายแม่พิมพ์', '-', '---.pdf', 15, 15, 7, '2017-04-12', '2017-04-12', 1),
(245, '441264', 'เครื่องอัดสำเนา', '28,000.-', '---.pdf', 15, 15, 7, '2017-04-12', '2017-04-12', 1),
(246, '519791', 'เครื่องพิมพ์สำเนาระบบดิจิตอล ความละเอียด 600x600จุด ต่อตารางนิ้ว', '240,000.-', '---.pdf', 15, 15, 7, '2017-04-12', '2017-04-12', 1),
(247, '275165', 'เครื่องพิมพ์ภาพถ่ายระบบพ่นหมึก', '8,000.-', '---.pdf', 14, 79, 7, '2017-04-11', '2017-04-11', 1),
(248, '616450', 'ป้ายอักษรไฟวิ่งแสดงผล Full Color แบบติดตั้งภายนอกอาคาร', '1,970,000.-', '---.pdf', 14, 77, 7, '2017-04-11', '2017-04-11', 1),
(249, '356757', 'ป้ายอักษรไฟวิ่งแสดงผล 1 สี แบบติดตั้งภายนอกอาคาร ขนาดไม่น้อยกว่า 64 x 192 เซนติเมตร', '146,000.-', '---.pdf', 14, 77, 7, '2017-04-11', '2017-04-11', 1),
(250, '734437', 'รถเข็นชนิดล้อแม็ก', '3,000.-', '---.pdf', 16, 16, 7, '2017-04-11', '2017-04-11', 1),
(251, '701914', '	เครื่องโทรสารแบบใช้กระดาษธรรมดา (ชนิดฟิล์ม)', '4,000.-', '---.pdf', 2, 28, 1, '2017-07-11', '2017-07-13', 1),
(252, '306260', '	เครื่องโทรสารแบบใช้กระดาษธรรมดา (ส่งเอกสารได้ครั้งละ 20 แผ่น)', '18,000.-', '---.pdf', 2, 28, 1, '2017-07-11', '2017-07-13', 1),
(253, '225559', 'เครื่องโทรสารแบบใช้กระดาษธรรมดา (ส่งเอกสารได้ครั้งละ 30 แผ่น)', '30,000.-', '---.pdf', 2, 28, 1, '2017-07-11', '2017-07-13', 1),
(254, '109014', 'เครื่องโทรสารแบบใช้กระดาษธรรมดา (ส่งเอกสารได้ครั้งล่ะ 50 แผ่น)', '35,000.-', '---.pdf', 2, 28, 1, '2017-10-30', '2017-10-30', 1),
(255, '668396', 'เครื่องโทรสารแบบใช้กระดาษธรรมดา (มัลติฟังก์ชั่น)', '9,600.-', '---.pdf', 2, 28, 1, '2017-07-11', '2018-11-12', 3),
(256, '214937', 'เครื่องโทรสารแบบใช้กระดาษธรรมดา มี Telephon Handset', '13,700.-', '---.pdf', 2, 28, 1, '2018-11-06', '2018-11-06', 1),
(257, '769497', 'ตู้สาขาโทรศัพท์อัตโนมัติ ขนาด 4 x 24 เลขหมาย พร้อมอุปกรณ์ประกอบ', '85,000.-', '---.pdf', 2, 38, 1, '2017-07-11', '2017-07-13', 1),
(258, '402676', 'ตู้สาขาโทรศัพท์อัตโนมัติ ขนาด 16 x 104 เลขหมาย พร้อมอุปกรณ์ประกอบ', '479,000.-', '---.pdf', 2, 38, 1, '2017-07-11', '2017-07-13', 1),
(259, '504889', 'เครื่องตรวจเช็คสัญญาณโทรศัพท์', '8,000.-', '---.pdf', 2, 29, 1, '2017-07-11', '2017-07-13', 1),
(260, '316418', 'เครื่องโทรศัพท์ไร้สาย Digital', '1,200.-', '---.pdf', 2, 29, 1, '2017-07-11', '2017-07-13', 1),
(261, '867423', 'กล้องโทรทัศน์วงจรปิดแบบไอพีปรับมุมมองได้ Optical Zoom 30x', '125,000.-', '---.pdf', 2, 32, 1, '2017-07-11', '2017-07-13', 2),
(262, '587859', 'กล้องโทรทัศน์วงจรปิด IP แบบมุมมองคงที่ (IP Fixed Camera) มาตรฐานทั่วไป', '23,000.-', '---.pdf', 2, 32, 1, '2017-07-11', '2017-07-13', 2),
(263, '237030', 'กล้องโทรทัศน์วงจรปิดชนิดไอพี แบบมุมมองคงที่ พร้อมอินฟาเรด', '65,000.-', '---.pdf', 2, 32, 1, '2017-07-11', '2017-07-13', 2),
(264, '221574', 'ชุดกล้องวงจรปิดแบบ Analog ชนิดอินฟาเรดติดตั้งคงที่ ความละเอียดของภาพไม่น้อยกว่า 700 TVL', '2,100.-', '---.pdf', 2, 32, 1, '2018-11-02', '2018-11-02', 2),
(265, '296780', 'ชุดกล้องวงจรปิดแบบ Analog ชนิดอินฟาเรดติดตั้งคงที่ ขนาด 8 จุด พร้อมอุปกรณ์ประกอบ', '136,000.-', '---.pdf', 2, 32, 1, '2017-07-11', '2017-07-13', 2),
(266, '719177', 'กล้องโทรทัศน์วงจรปิด IP ชนิดอินฟาเรดแบบมุมมองคงที่ (IP Fixed Camera with IR) มาตรฐานทั่วไป', '12,000.-', '---.pdf', 2, 32, 1, '2017-07-11', '2017-07-13', 2),
(267, '805547', 'ชุดกล้องวงจรปิดแบบ Analog ชนิดอินฟาเรดติดตั้งคงที่ ขนาด 16 จุด พร้อมอุปกรณ์ประกอบ', '222,000.-', '---.pdf', 2, 32, 1, '2017-07-11', '2017-07-13', 2),
(268, '870202', 'ชุดกล้องวงจรปิดแบบ Analog ชนิดอินฟาเรดติดตั้งคงที่ ขนาด 4 จุด พร้อมอุปกรณ์ประกอบ', '47,000.-', '---.pdf', 2, 32, 1, '2018-11-02', '2018-11-02', 2),
(269, '934371', 'ชุดกล้องวงจรปิดแบบ Analog ชนิดอินฟาเรดติดตั้งคงที่ ความละเอียดของภาพไม่น้อยกว่า 520 TVL', '6,600.-', '---.pdf', 2, 32, 1, '2017-07-11', '2017-07-13', 2),
(270, '161251', 'เครื่องบันทึกภาพระบบดิจิตอล (DVR) ขนาด 4 จุด', '12,000.-', '---.pdf', 2, 32, 1, '2017-07-11', '2017-07-13', 2),
(271, '603143', 'เครื่องบันทึกภาพระบบดิจิตอล (DVR) ขนาด 8 จุด', '18,000.-', '---.pdf', 2, 32, 1, '2017-07-11', '2017-07-13', 2),
(272, '631960', 'เครื่องบันทึกภาพระบบดิจิตอล (DVR) ขนาด 16 จุด', '24,000.-', '---.pdf', 2, 32, 1, '2017-07-11', '2017-07-13', 2),
(273, '350371', 'กล้องโทรทัศน์วงจรปิด IP แบบมุมมองคงที่ (IP Fixed Camera)', '32,000.-', '---.pdf', 2, 32, 1, '2017-07-11', '2017-07-13', 2),
(274, '655978', 'เครื่องตัดหญ้าไหล่ทาง(สำหรับรถฟาร์ม ขนาดไม่น้อยกว่า 70 แรงม้า)', '', '---.pdf', 7, 53, 3, '2017-03-02', '2017-03-02', 2),
(275, '328777', 'เครื่องปรับอากาศแบบแยกส่วน ชนิดตั้งพื้นหรือแขวน ขนาด 30,000 บีทียูต่อชั่วโมง', '40,200.- *', '---.pdf', 4, 4, 3, '2017-04-20', '2018-06-18', 2),
(276, '475951', 'เครื่องปรับอากาศแบบแยกส่วน ชนิดตั้งพื้นหรือแขวน ขนาด 24,000 บีทียูต่อชั่วโมง', '32,400.- *', '---.pdf', 4, 4, 3, '2017-04-10', '2018-06-18', 2),
(277, '393426', 'เครื่องปรับอากาศแบบแยกส่วน ชนิดติดผนัง ขนาด 18,000 บีทียูต่อชั่วโมง', '21,000.- *', '---.pdf', 4, 4, 3, '2017-04-10', '2018-06-15', 2),
(278, '439278', 'เครื่องสูบน้ำชนิดหอยโข่ง ขับด้วยเครื่องยนต์ดีเซล อัตราการสูบน้ำ 3,800 ลิตรต่อนาที', '450,000.-', '---.pdf', 7, 52, 3, '2017-04-10', '2020-09-15', 2),
(279, '916110', 'เครื่องสูบน้ำชนิดหอยโข่งแบบขับด้วยมอเตอร์ไฟฟ้า อัตราการสูบน้ำ 450 ลิตรต่อนาที ระยะยกน้ำ 9 เมตร', '11,000.- *', '---.pdf', 7, 52, 3, '2017-04-10', '2017-04-10', 2),
(280, '462718', 'เครื่องกระทุ้งดิน', '66,000.-', '---.pdf', 8, 8, 3, '2017-04-10', '2017-04-10', 2),
(281, '365261', 'เครื่องตบดินแบบสั่นสะเทือน ขับด้วยเครื่องยนต์เบนซิน ขนาด 80 กิโลกรัม', '21,000.-*', '---.pdf', 8, 8, 3, '2017-04-10', '2017-04-10', 2),
(282, '338150', 'เครื่องสั่นคอนกรีต ขนาด 25 มิลลิเมตร', '15,300.-*', '---.pdf', 8, 8, 3, '2017-04-10', '2024-01-12', 1),
(283, '494966', 'เครื่องสั่นคอนกรีต ใช้เครื่องยนต์เบนซิน ขนาด 38 มิลลิเมตร', '19,000.- *', '---.pdf', 8, 8, 3, '2017-04-10', '2017-04-10', 2),
(284, '460383', 'เครื่องสั่นคอนกรีต ขนาด 45 มิลลิเมตร', '18,300.- *', '---.pdf', 8, 8, 3, '2017-04-10', '2024-01-12', 1),
(285, '717016', 'เครื่องผสมคอนกรีต', '52,000.-*', '---.pdf', 8, 8, 3, '2017-04-10', '2017-04-10', 2),
(286, '303934', 'เครื่องอัดลมแบบเคลื่อนที่ขับด้วยเครื่องยนต์ดีเซล ขนาด 260 ลบ.ฟุตต่อนาที', '990,000.-', '---.pdf', 8, 8, 3, '2017-04-10', '2017-04-10', 2),
(287, '168619', 'เครื่องอัดลมแบบเคลื่อนที่ขับด้วยเครื่องยนต์ดีเซล ขนาด 175 ลบ.ฟุตต่อนาที', '680,000.-', '---.pdf', 8, 8, 3, '2017-04-10', '2017-04-10', 2),
(288, '731296', 'เครื่องประจุแบตเตอรี่', '15,000.-', '---.pdf', 5, 5, 3, '2017-04-10', '2017-04-10', 2),
(289, '350623', 'ผานบุกเบิก (สำหรับรถฟาร์ม ขนาดไม่น้อยกว่า 75 แรงม้า)', '', '---.pdf', 7, 53, 3, '2017-03-02', '2017-03-02', 2),
(290, '359226', 'ระบบเสียงตามสายแบบทั่วไป (ชุดลำโพง 12 ตัว)', '62,500.-', '---.pdf', 2, 31, 1, '2017-07-11', '2017-07-13', 1),
(291, '644264', 'เครื่องขยายเสียง Power Mixer แบบทั่วไป (ชุดเล็ก)', '34,000.-', '---.pdf', 2, 31, 1, '2017-07-11', '2017-07-13', 1),
(292, '243642', 'ไมโครโฟนห้องประชุมชุด 9 ตัว มีขยายเสียงในตัวพร้อมตู้ลำโพง 2 ตู้', '57,000.-', '---.pdf', 2, 33, 1, '2018-06-20', '2018-06-20', 1),
(293, '985417', 'ชุดไมโครโฟนห้องประชุมสำหรับผู้เข้าร่วมประชุม รวม 11 ท่าน', '45,000.-', '---.pdf', 2, 33, 1, '2017-07-11', '2017-07-13', 2),
(294, '496159', 'เครื่องขยายเสียงเคลื่อนที่แบบล้อลากตู้ลำโพงขนาด 12 นิ้ว', '9,000.-', '---.pdf', 2, 37, 1, '2017-07-11', '2017-07-13', 1),
(295, '324547', 'เครื่องขยายเสียงเคลื่อนที่แบบล้อลากตู้ลำโพงขนาด 15 นิ้ว', '11,000.-', '---.pdf', 2, 37, 1, '2017-07-11', '2017-07-13', 1),
(296, '934257', 'ชุดไมโครโฟนห้องประชุมสำหรับผู้เข้าร่วมประชุม รวม 15 ท่าน', '60,000.-', '---.pdf', 2, 33, 1, '2017-07-11', '2017-07-13', 2),
(297, '897646', 'วิทยุกระเป๋าหิ้ว (Portable Radio)', '3,200.-', '---.pdf', 2, 33, 1, '2017-07-11', '2017-07-13', 1),
(298, '685460', 'เครื่องบันทึกเสียงแบบดิจิตอล', '4,300.-', '---.pdf', 2, 30, 1, '2017-07-11', '2017-07-13', 1),
(299, '634362', 'รถไถนาเดินตาม ขนาด 10 แรงม้า', '', '---.pdf', 7, 53, 3, '2017-03-02', '2017-03-02', 2),
(300, '115431', 'เครื่องรับ-ส่งวิทยุระบบ VHF/FM ชนิดประจำที่ 40 วัตต์', '30,000.-', '---.pdf', 2, 34, 1, '2017-07-11', '2017-07-13', 1),
(301, '374069', 'เครื่องรับส่งวิทยุระบบ VHF/FM ชนิดมือถือ 5 วัตต์', '12,000.-', '---.pdf', 2, 34, 1, '2018-06-20', '2022-05-06', 3),
(302, '524051', 'เครื่องรับ-ส่งวิทยุระบบ VHF/FM ชนิดติดรถยนต์ 25 วัตต์', '24,000.-', '---.pdf', 2, 34, 1, '2017-07-11', '2017-07-13', 1),
(303, '498049', 'เครื่องเสียงสำหรับห้องประชุมขนาดผู้เข้าร่วมประชุม 20 ท่าน พร้อมอุปกรณ์ประกอบ', '312,800.-', '---.pdf', 2, 37, 1, '2017-11-29', '2018-06-20', 2),
(304, '818091', 'เครื่องเสียงสำหรับห้องประชุมขนาดผู้เข้าร่วม 24 ท่าน พร้อมอุปกรณ์ประกอบ', '408,600.-', '---.pdf', 2, 37, 1, '2018-10-22', '2018-10-30', 2),
(305, '696311', 'เครื่องเสียงสำหรับห้องประชุมขนาดผู้เข้าร่วมประชุม 30 ท่าน พร้อมอุปกรณ์ประกอบ (อยู่ระหว่างปรับปรุง)', '440,200.-', '---.pdf', 2, 37, 1, '2017-11-29', '2023-09-18', 2),
(306, '927283', 'เครื่องเสียงสำหรับห้องประชุมสำหรับผู้เข้าร่วมประชุมรวม 9 ท่าน', '199,000.-', '---.pdf', 2, 37, 1, '2018-07-24', '2018-07-24', 2),
(307, '647480', 'เครื่องเสียงสำหรับห้องประชุมสำหรับผู้เข้าร่วมประชุมรวม 11 ท่าน', '220,000.-', '---.pdf', 2, 37, 1, '2018-07-24', '2018-07-24', 2),
(308, '355554', 'เครื่องเสียงสำหรับห้องประชุมสำหรับผู้เข้าร่วมประชุมรวม 15 ท่าน', '260,000.-', '---.pdf', 2, 37, 1, '2018-07-24', '2018-07-24', 2),
(309, '635328', 'เครื่องโทรโข่ง (Megaphone) แบบมือถือ', '3,800.-', '---.pdf', 2, 33, 1, '2017-07-11', '2017-07-13', 1),
(310, '209980', 'เครื่องโทรโข่งแบบสะพายไหล่', '3,500.-', '---.pdf', 2, 33, 1, '2017-07-11', '2017-07-13', 1),
(311, '843916', '	\r\nเสาอากาศโครงสร้างเหล็กสี่เหลี่ยมแบบไม่มีสายยึดโยง ความสูง 18 เมตร', '195,000.-', '---.pdf', 2, 36, 1, '2017-07-11', '2017-07-13', 1),
(312, '789642', 'เสาอากาศวิทยุสามเหลี่ยมแบบไม่มีสายยึดโยง ความสูง 12 เมตร', '195,000.-', '---.pdf', 2, 36, 1, '2017-07-11', '2017-07-13', 1),
(313, '416463', 'เสาอากาศโครงสร้างเหล็กสี่เหลี่ยมแบบไม่มีสายยึดโยง ความสูง 24 เมตร', '215,000.-', '---.pdf', 2, 36, 1, '2017-07-11', '2017-07-13', 1),
(314, '513390', 'เสาอากาศวิทยุชนิดโครงสร้างสามเหลี่ยม ความสูง 60 เมตร แบบ SELF SUPPORT', '1,979,500.-', '---.pdf', 2, 36, 1, '2017-07-11', '2017-07-13', 1),
(315, '317560', 'เสาอากาศวิทยุชนิดโครงสร้างสามเหลี่ยม แบบ Guyed-Support \r\nความสูง 150 ฟุต พร้อมติดตั้ง', '300,000.-', '---.pdf', 2, 36, 1, '2017-07-11', '2017-07-13', 1),
(316, '847632', 'เสาอากาศวิทยุชนิดโครงสร้างสามเหลี่ยม แบบ Guyed Support ความสูง 36 เมตร', '490,000.-', '---.pdf', 2, 36, 1, '2017-07-11', '2017-07-13', 1),
(317, '485481', 'เสาอากาศวิทยุชนิดโครงสร้างสามเหลี่ยม แบบ Guyed Support ความสูง 21 เมตร', '315,000.-', '---.pdf', 2, 36, 1, '2017-07-11', '2017-07-13', 1),
(318, '684509', 'เสาอากาศวิทยุชนิดโครงสร้างสามเหลี่ยม แบบ Guyed-Support ความสูง 200 ฟุต พร้อมติดตั้ง', '540,000.-', '---.pdf', 2, 36, 1, '2017-07-11', '2017-07-13', 1),
(319, '966102', 'เครื่องโทรสารแบบใช้กระดาษความร้อน', '5,000.-', '---.pdf', 2, 28, 1, '2017-07-11', '2017-07-13', 1),
(320, '876983', 'ชุดเครื่องขยายเสียง 250 วัตต์ พร้อมอุปกรณ์ประกอบ', '114,500.-', '---.pdf', 2, 31, 1, '2018-10-22', '2018-10-22', 1),
(321, '486609', 'ชุดเครื่องขยายเสียง 200 วัตต์ พร้อมอุปกรณ์ประกอบ', '111,000.-', '---.pdf', 2, 31, 1, '2018-10-22', '2018-10-22', 1),
(322, '602097', 'ชุดเครื่องขยายเสียง 150 วัตต์ พร้อมอุปกรณ์ประกอบ', '107,000.-', '---.pdf', 2, 31, 1, '2018-10-22', '2018-10-22', 1),
(323, '550658', 'เครื่องขยายเสียงสำหรับห้องประชุมพร้อมตู้ลำโพง 2 ตู้', '20,000.-', '---.pdf', 2, 31, 1, '2018-06-20', '2018-06-20', 1),
(324, '847000', 'ตู้สาขาโทรศัพท์', '140,000.-', '---.pdf', 2, 38, 1, '2017-07-11', '2017-07-13', 1),
(325, '683026', 'อุปกรณ์ตรวจวัดระยะไกล (Remote Terminal Unit : RTU)', '270,000.-', '---.pdf', 2, 27, 1, '2017-07-11', '2017-07-13', 1),
(326, '774132', 'อุปกรณ์ควบคุมระบบบันทึกผลและสื่อสารข้อมูล', '70,000.', '---.pdf', 2, 27, 1, '2017-07-11', '2017-07-13', 1),
(327, '821582', 'ชุด Podium มีขยายเสียงลำโพงและไมโครโฟนในตัว', '28,000.-', '---.pdf', 2, 37, 1, '2018-06-20', '2018-06-22', 1),
(328, '785516', 'อุปกรณ์ระบบจ่ายไฟฟ้าและสำรองไฟฟ้า for Telemetering', '40,000.-', '---.pdf', 2, 27, 1, '2017-07-11', '2017-07-13', 1),
(329, '462831', 'กล้องถ่ายทอดสัญญาณสำหรับชุดประชุมทางไกล', '30,200.-', '---.pdf', 2, 2, 1, '2018-06-20', '2018-06-20', 2),
(330, '757610', 'Edge/GPRS Modem for Telemetering', '52,000.-', '---.pdf', 2, 27, 1, '2017-07-11', '2017-07-13', 1),
(331, '499559', 'Surge Protection ขนาด 135KA & Grounding for Telemetering', '98,000.-', '---.pdf', 2, 27, 1, '2017-07-11', '2017-07-13', 3),
(332, '124963', 'อุปกรณ์ป้องกันไฟกระโชกทางสายไฟฟ้า ขนาด 40 kA ชนิด Distribution Panel สำหรับงานโทรมาตร (Power Distribution Panel with Surge Prote', '15,000.-', '---.pdf', 2, 27, 1, '2017-07-11', '2017-07-13', 1),
(333, '826140', 'อุปกรณ์ป้องกันไฟกระโชกทางสายไฟฟ้า ขนาด 20 kA แบบ Universal Socket สำหรับงานโทรมาตร (Surge Protection For AC Power Line 20 kA)', '5,700.-', '---.pdf', 2, 27, 1, '2017-07-11', '2017-07-13', 1),
(334, '955810', 'อุปกรณ์ป้องกันไฟกระโชกทางสายไฟฟ้า ชนิดไฟฟ้ากระแสตรง ขนาด 40 kA สำหรับงานโทรมาตร (Surge Protection For DC Power Line 40 kA)', '13,500.-', '---.pdf', 2, 27, 1, '2017-07-11', '2017-07-13', 1),
(335, '400633', 'เครื่องคอมพิวเตอร์ชนิด All In One สำหรับประมวลผล พร้อมชุดโปรแกรมระบบปฏิบัติการ', '26,800.-', '---.pdf', 1, 17, 1, '2018-10-22', '2018-10-22', 2),
(336, '835734', 'เครื่องคอมพิวเตอร์ชนิด All In One สำหรับงานสำนักงาน พร้อมชุดโปรแกรมระบบปฏิบัติการ', '20,800.-', '---.pdf', 1, 17, 1, '2018-10-22', '2018-10-22', 1),
(337, '176771', 'เครื่องคอมพิวเตอร์สำหรับงานประมวลผลแบบที่ 2 พร้อมชุดโปรแกรมระบบปฏิบัติการ', '33,800.-', '---.pdf', 1, 17, 1, '2018-10-24', '2018-10-24', 1),
(338, '976654', 'เครื่องคอมพิวเตอร์สำหรับงานประมวลผลแบบที่ 1 พร้อมชุดโปรแกรมระบบปฏิบัติการ', '25,800.-', '---.pdf', 1, 17, 1, '2018-10-24', '2018-10-24', 1),
(339, '652956', 'เครื่องคอมพิวเตอร์ประมวลผลระดับสูง พร้อมชุดโปรแกรมระบบปฏิบัติการ', '38,500.-', '---.pdf', 1, 17, 1, '2018-11-06', '2018-11-06', 1),
(340, '234819', 'เครื่องคอมพิวเตอร์ชนิด Notebook สำหรับงานประมวลผล พร้อมชุดโปรแกรมระบบปฏิบัติการ', '24,800.-', '---.pdf', 1, 17, 1, '2018-10-22', '2018-10-22', 1),
(341, '915230', 'เครื่องคอมพิวเตอร์ชนิด Notebook สำหรับงานสำนักงาน พร้อมชุดโปรแกรมระบบปฏิบัติการ', '19,800.-', '---.pdf', 1, 17, 1, '2018-10-22', '2018-10-22', 2),
(342, '171691', 'จอภาพคอมพิวเตอร์ แบบ LED ขนาด 18.5 นิ้ว', '2,800.-', '---.pdf', 1, 18, 1, '2017-07-11', '2018-06-15', 1),
(343, '712767', 'จอภาพคอมพิวเตอร์ แบบ LED ขนาด 21.5 นิ้ว', '4,000.-', '---.pdf', 1, 18, 1, '2017-07-11', '2017-07-13', 1),
(344, '248763', 'เครื่องนำเสนอข้อมูลแบบไร้สายด้วย Android Device iOS Device และเครือข่าย', '49,000.-', '---.pdf', 1, 1, 1, '2018-06-20', '2018-06-20', 1),
(345, '805513', 'เครื่องพิมพ์ชนิด Dot Matrix แคร่ยาว', '23,000.-', '---.pdf', 1, 19, 1, '2017-07-11', '2017-07-13', 1),
(346, '481276', 'เครื่องพิมพ์ชนิด Dot Matrix แคร่สั้น', '22,000.-', '---.pdf', 1, 19, 1, '2017-07-11', '2017-07-13', 1),
(347, '789841', 'เครื่องพิมพ์เลเซอร์ หรือ LED ขาว-ดำ  (20หน้า/นาที)', '2,600.-', '---.pdf', 1, 19, 1, '2018-10-29', '2018-10-29', 1),
(348, '605377', 'เครื่องพิมพ์เลเซอร์ หรือ LED ขาว-ดำ ชนิด Network แบบที่ 1 (27หน้า/นาที)', '7,900.-', '---.pdf', 1, 19, 1, '2018-10-29', '2018-10-29', 1),
(349, '557364', 'เครื่องพิมพ์เลเซอร์ หรือ LED ขาว ดำ ชนิด Network แบบที่ 2 (33 หน้า/นาที)', '15,000.-', '---.pdf', 1, 19, 1, '2018-10-22', '2018-10-24', 1),
(350, '870688', 'เครื่องพิมพ์ Inkjet สี พร้อมติดตั้งถังหมืกพิมพ์ (Ink Tank Printer)', '4,300.-', '---.pdf', 1, 19, 1, '2018-10-22', '2018-11-02', 1),
(351, '781347', 'เครื่องพิมพ์ Inkjet สี สำหรับกระดาษขนาด A3', '7,100.-', '---.pdf', 1, 19, 1, '2018-10-22', '2018-10-22', 1),
(352, '294675', 'เครื่องพิมพ์ Inkjet สี แบบพกพา สำหรับกระดาษขนาด A4', '11,000.-', '---.pdf', 1, 19, 1, '2018-11-06', '2018-11-06', 1),
(353, '829334', 'เครื่องพิมพ์เลเซอร์ หรือ LED สี แบบ Network สำหรับกระดาษขนาด A4', '10,000.-', '---.pdf', 1, 19, 1, '2018-11-06', '2018-11-06', 1),
(354, '462646', 'เครื่องพิมพ์เลเซอร์ หรือ LED สี แบบ Multifunction สำหรับกระดาษขนาด A4', '17,000.-', '---.pdf', 1, 19, 1, '2018-10-22', '2018-10-22', 1),
(355, '625227', 'เครื่องพิมพ์ Inkjet สี แบบ Multifunction สำหรับกระดาษขนาด A4\r\n\r\n', '7,900.-', '---.pdf', 1, 19, 1, '2018-11-06', '2018-11-08', 1),
(356, '738199', 'เครื่องพิมพ์วัตถุ 3 มิติแบบตั้งโต๊ะ', '40,000.-', '---.pdf', 1, 19, 1, '2017-07-11', '2017-07-13', 1),
(357, '815316', 'เครื่องพิมพ์ Inkjet สี แบบที่ 1 สำหรับกระดาษขนาด A0', '230,000.-', '---.pdf', 1, 19, 1, '2018-11-02', '2018-11-05', 1),
(358, '861981', 'เครื่องพิมพ์ Inkjet สี แบบที่ 1 สำหรับกระดาษขนาด A1', '180,000.-', '---.pdf', 1, 19, 1, '2018-11-02', '2018-11-02', 1),
(359, '863958', 'กระดานวาดรูป ชนิดจอ LCD', '30,000.-', '---.pdf', 1, 81, 1, '2017-07-11', '2017-07-13', 1),
(360, '733846', 'เครื่อง Scanner สำหรับกระดาษขนาด  A0', '450,000', '---.pdf', 1, 20, 1, '2018-11-02', '2018-11-02', 1),
(361, '977359', 'เครื่อง Scanner สำหรับกระดาษขนาด A3', '117,000.-', '---.pdf', 1, 20, 1, '2018-10-22', '2018-10-24', 1),
(362, '785258', 'เครื่อง Scanner สำหรับงานเอกสารทั่วไป', '3,200.-', '---.pdf', 1, 20, 1, '2018-10-24', '2018-10-24', 1),
(363, '894212', 'เครื่อง Scanner สำหรับงานเก็บเอกสารระดับศูนย์บริการแบบที่ 1', '18,000.-', '---.pdf', 1, 20, 1, '2018-10-24', '2018-10-24', 1),
(364, '215288', 'เครื่อง Scanner สำหรับงานเก็บเอกสารระดับศูนย์บริการแบบที่ 2', '29,000.-', '---.pdf', 1, 20, 1, '2018-10-24', '2018-10-24', 1),
(365, '993806', 'โปรแกรมประยุกต์สำหรับงานด้านเอกสารสำนักงาน', '11,000.-', '---.pdf', 1, 26, 1, '2017-07-11', '2017-07-13', 1),
(366, '623164', 'โปรแกรมประยุกต์สำหรับงานบริหารจัดการฐานข้อมูล ขนาด 25 ผู้ใช้งาน', '250,000.-', '---.pdf', 1, 26, 1, '2017-07-11', '2017-07-13', 1),
(367, '934401', 'อุปกรณ์ Modem แบบ Wi-Fi GPRS', '9,000.-', '---.pdf', 1, 21, 1, '2017-07-11', '2017-07-13', 1),
(368, '902516', 'อุปกรณ์สลับสัญญาณแบบ Wireless Access Point', '5,700.-', '---.pdf', 1, 21, 1, '2017-07-11', '2017-07-13', 1),
(369, '709376', 'อุปกรณ์สลับสัญญาณ ขนาด 24 ช่องสัญญาณ แบบ 10/100/1000 mbps. (บริหารจัดการและผสานเครือข่ายได้)', '130,000.-', '---.pdf', 1, 21, 1, '2017-07-11', '2017-07-13', 1),
(370, '739333', 'อุปกรณ์กระจายสัญญาณ L2 Switch ขนาด 16 ช่องสัญญาณ', '3,000.-', '---.pdf', 1, 21, 1, '2018-10-22', '2018-10-22', 1),
(371, '568539', 'อุปกรณ์สลับสัญญาณ ขนาด 16 ช่องสัญญาณ แบบ 10/100/1000 mbps. (บริหารจัดการได้)', '16,500.-', '---.pdf', 1, 21, 1, '2017-07-11', '2017-07-13', 1),
(372, '524696', '	อุปกรณ์สลับสัญญาณ ขนาด 48 ช่องสัญญาณ แบบ 10/100/1000 mbps. (บริหารจัดการได้)', '32,500.-', '---.pdf', 1, 21, 1, '2017-07-11', '2017-07-13', 1),
(373, '817861', 'อุปกรณ์สลับสัญญาณ ขนาด 8 ช่องสัญญาณ แบบ 10/100/1000 mbps. ( บริหารจัดการได้)', '7,500.-', '---.pdf', 1, 21, 1, '2017-07-11', '2017-07-13', 1),
(374, '615220', 'อุปกรณ์สลับสัญญาณ ขนาด 48 ช่องสัญญาณ แบบ POE. (บริหารจัดการได้)', '38,000.-', '---.pdf', 1, 21, 1, '2017-07-11', '2017-07-13', 1),
(375, '522516', 'อุปกรณ์กระจายสัญญาณไร้สาย (Access Point) แบบที่ 2', '23,000.-', '---.pdf', 1, 21, 1, '2018-10-25', '2018-11-12', 1),
(376, '666920', 'อุปกรณ์สลับสัญญาณ ขนาด 24 ช่องสัญญาณ แบบ 10/100/1000 mbps.', '6,200.-', '---.pdf', 1, 21, 1, '2017-07-11', '2017-07-13', 1),
(377, '767053', 'อุปกรณ์สลับสัญญาณ ขนาด 8 ช่องสัญญาณ แบบ 10/100/1000 mbps.', '2,000.-', '---.pdf', 1, 21, 1, '2017-07-11', '2017-07-13', 1),
(378, '834505', 'เครื่องมัลติมีเดียโปรเจ็คเตอร์ ระดับ WXGA ขนาดไม่น้อยกว่า 2,500 ANSI Lumens', '24,000', '---.pdf', 1, 82, 1, '2017-07-11', '2017-07-13', 1),
(379, '871365', 'เครื่องมัลติมีเดียโปรเจ็คเตอร์ ระดับ WXGA ขนาดไม่น้อยกว่า 3,500 ANSI Lumens', '36,000', '---.pdf', 1, 82, 1, '2017-07-11', '2017-07-13', 1),
(380, '853312', '	เครื่องมัลติมีเดียโปรเจ็คเตอร์ ระดับ XGA ขนาดไม่น้อยกว่า 2,500 ANSI Lumens', '14,000', '---.pdf', 1, 82, 1, '2017-07-11', '2017-07-13', 1),
(381, '652467', 'เครื่องควบคุมและสำรองไฟฟ้า (UPS) ขนาด 1.5 KVA', '10,000.-', '---.pdf', 1, 22, 1, '2017-07-11', '2017-07-13', 1),
(382, '602400', '	เครื่องควบคุมและสำรองไฟฟ้า (UPS) ขนาด 3 KVA', '35,000.-', '---.pdf', 1, 22, 1, '2017-07-11', '2017-07-13', 1),
(383, '954600', 'เครื่องควบคุมและสำรองไฟฟ้า (UPS) ขนาด 2 KVA', '13,000.-', '---.pdf', 1, 22, 1, '2017-07-11', '2017-07-13', 1);
INSERT INTO `equipment` (`Equipment_id`, `Equipment_code`, `Equipment_details`, `Price`, `File_path_pdf`, `Category_id`, `Sub_category_id`, `Dep_id`, `Created_date`, `Update_date`, `Equipment_status`) VALUES
(384, '165800', 'เครื่องควบคุมและสำรองไฟฟ้า (UPS) ขนาด 1 KVA', '5,800.-', '---.pdf', 1, 22, 1, '2017-07-11', '2017-07-13', 1),
(385, '565199', '	อุปกรณ์สำหรับจัดเก็บข้อมูลแบบภายนอก (External Storage)', '570,000.-', '---.pdf', 1, 23, 1, '2017-07-11', '2017-11-10', 1),
(386, '428598', 'เครื่องบันทึกข้อมูลผ่านระบบเครือข่าย ขนาด 4 TB', '40,000.-', '---.pdf', 1, 23, 1, '2017-07-11', '2017-07-13', 1),
(387, '347394', 'เครื่องบันทึกข้อมูลผ่านระบบเครือข่าย (Nas) ขนาดความจุรวมสูงสุดไม่น้อยกว่า 24 TB', '57,000.-', '---.pdf', 1, 23, 1, '2018-07-24', '2019-02-14', 1),
(388, '351174', 'ตู้สำหรับเก็บเครื่องคอมพิวเตอร์และอุปกรณ์ ขนาด 42 U', '22,000', '---.pdf', 1, 24, 1, '2018-11-05', '2018-11-05', 1),
(389, '613690', 'ตู้ Rack สำหรับงานระบบเครือข่าย ขนาด 6 U', '5,000.-', '---.pdf', 1, 24, 1, '2018-05-08', '2018-05-08', 1),
(390, '114930', 'ตู้ Rack สำหรับงานระบบเครือข่าย ขนาด 15 U', '11,000.-', '---.pdf', 1, 24, 1, '2018-05-08', '2023-02-21', 1),
(391, '433578', 'อุปกรณ์แปลงสื่อสัญญาณ (Media Converter) ความเร็ว 1 Gbps', '5,800.-', '---.pdf', 1, 25, 1, '2017-07-11', '2017-07-13', 1),
(392, '823103', 'Steel bandtape 40 meters (โซ่ลาน 40 ม.ไม่มีปอนด์ดึง)', '4,500.-', '---.pdf', 11, 11, 4, '2017-04-10', '2017-04-10', 1),
(393, '914779', 'เทปวัดระยะ (แสตนเลส 50 ม.กว้าง 13 มม.)', '3,500.-', '---.pdf', 11, 11, 4, '2017-04-10', '2017-04-10', 1),
(394, '204588', 'รถบรรทุก (ดีเซล)  ขนาด 1 ตัน  ปริมาตรกระบอกสูบไม่ต่ำกว่า 2,400 ซีซี หรือกำลังเครื่องยนต์สูงสุดไม่ต่ำกว่า 110 กิโลวัตต์ ขับเคลื่อ', '688,000.-', '---.pdf', 6, 83, 3, '2017-10-30', '2021-11-05', 2),
(395, '878602', 'รถเกษตรกรแบบกระบะเทท้าย', 'ติดต่อกลุ่มงานฯ', '---.pdf', 8, 8, 3, '2017-04-10', '2017-04-10', 2),
(396, '979249', 'เรือเครื่องติดท้าย 2 ตอน ทำด้วยไฟเบอร์กลาส จุคนโดยสารได้ไม่ต่ำกว่า 4 คน', '270,000.-', '---.pdf', 6, 50, 3, '2017-04-10', '2017-04-10', 2),
(397, '360438', 'เรือตรวจการณ์ ขนาด 16 ฟุต', '1,150,000.-', '---.pdf', 6, 50, 3, '2017-04-10', '2023-03-21', 1),
(398, '564444', 'หลังคาไฟเบอร์กลาส', '32,400.-', '---.pdf', 6, 51, 3, '2017-04-10', '2019-05-31', 2),
(399, '740906', 'เครื่องเจาะโลหะแบบตั้งพื้น ขนาด 25 มม.', '160,000.-', '---.pdf', 10, 56, 3, '2017-04-10', '2017-04-10', 1),
(400, '111200', 'เครื่องเจาโลหะแบบตั้งพื้น ขนาด 25 มม.', '35,000.-', '---.pdf', 10, 56, 3, '2017-04-10', '2017-04-10', 1),
(401, '933282', 'เครื่องตัดเหล็กไฟเบอร์ ขนาด 355 มม.', '15,000.-', '---.pdf', 10, 56, 3, '2017-04-10', '2017-04-10', 2),
(402, '632808', 'กรรไกรตัดเหล็กเส้นกลมชนิดตั้งพื้น', '10,000.-', '---.pdf', 10, 56, 3, '2017-04-10', '2017-04-10', 1),
(403, '264197', 'เครื่องเชื่อมไฟฟ้าแบบหม้อแปลง (AC/DC) ขนาด 300 แอมป์', '70,000.-', '---.pdf', 10, 56, 3, '2017-04-10', '2017-04-10', 2),
(404, '222562', 'เครื่องเชื่อมไฟฟ้าระบบ INVERTER ขนาด 150 แอมป์', '55,000.-', '---.pdf', 10, 56, 3, '2017-04-10', '2017-04-10', 2),
(405, '220220', 'เครื่องเชื่อมไฟฟ้าแบบขับด้วยเครื่องยนต์ ขนาด 170 แอมป์', '220,000.-', '---.pdf', 10, 56, 3, '2017-04-10', '2017-04-10', 2),
(406, '333412', 'เครื่องเชื่อมไฟฟ้าแบบขับด้วยเครื่องยนต์เบนซิน ขนาด 140 แอมป์', '150,000.-', '---.pdf', 10, 56, 3, '2017-04-10', '2017-04-10', 1),
(407, '906401', 'เครื่องมือชุดเชื่อมและตัดโลหะด้วยแก๊ส', '10,000.-', '---.pdf', 10, 56, 3, '2017-04-10', '2017-04-10', 1),
(408, '731769', 'ถังบรรจุก๊าซออกซิเจน (O2)', '6,500.-', '---.pdf', 10, 56, 3, '2017-04-10', '2017-04-10', 1),
(409, '839645', 'ถังบรรจุก๊าซอะเซทิลีน (C2H2)', '6,500.-', '---.pdf', 10, 56, 3, '2017-04-10', '2017-04-10', 1),
(410, '102918', 'เครื่องมือชุดซ่อมทั่วไประบบเมตริก', '10,000.-', '---.pdf', 10, 56, 3, '2017-04-10', '2017-04-10', 2),
(411, '595656', 'ชุดเครื่องมือทำเกลียวนอก - เกลียวใน', '40,000.-', '---.pdf', 10, 56, 3, '2017-04-10', '2017-04-10', 1),
(412, '769524', 'สว่านชนิดเจาะคอนกรีตแบบโรตารี่ ขนาด 24 มม.', '9,000.-', '---.pdf', 10, 56, 3, '2017-04-10', '2017-04-10', 2),
(413, '160653', 'เครื่องขันน๊อตแบบใช้ลม ขนาด 1 นิ้ว', '30,000.-', '---.pdf', 10, 56, 3, '2017-04-10', '2017-04-10', 1),
(414, '194694', 'เครื่องขันน๊อตแบบใช้ลม ขนาด 1/2 นิ้ว', '15,000.-', '---.pdf', 10, 56, 3, '2017-04-10', '2017-04-10', 1),
(415, '391511', 'เครนไฮดรอลิกยกเครื่องยนต์แบบตั้งพื้น ขนาด 1 เมตริกตัน', '28,000.-', '---.pdf', 10, 56, 3, '2017-04-10', '2017-04-10', 1),
(416, '373472', 'ปากกาจับเหล็ก ขนาด 150 มม.', '9,000.-', '---.pdf', 10, 56, 3, '2017-04-10', '2017-04-10', 1),
(417, '592830', 'เครื่องเจาะหินแบบโรตารี่ (Rotary Drilling Machine) พร้อมเครื่องสูบน้ำ', '4,084,000', '---.pdf', 11, 11, 4, '2017-04-10', '2023-02-07', 1),
(418, '843733', 'เครื่องเจาะหินแบบกระแทก ชนิดตีนตะขาบ ขับด้วยเครื่องยนต์ดีเซล พร้อมเครื่องอัดลม และเครื่องสูบน้ำ (Hydraulic Crawler Rock Drill)', '-', '---.pdf', 11, 11, 4, '2017-04-10', '2017-04-10', 1),
(419, '540177', 'เครื่องอัดฉีดน้ำปูนและสารเคมีแบบเคลื่อนที่ (Set of Grouting Machine)', '4,950,000.-', '---.pdf', 11, 11, 4, '2017-04-10', '2017-04-10', 1),
(420, '969687', 'เครื่องอัดฉีดของผสมแรงดันสูง แบบ 3 หัวฉีด', '-', '---.pdf', 11, 11, 4, '2017-03-02', '2017-03-02', 1),
(421, '427905', 'เครื่องมือวัดคลื่นแผ่นดินไหวแบบ SEISMOGRAPH FOR UNIAXIAL STATION', '-', '---.pdf', 11, 11, 4, '2017-04-10', '2017-04-10', 2),
(422, '930462', 'ค้อนธรณีวิทยา (Geologic Hammer)', '3,500.-', '---.pdf', 11, 11, 4, '2017-10-25', '2017-10-25', 1),
(423, '568597', 'เข็มทิศชนิดพกพา (Geological Compass)', '16,000.-', '---.pdf', 11, 11, 4, '2017-10-25', '2017-10-25', 1),
(424, '851600', 'เครื่องมือตรวจวัดคลื่นแผ่นดินไหวแบบ ACCELEROGRAPH', '-', '---.pdf', 11, 11, 4, '2017-04-10', '2017-04-10', 2),
(425, '652211', 'เครื่องเจาะตอกทดลองดินขนาดใหญ่ขับด้วยเครื่องยนต์ดีเซล พร้อมอุปกรณ์', '-', '---.pdf', 11, 11, 4, '2017-03-02', '2017-03-02', 1),
(426, '606254', 'เครื่องมือทดสอบแรงเสียดทานของดินแบบ Dutch Cone ขนาดไม่น้อยกว่า 5 ตัน', '-', '---.pdf', 11, 11, 4, '2017-03-02', '2017-03-02', 1),
(427, '974639', 'เครื่องมือทดสอบความหนาแน่นของดินในสนาม', '-', '---.pdf', 11, 11, 4, '2017-04-10', '2017-04-10', 1),
(428, '254433', 'เครื่องมือธรณีฟิสิกส์ชนิดวัดความต้านทานไฟฟ้า (Resistity imaging) สำหรับน้ำบาดาล', '1,200,000.-', '---.pdf', 11, 11, 4, '2017-10-25', '2017-10-25', 1),
(429, '948249', 'เข็มทิศชนิดพกพา', '2,000.-', '---.pdf', 11, 11, 4, '2017-04-10', '2017-04-10', 1),
(430, '277948', 'กล้องระดับ กำลังขยาย 24 เท่า', '22,000.-', '---.pdf', 11, 11, 4, '2018-09-20', '2018-09-20', 2),
(431, '244991', 'กล้องระดับ ชนิดกำลังขยาย 30 เท่า', '34,000.-', '---.pdf', 11, 11, 4, '2018-09-20', '2021-11-29', 1),
(432, '291114', 'กล้องระดับอัตโนมัติ พร้อมขาตั้งกล้อง (กำลังขยายไม่น้อยกว่า 24 เท่า)', '24,000.-', '---.pdf', 11, 11, 4, '2018-09-20', '2018-09-20', 2),
(433, '620595', 'กล้องระดับอัตโนมัติ พร้อมขาตั้งกล้อง (กำลังขยายไม่น้อยกว่า 30 เท่า)', '36,000.-', '---.pdf', 11, 11, 4, '2018-09-20', '2018-09-20', 2),
(434, '329632', 'กล้องระดับดิจิตอล กำลังขยายไม่น้อยกว่า 32 เท่า (สำหรับงานระดับชั้นที่ 2)', '300,000.-', '---.pdf', 11, 11, 4, '2017-10-25', '2018-10-09', 2),
(435, '586379', 'กล้องระดับดิจิตอล กำลังขยายไม่น้อยกว่า 32 เท่า (สำหรับงานระดับชั้นที่ 3)', '200,000.-', '---.pdf', 11, 11, 4, '2017-10-25', '2018-10-09', 1),
(436, '942999', 'กล้องระดับดิจิตอลความละเอียดสูงสำหรับงานระดับชั้นที่ 2', '500,000.-', '---.pdf', 11, 11, 4, '2017-10-25', '2017-10-25', 2),
(437, '155858', 'กล้องวัดมุม(อ่านได้ละเอียด 1 ลิบดา)', '78,000.-', '---.pdf', 11, 11, 4, '2017-04-10', '2017-04-10', 2),
(438, '550294', 'กล้องวัดมุมแบบอิเลคทรอนิค ชนิดอ่านค่าได้ละเอียด 5 ฟิลิบดา (ระบบอัตโนมัติ)', '110,000.-', '---.pdf', 11, 11, 4, '2017-04-10', '2019-09-18', 2),
(439, '383897', 'กล้องวัดมุมพร้อมเครื่องวัดระยะอิเลคทรอนิคอัตโนมัติ', '750,000.-', '---.pdf', 11, 11, 4, '2017-04-10', '2017-04-10', 1),
(440, '168604', 'กล้องวัดมุมพร้อมเครื่องวัดระยะอิเล็กทรอนิคส์ พร้อมอุปกรณ์', '400,000.-', '---.pdf', 11, 11, 4, '2017-10-25', '2021-11-29', 2),
(441, '491330', 'ไม้สต๊าฟ 4 เมตร แบบชัก', '3,000.-', '---.pdf', 11, 11, 4, '2018-09-20', '2018-09-20', 1),
(442, '950839', 'ไม้สต๊าฟ 4 เมตร แบบพับ', '3,500.-', '---.pdf', 11, 11, 4, '2018-09-20', '2018-09-20', 1),
(443, '480204', 'เครื่องวัดพิกัดจากสัญญาณดาวเทียม GPS แบบมือถือ (พร้อมอุปกรณ์ติดตั้งบนยานพาหนะ)', '-', '---.pdf', 11, 11, 4, '2017-04-10', '2017-04-10', 1),
(444, '348504', 'เต็นท์ผ้าใบแบบทรงโค้ง ขนาดกว้าง 5 เมตร ยาว 12 เมตร สูง 2.5 เมตร พร้อมผ้าใบบังแดดด้านข้าง', '52,300.-', '---.pdf', 11, 11, 4, '2017-04-10', '2017-04-10', 1),
(445, '201907', 'เต็นท์ผ้าใบแบบทรงโค้ง ขนาดกว้าง 5 เมตร ยาว 6 เมตร สูง 2.5 เมตร', '24,200.-', '---.pdf', 11, 11, 4, '2017-04-10', '2017-04-10', 1),
(446, '764025', 'โปรแกรมสำรวจเพื่อการออกแบบและเขียนแบบ AutoCAD Civil 3D 2011', '-', '---.pdf', 11, 11, 4, '2017-04-10', '2017-04-10', 2),
(447, '414403', 'กล้องดิจิตอลพร้อม GPS', '-', '---.pdf', 11, 11, 4, '2017-04-10', '2017-04-10', 1),
(448, '579940', 'อากาศยานไร้คนขับแบบหลายใบพัด (Multirotor Unmanned Aerial Vehicle : MUAV) พร้อมอุปกรณ์', '100,000.-', '---.pdf', 11, 11, 4, '2017-04-10', '2017-04-10', 1),
(449, '656492', 'เครื่องขุดหลุมเครื่องเจาะดิน', '16,000.-', '---.pdf', 11, 11, 4, '2017-10-25', '2017-10-25', 1),
(450, '542642', 'รถฟาร์มแทรกเตอร์ ขนาด 85 แรงม้า ขับเคลื่อน 4 ล้อ', '', '---.pdf', 7, 53, 3, '2017-03-02', '2017-03-02', 2),
(451, '643733', 'รถฟาร์มแทรกเตอร์ ขนาด 25 แรงม้า ขับเคลื่อน 4 ล้อ', '', '---.pdf', 7, 53, 3, '2017-03-02', '2017-03-02', 2),
(452, '590740', 'รถฟาร์มแทรกเตอร์ ขนาด 40 แรงม้า ขับเคลื่อน 4 ล้อ', '', '---.pdf', 7, 53, 3, '2017-03-02', '2017-03-02', 2),
(453, '922502', 'ใบมีดดันหน้า (สำหรับรถฟาร์ม ขนาดไม่น้อยกว่า 75 แรงม้า)', '', '---.pdf', 7, 53, 3, '2017-03-02', '2017-03-02', 2),
(454, '940290', 'จอบหมุน (สำหรับรถฟาร์ม ขนาดไม่น้อยกว่า 75 แรงม้า)', '', '---.pdf', 7, 53, 3, '2017-03-02', '2017-03-02', 2),
(455, '933943', 'เครื่องปรับอากาศแบบแยกส่วน ชนิดตั้งพื้นหรือแขวน ขนาด 36,000 บีทียูต่อชั่วโมง', '47,000.-*', '---.pdf', 4, 4, 3, '2017-04-10', '2018-06-18', 2),
(456, '848846', 'เครื่องปรับอากาศแบบแยกส่วน ชนิดตั้งพื้นหรือแขวน ขนาด 18,000 บีทียูต่อชั่วโมง', '28,600.-*', '---.pdf', 4, 4, 3, '2017-04-10', '2018-06-18', 2),
(457, '442401', 'เครื่องปรับอากาศแบบแยกส่วน ชนิดติดผนัง ขนาด 12,000 บีทียูต่อชั่วโมง', '17,000.-*', '---.pdf', 4, 4, 3, '2017-04-10', '2017-04-10', 2),
(458, '465468', 'เครื่องสูบน้ำชนิดหอยโข่งแบบ ขับด้วยเครื่องยนต์เบนซิน อัตราการสูบน้ำ 1,100 ลิตรต่อนาที (5 แรงม้า)', '15,000.- *', '---.pdf', 7, 52, 3, '2017-04-10', '2017-04-10', 2),
(459, '900139', 'เครื่องสูบน้ำชนิดหอยโข่งแบบขับด้วยเครื่องยนต์ดีเซล อัตราการสูบน้ำ 1,800 ลิตรต่อนาที ระยะยกน้ำ 10 เมตร', '110,000.-', '---.pdf', 7, 52, 3, '2017-04-10', '2017-04-10', 2),
(460, '304293', 'เครื่องสูบน้ำชนิดหอยโข่งแบบขับด้วยมอเตอร์ไฟฟ้า อัตราการสูบน้ำ 1,500 ลิตรต่อนาที ระยะยกน้ำ 15 เมตร', '120,000.-', '---.pdf', 7, 52, 3, '2017-03-02', '2018-06-18', 2),
(461, '521045', 'เครื่องตบดินแบบกระโดด ขับด้วยเครื่องยนต์เบนซิน ขนาด 70 กิโลกรัม', '99,000.-', '---.pdf', 8, 8, 3, '2018-06-18', '2018-06-18', 2),
(462, '692348', 'เครื่องตบดินแบบกระโดด ขับด้วยเครื่องยนต์ดีเซล ขนาด 80 กิโลกรัม', '170,000.-', '---.pdf', 8, 8, 3, '2018-06-18', '2018-06-18', 1),
(463, '898604', 'เครื่องอัดลม ขับด้วยมอเตอร์ไฟฟ้า ขนาด 8 ลบ.ฟุตต่อนาที', '55,000.-', '---.pdf', 8, 8, 3, '2017-04-10', '2017-04-10', 2),
(464, '515979', 'เครื่องอัดลม ขับด้วยมอเตอร์ไฟฟ้า ขนาด 15 ลบ.ฟุตต่อนาที', '88,000.-', '---.pdf', 8, 8, 3, '2017-04-10', '2017-04-10', 2),
(465, '684084', 'เครื่องอัดลม ขับด้วยเครื่องยนต์เบนซิน ขนาด 2.4 ลบ.ฟุตต่อนาที', '36,000.-', '---.pdf', 8, 8, 3, '2017-04-10', '2017-04-10', 2),
(466, '872481', 'รถกระบะเทหน้า (Dumper) ขนาดความจุ 400 ลิตร', '120,000.-', '---.pdf', 8, 8, 3, '2017-04-10', '2017-04-10', 2),
(467, '410156', 'เครื่องตัดหญ้าแบบข้อแข็ง', '9,500.- *', '---.pdf', 9, 54, 3, '2017-04-10', '2017-04-10', 2),
(468, '233335', 'เครื่องตัดหญ้าแบบข้ออ่อน', '11,000.- *', '---.pdf', 9, 54, 3, '2017-04-10', '2017-04-10', 2),
(469, '736208', 'เครื่องตัดหญ้าแบบล้อจักรยาน', '12,000.- *', '---.pdf', 9, 54, 3, '2017-04-10', '2017-04-10', 2),
(470, '181035', 'เครื่องตัดหญ้าแบบเข็น', '13,000.- *', '---.pdf', 9, 54, 3, '2017-04-10', '2017-04-10', 2),
(471, '396553', 'รถตัดหญ้าชนิดคนนั่งขับ (15 แรงม้า)', '182,000.-*', '---.pdf', 9, 54, 3, '2017-04-10', '2017-04-10', 2),
(472, '439660', 'เครื่องมัลติมีเดียโปรเจคเตอร์ ระดับ SVGA ขนาด 3,000 ANSI Lumens', '14,100.-', '---.pdf', 14, 76, 7, '2018-10-10', '2019-02-05', 2),
(473, '908642', 'เครื่องมัลติมีเดียโปรเจคเตอร์ ระดับ XGA ขนาด 3,000 ANSI Lumens', '26,900.-', '---.pdf', 14, 76, 7, '2018-10-10', '2022-09-02', 1),
(474, '424230', 'เครื่องมัลติมีเดียโปรเจคเตอร์ ระดับ XGA ขนาด 3,500 ANSI Lumens', '27,900.-', '---.pdf', 14, 76, 7, '2018-10-10', '2022-09-02', 1),
(475, '195223', 'เครื่องมัลติมีเดียโปรเจคเตอร์ ระดับ XGA ขนาด 4,000 ANSI Lumens', '29,900.-', '---.pdf', 14, 76, 7, '2018-10-10', '2022-09-02', 1),
(476, '503429', 'จอรับภาพ ชนิดมอเตอร์ไฟฟ้า ขนาดเส้นทะแยงมุม 100 นิ้ว', '12,900.-', '---.pdf', 14, 76, 7, '2018-10-10', '2022-09-02', 1),
(477, '931474', 'เครื่องฉายภาพ แบบ 3 มิติ', '20,000.-', '---.pdf', 14, 76, 7, '2018-11-01', '2019-02-05', 1),
(478, '347084', 'เครื่องมัลติมีเดียโปรเจคเตอร์ ระดับ XGA ขนาด 2,500 ANSI Lumens', '27,700.-', '---.pdf', 14, 76, 7, '2018-11-01', '2018-11-06', 2),
(479, '640999', 'เครื่องมัลติมีเดียโปรเจคเตอร์ ระดับ XGA ขนาด 4,500 ANSI Lumens', '45,900.-', '---.pdf', 14, 76, 7, '2018-11-01', '2022-09-02', 1),
(480, '263742', 'จอรับภาพ ชนิด มอเตอร์ไฟฟ้า ขนาดเส้นทแยงมุม 120 นิ้ว', '14,900.-', '---.pdf', 14, 76, 7, '2018-11-01', '2022-09-02', 1),
(481, '195713', 'จอรับภาพ ชนิด มอเตอร์ไฟฟ้า ขนาดเส้นทแยงมุม 150 นิ้ว', '24,100.-', '---.pdf', 14, 76, 7, '2018-11-01', '2022-09-02', 1),
(482, '987340', 'จอรับภาพ ชนิด มอเตอร์ไฟฟ้า ขนาดเส้นทแยงมุม 180 นิ้ว', '34,900.-', '---.pdf', 14, 76, 7, '2018-11-01', '2022-09-02', 1),
(483, '649562', 'จอรับภาพ  ชนิด มอเตอร์ไฟฟ้า  ขนาดเส้นทแยงมุม 200 นิ้ว', '45,000.-', '---.pdf', 14, 76, 7, '2018-11-01', '2022-09-02', 1),
(484, '185790', 'เครื่องปรับอากาศ แบบแยกส่วน ชนิดตั้งพื้นหรือชนิดแขวน (มีระบบฟอกอากาศ) ขนาด 24,000 บีทียู', '32,400.-', '---.pdf', 4, 4, 3, '2018-10-18', '2018-10-18', 2),
(485, '680267', 'เครื่องปรับอากาศ แบบแยกส่วน ชนิดตั้งพื้นหรือชนิดแขวน (มีระบบฟอกอากาศ) ขนาด 50,000 บีทียู', '57,000.-', '---.pdf', 4, 4, 3, '2018-10-18', '2018-10-18', 2),
(486, '943964', 'รถยนต์ตรวจการณ์ ปริมาตรกระบอกสูบไม่ต่ำกว่า 2,000 ซีซี หรือกำลังเครื่องยนต์สูงสุดไม่ต่ำกว่า 110 กิโลวัตต์ เครื่องยนต์ดีเซล แบบขับ', '1,290,000.-', '---.pdf', 6, 83, 3, '2018-10-10', '2020-09-15', 2),
(487, '779019', 'รถยนต์ตรวจการณ์ ปริมาตรกระบอกสูบไม่ต่ำกว่า 2,000 ซีซี หรือกำลังเครื่องยนต์สูงสุดไม่ต่ำกว่า 110 กิโลวัตต์ เครื่องยนต์ดีเซล แบบขับ', '1,570,000.-', '---.pdf', 6, 83, 3, '2018-10-10', '2020-09-15', 2),
(488, '963203', 'รถโดยสาร ขนาด 12 ที่นั่ง (ดีเซล) ปริมาตรกระบอกสูบไม่ต่ำกว่า 2,400 ซีซี หรือกำลังเครื่องยนต์สูงสุดไม่ต่ำกว่า 90 กิโลวัตต์', '1,288,000.-', '---.pdf', 6, 83, 3, '2018-10-10', '2018-11-06', 2),
(489, '578958', 'รถบรรทุก (ดีเซล) ขนาด 4 ตัน 6 ล้อ ปริมาตรกระบอกสูบไม่ต่ำกว่า 4,000 ซีซี หรือกำลังเครื่องยนต์สูงสุดไม่ต่ำกว่า 105 กิโลวัตต์', '1,375,000.-', '---.pdf', 6, 83, 3, '2018-10-24', '2019-11-20', 2),
(490, '805181', 'รถบรรทุก (ดีเซล) ขนาด 6 ตัน 6 ล้อ ปริมาตรกระบอกสูบไม่ต่ำกว่า 6,000 ซีซี หรือกำลังเครื่องยนต์สูงสุดไม่ต่ำกว่า 170 กิโลวัตต์ แบบกร', '1,920,000.-', '---.pdf', 6, 83, 3, '2018-10-18', '2019-11-20', 2),
(491, '389034', 'รถบรรทุก (ดีเซล) ขนาด 6 ตัน 6 ล้อ ปริมาตรกระบอกสูบไม่ต่ำกว่า 6,000 ซีซี หรือกำลังเครื่องยนต์สูงสุดไม่ต่ำกว่า 170 กิโลวัตต์ แบบกร', '1,980,000.-', '---.pdf', 6, 83, 3, '2018-10-30', '2019-11-20', 2),
(492, '329628', 'รถบรรทุก (ดีเซล) ขนาด 6 ตัน 6 ล้อ ปริมาตรกระบอกสูบไม่ต่ำกว่า 6,000 ซีซี หรือกำลังเครื่องยนต์สูงสุดไม่ต่ำกว่า 170 กิโลวัตต์ แบบบร', '2,5000,000.-', '---.pdf', 6, 49, 3, '2018-10-10', '2019-02-26', 3),
(493, '381037', 'รถบรรทุกกระบะเหล็ก 10 ล้อ ติดตั้งเครน ขนาด 16 ตัน-เมตร', '5,2000,000.-', '---.pdf', 6, 83, 3, '2018-10-18', '2019-11-20', 1),
(494, '816302', 'รถบรรทุกกระบะเหล็ก ขนาด 6 ตัน 6 ล้อ ติดตั้งปั่นจั่นหรือเครน (Crane) 3 ตัน', '2,600,000.-', '---.pdf', 6, 83, 3, '2018-10-24', '2019-11-20', 2),
(495, '138398', 'รถบรรทุก (ดีเซล) ขนาด 1 ตัน ปริมาตรกระบอกสูบไม่ต่ำกว่า 2,000 ซีซี หรือกำลังเครื่องยนต์สูงสุดไม่ต่ำกว่า 90 กิโลวัตต์ ขับเคลื่อน 2', '729,000.-', '---.pdf', 6, 83, 3, '2018-10-10', '2019-11-21', 2),
(496, '843086', 'รถบรรทุก (ดีเซล) ขนาด 1 ตัน ปริมาตรกระบอกสูบไม่ต่ำกว่า 2,000 ซีซี หรือกำลังเครื่องยนต์สูงสุดไม่ต่ำกว่า 90 กิโลวัตต์ ขับเคลื่อน 2', '652,000.-', '---.pdf', 6, 83, 3, '2018-10-10', '2019-11-20', 2),
(497, '100238', 'รถบรรทุก (ดีเซล) ขนาด 1 ตัน ปริมาตรกระบอกสูบไม่ต่ำกว่า 2,400 ซีซี หรือกำลังเครื่องยนต์สูงสุดไม่ต่ำกว่า 110 กิโลวัตต์ ขับเคลื่อน ', '868,000.-', '---.pdf', 6, 83, 3, '2018-10-10', '2019-11-20', 2),
(498, '571932', 'รถบรรทุก (ดีเซล) ขนาด 1 ตัน ปริมาตรกระบอกสูบไม่ต่ำกว่า 2,400 ซีซี หรือกำลังเครื่องยนต์สูงสุดไม่ต่ำกว่า 110 กิโลวัตต์ ขับเคลื่อน ', '715,000.-', '---.pdf', 6, 83, 3, '2018-10-10', '2019-11-20', 2),
(499, '658945', 'รถบรรทุก (ดีเซล) ขนาด 1 ตัน ปริมาตรกระบอกสูบไม่ต่ำกว่า 2,400 ซีซี หรือกำลังเครื่องยนต์สูงสุดไม่ต่ำกว่า 110 กิโลวัตต์ ขับเคลื่อน ', '1,025,000.-', '---.pdf', 6, 83, 3, '2018-10-19', '2019-11-20', 2),
(500, '578929', 'รถบรรทุก (ดีเซล) ขนาด 1 ตัน ปริมาตรกระบอกสูบไม่ต่ำกว่า 2,400 ซีซี หรือกำลังเครื่องยนต์สูงสุดไม่ต่ำกว่า 110 กิโลวัตต์ ขับเคลื่อน ', '575,000.-', '---.pdf', 6, 83, 3, '2018-10-10', '2019-11-20', 2),
(501, '817810', 'รถบรรทุก (ดีเซล) ขนาด 2 ตัน ปริมาตรกระบอกสูบไม่ต่ำกว่า 2,700 ซีซี หรือกำลังเครื่องยนต์สูงสุดไม่ต่ำกว่า 75 กิโลวัตต์ แบบ 4 ล้อ', '982,000.-', '---.pdf', 6, 83, 3, '2018-10-10', '2019-11-20', 2),
(502, '452263', 'รถจักรยานยนต์ ขนาด 110 ซีซี แบบเกียร์ธรรมดา', '40,800.-', '---.pdf', 6, 83, 3, '2018-10-26', '2018-11-06', 2),
(503, '607885', 'รถจักรยานยนต์ ขนาด 110 ซีซี แบบเกียร์อัตโนมัติ', '48,500.-', '---.pdf', 6, 83, 3, '2018-10-26', '2018-11-06', 2),
(504, '682639', 'รถจักรยานยนต์ ขนาด 120 ซีซี', '56,000.-', '---.pdf', 6, 83, 3, '2018-10-26', '2019-05-31', 2),
(505, '589541', 'เครื่องกำเนิดไฟฟ้า ขนาด 10 กิโลวัตต์', '150,000.-', '---.pdf', 5, 5, 3, '2018-10-18', '2018-10-18', 2),
(506, '799787', 'รถผสมคอนกรีต ขนาด 6 คิว (10 ล้อ)', '4,000,000.-', '---.pdf', 8, 8, 3, '2018-10-18', '2019-02-26', 3),
(507, '330312', 'รถตักหน้าขุดหลัง ชนิดขับเคลื่อน 4 ล้อ', '3,300,000.-', '---.pdf', 8, 8, 3, '2018-10-18', '2018-11-07', 2),
(508, '952199', 'เครื่องตบดิน', '20,900.-', '---.pdf', 8, 8, 3, '2018-10-18', '2024-01-12', 1),
(509, '970060', 'เครื่องตบดิน แบบกระโดด ขับเคลื่อนด้วยเครื่องยนต์เบนซิน ขนาด 70 กิโลกรัม', '99,000.-', '---.pdf', 8, 8, 3, '2018-10-18', '2018-10-18', 1),
(510, '993703', 'เครื่องตบดิน แบบสั่นสะเทือน ขับเคลื่อนด้วยเครื่องยนต์เบนซิน ขนาด 80 กิโลกรัม', '21,000.-', '---.pdf', 8, 8, 3, '2018-10-18', '2018-10-18', 2),
(511, '158336', 'เครื่องผสมคอนกรีต ชนิดเหล็กเหนียว', '56,600.-', '---.pdf', 8, 8, 3, '2018-10-18', '2023-01-04', 1),
(512, '410571', 'รถขุดตีนตะขาบแบบแขนยาว ขนาดไม่น้อยกว่า 150 แรงม้า', '5,600,000.-', '---.pdf', 8, 8, 3, '2018-10-26', '2018-10-26', 2),
(513, '577847', 'เครื่องตัดหญ้า แบบข้อแข็ง', '9,500.-', '---.pdf', 9, 54, 3, '2018-10-18', '2018-10-18', 2),
(514, '657524', 'เครื่องตัดหญ้า แบบข้ออ่อน', '11,000.-', '---.pdf', 9, 54, 3, '2018-10-18', '2018-10-18', 2),
(515, '554078', 'เครื่องตัดหญ้า แบบเข็น', '13,000.-', '---.pdf', 9, 54, 3, '2018-10-18', '2018-10-18', 2),
(516, '697819', 'เครื่องตัดหญ้า แบบล้อจักรยาน', '12,000.-', '---.pdf', 9, 54, 3, '2018-10-18', '2018-10-18', 2),
(517, '826864', 'กล้องระดับแบบดิจิตอล กำลังขยายไม่น้อยกว่า 32 เท่า (สำหรับงานระดับชั้นที่ 3)', '200,000.-', '---.pdf', 11, 84, 4, '2018-10-10', '2018-11-06', 1),
(518, '140861', 'กล้องระดับ ขนาดกำลังขยาย 24 เท่า', '22,000.-', '---.pdf', 11, 84, 4, '2018-10-10', '2018-11-06', 2),
(519, '823713', 'กล้องระดับ ขนาดกำลังขยาย 30 เท่า', '34,000.-', '---.pdf', 11, 84, 4, '2018-10-10', '2018-11-06', 2),
(520, '895983', 'กล้องระดับ แบบอัตโนมัติพร้อมขาตั้งกล้อง (กำลังขยายไม่น้อยกว่า 24 เท่า)', '24,000.-', '---.pdf', 11, 84, 4, '2018-10-10', '2018-11-06', 2),
(521, '108777', 'เครื่องวัดกระแสน้ำขนาดเล็ก', '263,000.-', '---.pdf', 12, 65, 5, '2018-10-26', '2018-11-07', 1),
(522, '455936', 'เครื่องวัดกระแสน้ำ ขนาดน้ำหนักไม่ต่ำกว่า 50 ปอนด์', '700,000.-', '---.pdf', 12, 65, 5, '2018-10-26', '2018-11-07', 1),
(523, '953351', 'เครื่องวัดน้ำฝนธรรมดาพร้อมอุปกรณ์', '15,000.-', '---.pdf', 12, 67, 5, '2018-10-26', '2018-11-07', 1),
(524, '598948', 'เครื่องชั่งขนาด 600 กรัม มีความละเอียด 0.01 กรัม', '11,300.-', '---.pdf', 13, 13, 6, '2018-10-10', '2018-10-18', 1),
(525, '934686', 'เครื่องกดคอนกรีต ขนาด 150 ตัน แบบใช้ไฟฟ้า', '151,660.-', '---.pdf', 13, 13, 6, '2018-10-10', '2018-10-10', 1),
(526, '976587', 'เครื่องกดคอนกรีต ขนาด 200 ตัน แบบใช้ไฟฟ้า', '168,330.-', '---.pdf', 13, 13, 6, '2018-10-10', '2018-10-10', 1),
(527, '178876', 'ตู้อบลมร้อน ขนาดไม่น้อยกว่า 375 ลิตร', '318,860.-', '---.pdf', 13, 13, 6, '2018-10-10', '2018-10-10', 1),
(528, '564621', 'เครื่องวัดความนำไฟฟ้า แบบตั้งโต๊ะ', '74,900.-', '---.pdf', 13, 13, 6, '2018-10-10', '2018-10-10', 1),
(529, '386478', 'ชุดทดสอบ Atterberg limit', '37,970.-', '---.pdf', 13, 13, 6, '2018-10-10', '2018-10-10', 1),
(530, '138526', 'ชุดทดสอบวัดความเป็นกรดด่างในดิน แบบสนาม (เครื่องวัดความเป็นกรดด่างพร้อมอุปกรณ์)', '45,000.-', '---.pdf', 13, 13, 6, '2018-10-10', '2018-10-10', 1),
(531, '333199', 'เครื่องวัดคุณภาพน้ำ แบบหัวรวม', '170,000.-', '---.pdf', 13, 13, 6, '2018-10-10', '2018-10-10', 1),
(532, '250415', 'เก้าอี้ทำงาน แบบสำหรับเจ้าหน้าที่', '2,865.-', '---.pdf', 3, 43, 2, '2018-10-10', '2018-10-10', 1),
(533, '152480', 'โต๊ะทำงาน แบบที่ 2 (ขนาด 1500 x 800 x 750 มม.)', '4,900.-', '---.pdf', 3, 42, 2, '2018-10-10', '2018-10-10', 2),
(534, '811155', 'โต๊ะประชุมพร้อมเก้าอี้ ขนาด 20 ที่นั่ง', '86,790.-', '---.pdf', 3, 42, 2, '2018-10-10', '2018-10-10', 2),
(535, '798337', 'ตู้ไม้เก็บเอกสารทรงเตี้ย ขนาด 80x40x81 ซม.', '', '---.pdf', 3, 44, 2, '2017-04-07', '2017-04-07', 1),
(536, '558220', 'ตู้เหล็กเก็บเอกสาร ชนิดบานเลื่อนกระจก', '3,500.-', '---.pdf', 3, 44, 2, '2017-04-07', '2017-04-07', 1),
(537, '296091', 'พาร์ทิชั่นทึบแบบมีกล่องไฟล่าง (ขนาด 80 x 100 ซม. , 90 x 100 ซม. , 120 x 100 ซม. , 150 x 100 ซม. , 130 x 100 ซม. , 80 x 150 ซม.)', '', '---.pdf', 3, 39, 2, '2017-04-20', '2017-04-19', 1),
(538, '605795', 'ตู้เหล็กเก็บเอกสาร ชนิดบานทึบ', '3,500.-', '---.pdf', 3, 44, 2, '2017-04-07', '2017-04-07', 1),
(539, '240702', 'ตู้เก็บเอกสารทรงเตี้ยสูง 2 ชั้น ชนิดบานโล่ง', '2,500.-', '---.pdf', 3, 44, 2, '2017-04-07', '2017-04-07', 1),
(540, '186125', 'ตู้เก็บอกสารทรงสูง 4 ชั้น ชนิดบานโล่ง', '4,000.-', '---.pdf', 3, 44, 2, '2017-04-07', '2017-04-07', 1),
(541, '108518', 'เก้าอี้ห้องประชุม', '', '---.pdf', 3, 43, 2, '2017-04-07', '2017-04-07', 1),
(542, '784218', 'ถังเก็บน้ำพลาสติก ขนาดบรรจุ 2000 ลิตร', '', '---.pdf', 3, 47, 2, '2018-05-30', '2018-05-30', 1),
(543, '795534', 'ตู้ไม้เก็บเอกสาร ชนิด 3 ลิ้นชัก แบบล้อเลื่อน ขนาด 410 x 550 x 650 มม.', '', '---.pdf', 3, 44, 2, '2017-04-07', '2017-04-07', 1),
(544, '625020', 'เก้าอี้สำหรับผู้บริหาร', '3,370.-', '---.pdf', 3, 43, 2, '2018-07-25', '2018-07-25', 1),
(545, '638495', 'โต๊ะคอมพิวเตอร์ แบบที่ 3 (ขนาด 1200 x 600 x 750 มม.)', '', '---.pdf', 3, 42, 2, '2017-04-07', '2017-04-07', 1),
(546, '317418', 'เก้าอี้สำหรับเจ้าหน้าที่', '2,865.-', '---.pdf', 3, 43, 2, '2018-07-25', '2018-07-25', 1),
(547, '471606', 'โต๊ะคอมพิวเตอร์ แบบที่ 4 (ขนาด 800 x 600 x 750 มม.)', '', '---.pdf', 3, 42, 2, '2017-04-07', '2017-04-07', 2),
(548, '405774', 'โต๊ะทำงาน แบบที่ 2 (1500 x 800 x 750 มม.)', '4,900.-', '---.pdf', 3, 42, 2, '2018-09-13', '2018-09-13', 1),
(549, '514054', 'ตู้ไม้เก็บเอกสาร 2 ชั้น ชนิดบานโล่ง ขนาด 800 x 400 x 840 มม.', '', '---.pdf', 3, 44, 2, '2017-04-07', '2017-04-07', 1),
(550, '352950', 'โต๊ะประชุมพร้อมเก้าอี้ ขนาด 20 ที่นั่ง', '86,790.-', '---.pdf', 3, 42, 2, '2018-09-13', '2018-09-13', 2),
(551, '122586', 'เครื่องวัดระยะทางบนแผนที่', '', '---.pdf', 3, 46, 2, '2017-04-10', '2017-04-10', 1),
(552, '354082', 'โต๊ะประชุมพร้อมเก้าอี้ ขนาด 10 ที่นั่ง', '40,000.-', '---.pdf', 3, 42, 2, '2017-04-07', '2017-04-07', 2),
(553, '402651', 'ตู้ไม้เก็บเอกสารทรงเตี้ย', '2,000.-', '---.pdf', 3, 44, 2, '2017-04-07', '2017-04-07', 1),
(554, '851012', 'เครื่องกรองน้ำ แบบที่ 1 (กรอง 2 ท่อ)', '4,500.-', '---.pdf', 3, 47, 2, '2017-04-10', '2017-04-10', 1),
(555, '247108', 'ตู้เหล็กเก็บของ 2 บาน', '5,500.-', '---.pdf', 3, 44, 2, '2017-04-07', '2017-04-07', 1),
(556, '382505', 'ตู้เหล็กเก็บเอกสาร ชนิดบานเลื่อนทึบ ขนาด 150x45x90 ซม.', '4,800.-', '---.pdf', 3, 44, 2, '2017-04-07', '2017-04-07', 1),
(557, '171198', 'เก้าอี้พลาสติกอเนกประสงค์ ชนิดไม่มีเท้าแขน', '', '---.pdf', 3, 43, 2, '2017-04-07', '2017-04-07', 1),
(558, '508479', 'โต๊ะพับเอนกประสงค์ (ขนาด 1800 x 600 x 750 มม.)', '2,500.-', '---.pdf', 3, 42, 2, '2017-04-07', '2017-04-07', 1),
(559, '128799', 'ตู้ไม้เก็บเอกสารชนิดบานเลื่อนทึบ ขนาด 800 x 400 x 840 มม.', '', '---.pdf', 3, 44, 2, '2017-04-07', '2017-04-07', 2),
(560, '818558', 'ชั้นวางเอกสารแบบถอดได้ ชนิด 4 ชั้น', '', '---.pdf', 3, 45, 2, '2017-04-10', '2017-04-10', 1),
(561, '906395', 'โต๊ะทำงาน แบบที่ 3 (1600 x 800 x 750)', '7,000.-', '---.pdf', 3, 42, 2, '2017-04-07', '2017-04-07', 1),
(562, '176301', 'โต๊ะพับเอนกประสงค์ (ขนาด 1800 x 450 x 750 มม.)', '2,000.-', '---.pdf', 3, 42, 2, '2017-04-07', '2017-04-07', 1),
(563, '762319', 'ตู้ไม้เก็บเอกสาร 2 ชั้น ชนิดบางโล่ง ขนาด 400 x 400 x 840 มม.', '', '---.pdf', 3, 44, 2, '2017-04-07', '2017-04-07', 1),
(564, '482694', 'โต๊ะทำงาน แบบที่ 4 (1800 x 800 x 750)', '7,500.-', '---.pdf', 3, 42, 2, '2017-04-07', '2017-04-07', 1),
(565, '926514', 'เก้าอี้เลคเชอร์', '1,000.-', '---.pdf', 3, 43, 2, '2017-04-07', '2017-04-07', 1),
(566, '384489', 'ตู้ไม้เก็บเอกสารชนิดบานเปิด-ปิดทึบ ขนาด 800 x 400 x 840 มม.', '', '---.pdf', 3, 44, 2, '2017-04-07', '2017-04-07', 1),
(567, '842903', 'โต๊ะคอมพิวเตอร์ แบบที่ 1 (800 x 600 x 750)', '3,000.-', '---.pdf', 3, 42, 2, '2017-04-07', '2017-04-07', 1),
(568, '261048', 'ตู้ทำน้ำเย็น-น้ำร้อน (แบบคว่ำถัง)', '5,000 - 8,000.-', '---.pdf', 3, 44, 2, '2017-04-07', '2017-04-07', 1),
(569, '476533', 'ตู้ไม้เก็บเอกสารชนิดครึ่งบนบานโล่ง-ครึ่งล่างบานเลื่อนทึบ ขนาด 800 x 400 x 1600 มม.', '', '---.pdf', 3, 44, 2, '2017-04-07', '2017-04-07', 2),
(570, '599520', 'โต๊ะคอมพิวเตอร์ แบบที่ 2 (1200 x 600 x 750)', '5,500.-', '---.pdf', 3, 42, 2, '2017-04-07', '2017-04-07', 1),
(571, '568000', 'ตู้ทำน้ำเย็น-น้ำร้อน พร้อมเครื่องกรองแบบตั้งพื้น', '16,500 - 20,000.', '---.pdf', 3, 44, 2, '2017-04-07', '2017-04-07', 1),
(572, '941444', 'โต๊ะทำงานขาเหล็ก แบบที่ 1 (1200 x 600 x 750)', '6,000.-', '---.pdf', 3, 42, 2, '2017-04-07', '2017-04-07', 1),
(573, '203219', 'เก้าอี้สำหรับห้องประชุมแบบมีเลคเชอร์', '6,000 - 8,500.-', '---.pdf', 3, 43, 2, '2017-04-07', '2017-04-07', 1),
(574, '791762', 'ถังดักไขมัน ขนาด 4,000 ลิตร', '', '---.pdf', 3, 47, 2, '2017-04-10', '2017-04-10', 1),
(575, '549156', 'โต๊ะพับเอนกประสงค์ (1800 x 800 x750 มม.)', '3,000.-', '---.pdf', 3, 42, 2, '2017-04-07', '2017-04-07', 1),
(576, '270492', 'ม่านปรับแสงแนวตั้ง', 'ตารางหลาละ 500 -', '---.pdf', 3, 47, 2, '2017-04-10', '2017-04-10', 3),
(577, '504994', 'ถังเก็บน้ำ บรรจุ 2,000 ลิตร', '', '---.pdf', 3, 47, 2, '2017-04-10', '2017-04-10', 1),
(578, '713493', 'โต๊ะคอมพิวเตอร์ ขนาด 1,500 x 800 x 750 มม.', '7,340.-', '---.pdf', 3, 42, 2, '2018-10-19', '2018-11-07', 2),
(579, '152487', 'ตู้ทำน้ำเย็น', '4,000.-', '---.pdf', 3, 47, 2, '2017-04-10', '2017-04-10', 1),
(580, '321953', 'โต๊ะคอมพิวเตอร์ ขนาด 1,350 x 750 x 750 มม.', '6,500.-', '---.pdf', 3, 42, 2, '2018-10-19', '2018-11-07', 2),
(581, '152305', 'อ่างล้างภาชนะชนิด 2 หลุม (ซิงค์)', '5,000.-', '---.pdf', 3, 47, 2, '2017-04-10', '2017-04-10', 1),
(582, '595666', 'แท่นยืนบรรยายเอนกประสงค์ (โพเดียม)', '4,000.-', '---.pdf', 3, 47, 2, '2017-04-10', '2017-04-10', 1),
(583, '621418', 'เครื่องคำนวณเลขไฟฟ้าชนิดตั้งโต๊ะแบบ 14 หลัก', '', '---.pdf', 3, 46, 2, '2017-04-10', '2017-04-10', 1),
(584, '320091', 'ตู้ไม้เก็บเอกสารขนาดกลาง', '2,500.-', '---.pdf', 3, 44, 2, '2017-04-07', '2017-04-07', 1),
(585, '536201', 'เครื่องมือวัดพื้นที่และความยาวแบบแสดงตัวเลข', '55,000.-', '---.pdf', 3, 46, 2, '2017-04-10', '2017-04-10', 1),
(586, '720731', 'เครื่องกรองน้ำ แบบที่ 2 (ระบบกรอง 4 ขั้นตอน UV)', '5,500.-', '---.pdf', 3, 47, 2, '2017-04-10', '2017-04-10', 1),
(587, '995055', 'เครื่องนับธนบัตรแบบตั้งโต๊ะ', '23,000.-', '---.pdf', 3, 47, 2, '2017-04-10', '2017-04-10', 1),
(588, '913081', 'ตู้เหล็กเก็บเอกสาร ชนิดบานเลื่อนกระจก ขนาด 150x45x90 ซม.', '4,800.-', '---.pdf', 3, 44, 2, '2017-04-07', '2017-04-07', 1),
(589, '580240', 'เก้าอี้เอนกประสงค์', '500.-', '---.pdf', 3, 43, 2, '2017-04-07', '2017-04-07', 1),
(590, '961960', 'บอร์ดฟลิบชาร์ท พร้อมขาตั้ง', '2,000.-', '---.pdf', 3, 47, 2, '2017-04-10', '2017-04-10', 1),
(591, '269080', 'บอร์ดโปสเตอร์ (ประชาสัมพันธ์)', '2,000.-', '---.pdf', 3, 47, 2, '2017-04-10', '2017-04-10', 1),
(592, '159521', 'โต๊ะทำงานเหล็ก ขนาด 6 ฟุต', '', '---.pdf', 3, 42, 2, '2017-04-07', '2017-04-07', 1),
(593, '790363', 'ตู้ไม้เก็บเอกสารชนิดตู้เสริมข้างแบบล้อเลื่อน', '3,000.-', '---.pdf', 3, 44, 2, '2017-04-07', '2017-04-07', 1),
(594, '673253', 'ผ้าม่าน หน้าต่าง-ประตู', 'ราคาโดยประมาณ', '---.pdf', 3, 47, 2, '2017-04-10', '2017-04-10', 1),
(595, '895176', 'เครื่องกรองน้ำใส 2 ระบบ', '120,000.-', '---.pdf', 3, 47, 2, '2017-04-10', '2017-04-10', 1),
(596, '556122', 'โต๊ะทำงานเหล็ก ขนาด 5 ฟุต', '', '---.pdf', 3, 42, 2, '2017-04-07', '2017-04-07', 1),
(597, '895084', 'ตู้ไม้เก็บเอกสารชนิดสามลิ้นชักแบบล้อเลื่อน', '3,500.-', '---.pdf', 3, 44, 2, '2017-04-07', '2017-04-07', 1),
(598, '907055', 'ตู้เหล็กเก็บเอกสาร ชนิด 15 ลิ้นชัก', '4,500.-', '---.pdf', 3, 44, 2, '2017-04-07', '2017-04-07', 1),
(599, '850022', 'โต๊ะทำงานเหล็ก ขนาด 4.5 ฟุต', '', '---.pdf', 3, 42, 2, '2017-04-07', '2017-04-07', 1),
(600, '528947', 'โต๊ะทำงานผู้บริหารแบบต่อข้างขาเหล็ก', '16,000.-', '---.pdf', 3, 42, 2, '2017-04-07', '2017-04-07', 1),
(601, '894667', 'ตู้เหล็กเก็บเอกสาร ประเภทบานพับ ชนิด 2 ประตู', '4,500.-', '---.pdf', 3, 44, 2, '2017-04-07', '2017-04-07', 1),
(602, '986494', 'โต๊ะทำงานเหล็ก ขนาด 4 ฟุต', '4,000.-', '---.pdf', 3, 42, 2, '2017-04-07', '2017-04-07', 1),
(603, '348472', 'เครื่องคิดเลขชนิดตั้งโต๊ะ', '300.-', '---.pdf', 3, 46, 2, '2017-04-10', '2017-04-10', 1),
(604, '482878', 'โต๊ะทำงานเหล็ก ขนาด 3.5 ฟุต', '', '---.pdf', 3, 42, 2, '2017-04-07', '2017-04-07', 1),
(605, '368973', 'ตู้เหล็กเก็บเอกสารชนิดรางเลื่อน', '55,000.-', '---.pdf', 3, 44, 2, '2017-04-07', '2017-04-07', 1),
(606, '296232', 'เก้าอี้ปฏิบัติงานห้องแล็บ (เก้าอี้บาร์ , สตู)', '1,200.-', '---.pdf', 3, 43, 2, '2017-04-07', '2017-04-07', 1),
(607, '274241', 'ชั้นเหล็กเก็บแฟ้มเอกสารแบบ 4 ชั้น ชนิดมีลูกล้อ', '', '---.pdf', 3, 45, 2, '2017-04-10', '2017-04-10', 1),
(608, '382511', 'เตียงนอนเหล็ก (ขนาด 3.5 , 5 , 6 ฟุต)', '	 3,500.- (ขนาด ', '---.pdf', 3, 41, 2, '2017-04-07', '2017-04-07', 1),
(609, '989833', 'ตู้เหล็กเอนกประสงค์ ชนิด 1 บานประตู และ 4 ลิ้นชัก', '', '---.pdf', 3, 44, 2, '2017-04-07', '2017-04-07', 1),
(610, '101633', 'โต๊ะทำงาน แบบที่ 1 (1200 x 600 x 750)', '4,500.-', '---.pdf', 3, 42, 2, '2017-04-07', '2017-04-07', 1),
(611, '138664', 'ที่นอน (ขนาด 3.5 , 5 , 6 ฟุต)', '3,000.- (ขนาด 3.', '---.pdf', 3, 40, 2, '2017-04-07', '2017-04-07', 1),
(612, '288423', '	ตู้สาขาโทรศัพท์อัตโนมัติ ขนาด 4 x 48 เลขหมาย พร้อมอุปกรณ์', '300,000.-', '---.pdf', 2, 38, 1, '2017-07-11', '2017-07-13', 1),
(613, '926121', 'ตู้สาขาโทรศัพท์อัตโนมัติ ขนาด 4 x 32 เลขหมาย', '200,000.-', '---.pdf', 2, 38, 1, '2017-07-11', '2017-07-13', 1),
(614, '965339', 'เครื่องวัดความยุบตัวของคอนกรีต', '', '---.pdf', 13, 13, 6, '2017-04-11', '2017-04-11', 1),
(615, '148332', 'หมุดหลักฐานอ้างอิง (Reference Benchmark / Permanent Survey Monument)', '-', '---.pdf', 12, 57, 5, '2017-04-10', '2017-04-10', 2),
(616, '445642', 'กล้องวัดมุมอิเลคทรอนิค ค่ามุม 10 ฟิลิบดา', '85,000.-', '---.pdf', 11, 11, 4, '2017-04-10', '2019-09-18', 2),
(617, '783218', 'เครื่องเจาะโลหะแบบตั้งโต๊ะ ขนาด 13 มม.(1/2\")', '6,000.-', '---.pdf', 10, 56, 3, '2017-04-10', '2017-04-10', 1),
(618, '679161', 'เครื่องมือวัดการรับแรงด้านข้างของหินในหลุมเจาะสำรวจ (Lateral Load Tester)', '4,000,000.-', '---.pdf', 11, 11, 4, '2017-04-10', '2017-04-10', 1),
(619, '946154', 'กล้องวัดมุมอิเลคทรอนิค(อ่านได้ละเอียด 20 ฟิลิบดา)', '80,000.-', '---.pdf', 11, 11, 4, '2017-04-10', '2019-09-18', 2),
(620, '793286', 'เครื่องวัดพิกัดจากสัญญาณดาวเทียม GPS แบบมือถือ', '20,000.-', '---.pdf', 11, 11, 4, '2017-04-10', '2017-04-10', 1),
(621, '127971', 'เต็นท์ผ้าใบแบบทรงโค้ง ขนาดกว้าง 5 เมตร ยาว 6 เมตร สูง 2.5 เมตร พร้อมผ้าใบบังแดดด้านข้าง', '35,800.-', '---.pdf', 11, 11, 4, '2017-04-10', '2017-04-10', 1),
(622, '859994', 'เต็นท์ผ้าใบแบบทรงโค้ง ขนาดกว้าง 5 เมตร ยาว 12 เมตร สูง 2.5 เมตร', '40,000.-', '---.pdf', 11, 11, 4, '2017-04-10', '2017-04-10', 1),
(623, '216059', 'เครื่องปรับอากาศแบบแยกส่วน ชนิดตั้งพื้นหรือแขวน ขนาด 13,000 บีทียูต่อชั่วโมง', '23,000.-*', '---.pdf', 4, 4, 3, '2017-04-10', '2017-04-10', 2),
(624, '200315', 'เครื่องผสมคอนกรีต ขับด้วยมอเตอร์ไฟฟ้า ขนาด 50 ลิตร', '35,000.-', '---.pdf', 8, 8, 3, '2017-04-10', '2017-04-10', 2),
(625, '253397', 'พาร์ทิชั่นทึบครึ่งกระจกใสแบบมีกล่องไฟล่าง ขนาด 100 x 150 ซม. กระจกใสสูง 50 ซม.', '9,700.-', '---.pdf', 3, 39, 2, '2017-04-07', '2023-08-21', 1),
(626, '566041', 'โต๊ะประชุมแบบหัวโค้ง (ขนาด 3600 x 1200 x 750 มม.)', '', '---.pdf', 3, 42, 2, '2017-04-07', '2017-04-07', 1),
(627, '170015', 'เครื่องวัดน้ำฝนอัตโนมัติแบบกระดก (ใช้งานสำหรับระบบโทรมาตร)', '120,000.-', '---.pdf', 12, 68, 5, '2018-11-07', '2018-11-07', 1),
(628, '851951', 'รถลากจูง ขนาด 50 ตัน พร้อมรถกึ่งพ่วงแบบพื้นระวางต่ำ (LOW BED SEMI TRAILER)', 'ติดต่อกลุ่มงาน', '---.pdf', 6, 83, 3, '2018-11-07', '2018-11-07', 2),
(629, '949711', 'เครื่องพิมพ์เลเซอร์ หรือ LED ขาว-ดำ แบบ  Multifunction สำหรับกระดาษขนาด A4', '9,000.-', '---.pdf', 1, 19, 1, '2018-11-08', '2018-11-08', 1),
(630, '292702', 'เครื่องพิมพ์เลเซอร์ หรือ LED ขาว-ดำ แบบ  Network สำหรับกระดาษขนาด A3', '53,000.-', '---.pdf', 1, 19, 1, '2018-11-08', '2018-11-08', 1),
(631, '314378', 'อุปกรณ์กรณ์จ่ายสัญญาณ L2 Switch ขนาด 24 ช่องสัญญาณ', '21,000.-', '---.pdf', 1, 21, 1, '2018-11-09', '2018-11-09', 1),
(632, '593786', 'เครื่องทำลายเอกสาร แบบตัดตรงทำลายครั้งละ 20 แผ่น', '30,000.-', '---.pdf', 15, 15, 7, '2018-11-13', '2018-11-13', 2),
(633, '125794', 'เครื่องเจาะกระดาษและเข้าเล่ม แบบเจาะกระดาษและเข้าเล่มมือโยก', '12,000.-', '---.pdf', 15, 15, 7, '2018-11-13', '2018-11-13', 1),
(634, '547612', 'เครื่องเจาะกระดาษและเข้าเล่ม แบบเจาะกระดาษไฟฟ้าและเข้าเล่มมือโยก', '18,000.-', '---.pdf', 15, 15, 7, '2018-11-13', '2018-11-13', 2),
(635, '460679', 'เครื่องพิมพ์เลเซอร์ หรือ LED สี สำหรับกระดาษขนาด A3', '159,000.-', '---.pdf', 1, 19, 1, '2018-11-15', '2018-11-15', 1),
(636, '560558', 'เครื่องสำรองไฟฟ้า ขนาด 800VA', '2,500.-', '---.pdf', 1, 22, 1, '2018-11-15', '2018-12-20', 1),
(637, '420757', 'รถลากจูง ขนาด 50 ตัน', '4,000,000.-', '---.pdf', 6, 83, 3, '2018-11-26', '2023-02-08', 1),
(638, '322110', 'รถกึ่งพ่วงแบบพื้นระวางต่ำ (LOW BED SEMI TRAILER)', '1,200,000.-', '---.pdf', 6, 83, 3, '2018-11-26', '2023-07-05', 1),
(639, '248278', 'เครื่องตรวจวัดคุณภาพน้ำและควบคุมสาหร่ายในแหล่งน้ำด้วยคลื่นเสียงแบบทุ่นลอยใช้พลังงานแสงอาทิตย์', '2,764,270.-', '---.pdf', 13, 13, 6, '2018-12-11', '2018-12-11', 1),
(640, '175062', 'เครื่องควบคุมสาหร่ายในแหล่งน้ำด้วยคลื่นเสียงแบบทุ่นลอยใช้พลังงานแสงอาทิตย์', '2,010,770.-', '---.pdf', 13, 13, 6, '2018-12-11', '2018-12-11', 1),
(641, '930474', 'เครื่องกด CBR ขนาด 10 ตัน', '978,830.-', '---.pdf', 13, 13, 6, '2018-12-17', '2018-12-17', 1),
(642, '427187', 'ชุดทดสอบความหนาแน่นของดินในห้องปฏิบัติการ แบบอัตโนมัติ', '272,330.-', '---.pdf', 13, 13, 6, '2018-12-17', '2018-12-17', 1),
(643, '144513', 'เครื่องมือสำรวจธรณีฟิสิกส์ชนิดวัดความต้านทานไฟฟ้า (Electrical Resistivity Imaging) พร้อมอุปกรณ์', '-', '---.pdf', 11, 11, 4, '2018-12-26', '2018-12-26', 1),
(644, '241004', 'เครื่องมือสำรวจธรณีฟิสิกส์แบบวัดคลื่นไหวสะเทือน (Exploration Seismograph) พร้อมอุปกรณ์', '-', '---.pdf', 11, 11, 4, '2018-12-26', '2018-12-26', 1),
(645, '671480', 'เครื่องมือสำรวจธรณีฟิสิกส์ชนิดเรด้าห์หยั่งลึก (Ground Penetration Radar) พร้อมอุปกรณ์', '-', '---.pdf', 11, 11, 4, '2018-12-26', '2018-12-26', 1),
(646, '734389', 'เครื่องมือสำรวจธรณีฟิสิกส์ชนิดเรด้าห์หยั่งลึก (Ground Penetration Radar) สำหรับงานคอนกรีต พร้อมอุปกรณ์', '-', '---.pdf', 11, 11, 4, '2018-12-26', '2018-12-26', 1),
(647, '657505', 'เครื่องเก็บตัวอย่างตะกอนดินแบบย่อ', '143,000.-', '---.pdf', 13, 13, 6, '2019-01-24', '2019-01-24', 1),
(648, '984360', 'เครื่องพิมพ์สำเนาระบบดิจิตอล แบบความละเอียด 300 x 300 จุดต่อตารางนิ้ว', '90,000.-', '---.pdf', 15, 15, 7, '2019-01-31', '2019-01-31', 2),
(649, '149283', 'เครื่องพิมพ์สำเนาระบบดิจิตอล แบบความละเอียด 300 x 400 จุดต่อตารางนิ้ว', '130,000.-', '---.pdf', 15, 15, 7, '2019-01-31', '2019-01-31', 2),
(650, '393338', 'เครื่องพิมพ์สำเนาระบบดิจิตอล แบบความละเอียด 300 x 600 จุดต่อตารางนิ้ว', '180,000.-', '---.pdf', 15, 15, 7, '2019-01-31', '2019-01-31', 2),
(651, '518839', 'เครื่องพิมพ์สำเนาระบบดิจิตอล แบบความละเอียด 400 x 400 จุดต่อตารางนิ้ว', '180,000.-', '---.pdf', 15, 15, 7, '2019-01-31', '2019-01-31', 2),
(652, '414185', 'เครื่องถ่ายเอกสารระบบดิจิตอล  แบบความเร็ว 20 แผ่นต่อนาที', '100,000.-', '---.pdf', 15, 15, 7, '2019-01-31', '2019-01-31', 2),
(653, '414407', 'เครื่องถ่ายเอกสารระบบดิจิตอล  แบบความเร็ว 30 แผ่นต่อนาที', '120,000.-', '---.pdf', 15, 15, 7, '2019-01-31', '2019-01-31', 2),
(654, '729478', 'เครื่องถ่ายเอกสารระบบดิจิตอล แบบความเร็ว 40 แผ่นต่อนาที', '180,000.-', '---.pdf', 15, 15, 7, '2019-01-31', '2019-01-31', 2),
(655, '504173', 'เครื่องถ่ายเอกสารระบบดิจิตอล แบบความเร็ว 50 แผ่นต่อนาที', '200,000.-', '---.pdf', 15, 15, 7, '2019-01-31', '2019-01-31', 2),
(656, '232430', 'เครื่องถ่ายเอกสารระบบดิจิตอล แบบความเร็ว 75 แผ่นต่อนาที', '350,000.-', '---.pdf', 15, 15, 7, '2019-01-31', '2019-01-31', 1),
(657, '449634', 'ชุดเจาะระเบิดหินชนิดตีนตะขาบ ขับดีเซลพร้อมเครื่องอัดลมและเครื่องสูบน้ำ (CRAWLER ROCK DRILL)', '18,500,000.-', '---.pdf', 11, 11, 4, '2019-01-31', '2019-01-31', 1),
(658, '550878', 'เครื่องมัลติมีเดียโปรเจคเตอร์ ระดับ XGA ขนาด 5,000 ANSI Lumens', '49,900.-', '---.pdf', 14, 76, 7, '2019-02-05', '2024-10-09', 1),
(659, '405487', 'โทรทัศน์ แอล อี ดี  (LED TV) แบบ Smart TV ระดับความละเอียดจอภาพ 3840 x 2160 พิกเซล  ขนาด 49 นิ้ว', '16,700.-', '---.pdf', 14, 79, 7, '2019-02-05', '2021-11-19', 1),
(660, '274804', 'โทรทัศน์ แอล อี ดี  (LED TV) แบบ Smart TV ระดับความละเอียดจอภาพ 3840 x 2160 พิกเซล  ขนาด 50 นิ้ว', '19,000.-', '---.pdf', 14, 79, 7, '2019-02-05', '2024-08-16', 1),
(661, '957560', 'โทรทัศน์ แอล อี ดี  (LED TV) แบบ Smart TV ระดับความละเอียดจอภาพ 3840 x 2160 พิกเซล  ขนาด 55 นิ้ว', '23,000.-', '---.pdf', 14, 79, 7, '2019-02-05', '2024-08-16', 1),
(662, '263389', 'เครื่องถ่ายเอกสารสีระบบดิจิตอล แบบความเร็ว 20 แผ่นต่อนาที    ', '120,000.-', '---.pdf', 15, 15, 7, '2019-02-06', '2019-02-06', 2),
(663, '144264', 'เครื่องถ่ายเอกสารสีระบบดิจิตอล แบบความเร็ว 30 แผ่นต่อนาที', '250,000.-', '---.pdf', 15, 15, 7, '2019-02-06', '2019-02-06', 2),
(664, '731153', 'เครื่องถ่ายเอกสารสีระบบดิจิตอล แบบความเร็ว 40 แผ่นต่อนาที', '350,000.-', '---.pdf', 15, 15, 7, '2019-02-06', '2019-02-06', 2),
(665, '422973', 'เครื่องถ่ายเอกสารสีระบบดิจิตอล แบบความเร็ว 50 แผ่นต่อนาที', '450,000.-', '---.pdf', 15, 15, 7, '2019-02-06', '2019-02-06', 2),
(666, '721407', 'testddddddddd', '12345', '---.pdf', 1, 1, 1, '2019-02-17', '2019-02-17', 3),
(667, '438117', 'รถผสมคอนกรีต ขนาด 6 คิว (10 ล้อ)', '4,000,000.-', '---.pdf', 8, 8, 3, '2019-02-26', '2019-02-26', 2),
(668, '826363', 'รถบรรทุก (ดีเซล) ขนาด 6 ตัน 6 ล้อ ปริมาตรกระบอกสูบไม่ต่ำกว่า 6,000 ซีซี หรือกำลังเครื่องยนต์สูงสุดไม่ต่ำกว่า 170 กิโลวัตต์ แบบบร', '2,5000,000.-', '---.pdf', 6, 83, 3, '2019-02-26', '2019-11-20', 2),
(669, '917464', 'yyyyyyy', '', '---.pdf', 1, 1, 1, '2019-02-26', '2019-02-26', 3),
(670, '208231', 'ttttt', '', '---.pdf', 1, 1, 1, '2019-02-26', '2019-02-26', 3),
(671, '888763', '3333', '3333', '---.pdf', 1, 1, 1, '2019-02-26', '2019-02-26', 3),
(672, '119122', '0000', '', '---.pdf', 1, 1, 1, '2019-02-26', '2019-02-26', 3),
(673, '529323', 'test', '', '---.pdf', 1, 1, 1, '2019-02-26', '2019-02-26', 3),
(674, '389250', 'ชุด Mold สำหรับทดสอบดินซีเมนต์ปรับปรุงคุณภาพด้วยยางธรรมชาติ', '77,680.-', '---.pdf', 13, 13, 6, '2019-03-04', '2019-03-04', 2),
(675, '258279', 'ชุดทดสอบ CBR แบบมอเตอร์ไฟฟ้า', '485,000.-', '---.pdf', 13, 13, 6, '2019-03-04', '2019-03-04', 1),
(676, '923649', 'เครื่องทดสอบความสึกกร่อน', '241,660.-', '---.pdf', 13, 13, 6, '2019-03-04', '2019-03-04', 1),
(677, '143406', 'ชุดทดสอบหาขนาดคละของเม็ดดิน', '125,000.-', '---.pdf', 13, 13, 6, '2019-03-04', '2019-03-04', 1),
(678, '546082', 'เครื่องเก็บตัวอย่างตะกอนดิน (Grab Sampler)', '63,510.-', '---.pdf', 13, 13, 6, '2019-03-04', '2019-03-04', 1),
(679, '400196', 'เครื่องบันทึกภาพดิจิตอล (DVR) ขนาด 16 จุด', '22,000.-', '---.pdf', 1, 1, 1, '2019-03-08', '2019-03-08', 1),
(680, '262732', 'เสาอากาศวิทยุชนิดโครงสร้างสามเหลี่ยมแบบ SELF SUPPORT ความสูง 60 ม.', '1,979,500.-', '---.pdf', 2, 36, 1, '2019-03-08', '2019-03-08', 1),
(681, '913075', 'อุปกรณ์กระจายสัญญาณไร้สาย (Access Point) แบบที่ 1', '5,700.-', '---.pdf', 1, 21, 1, '2019-03-08', '2019-03-08', 1),
(682, '977181', 'อุปกรณ์กระจายสัญญาณแบบบริหารจัดการได้ ขนาด 8 ช่องสัญญาณ', '5,200.-', '---.pdf', 1, 21, 1, '2019-03-08', '2019-03-08', 1),
(683, '246677', 'ตู้สำหรับจัดเก็บเครื่องคอมพิวเตอร์และอุปกรณ์ ขนาด 6U', '4,700.-', '---.pdf', 1, 24, 1, '2019-03-08', '2019-03-08', 1),
(684, '901842', 'เครื่องสำรองไฟฟ้า (UPS) ขนาด 1 KVA', '5,900.-', '---.pdf', 1, 22, 1, '2019-03-08', '2019-03-08', 1),
(685, '969182', 'เครื่องโทรสารแบบใช้กระดาษธรรมดา (Multifuction)', '12,000.-', '---.pdf', 2, 28, 1, '2019-03-08', '2019-03-08', 1),
(686, '240384', 'เครื่องเขย่าตะแกรงมวลหยาบ แบบใช้มอเตอร์ไฟฟ้า', '372,330.-', '---.pdf', 13, 13, 6, '2019-03-21', '2019-03-21', 1),
(687, '894374', 'เครื่องสั่นคอนกรีตในห้องทดลอง แบบใช้ไฟฟ้า', '65,500.-', '---.pdf', 13, 13, 6, '2019-03-21', '2019-03-21', 1),
(688, '950718', 'ถังเก็บน้ำไฟเบอร์กลาส ชนิดวางบนดิน', '11,600.-', '---.pdf', 3, 47, 2, '2019-03-25', '2019-03-25', 1),
(689, '170470', 'เครื่องชั่งขนาด 100 กิโลกรัม มีความละเอียด 20 กรัม', '18,330.-', '---.pdf', 13, 13, 6, '2019-04-03', '2019-04-03', 1),
(690, '600196', 'เครื่องชั่งขนาด 1,500 กรัม มีความละเอียด 0.5 กรัม', '12,540.-', '---.pdf', 13, 13, 6, '2019-04-03', '2019-04-03', 1),
(691, '589572', 'เครื่องชั่งขนาด 8,000 กรัม มีความละเอียด 0.1 กรัม', '45,360.-', '---.pdf', 13, 13, 6, '2019-04-03', '2019-04-03', 1),
(692, '147271', 'เครื่องชั่งขนาด 3,000 กรัม มีความละเอียด 0.01 กรัม', '23,770.-', '---.pdf', 13, 13, 6, '2019-04-03', '2019-04-03', 1),
(693, '667640', 'เครื่องดันตัวอย่างดิน', '19,510.-', '---.pdf', 13, 13, 6, '2019-04-19', '2019-04-19', 1),
(694, '996387', 'ชุดทดสอบหาความหนาแน่นของทราย', '619,660.-', '---.pdf', 13, 13, 6, '2019-04-19', '2019-04-19', 1),
(695, '179017', 'เครื่องคอมพิวเตอร์แบบ All In One สำหรับงานประมวลผล พร้อมชุดโปรแกรมระบบปฏิบัติการ', '26,800.-', '---.pdf', 1, 17, 1, '2019-04-25', '2019-05-02', 1),
(696, '505923', 'เครื่องคอมพิวเตอร์แบบ โน้ตบุ๊ก สำหรับงานสำนักงาน พร้อมชุดโปรแกรมระบบปฏิบัติการ', '19,800.-', '---.pdf', 1, 17, 1, '2019-04-25', '2019-05-02', 1),
(697, '992567', 'เครื่องคอมพิวเตอร์สำหรับงานสำนักงาน พร้อมชุดโปรแกรมระบบปฏิบัติการ', '20,800.-', '---.pdf', 1, 17, 1, '2019-04-25', '2019-05-02', 1),
(698, '645065', 'ระบบห้องประชุมทางไกลผ่านวีดิทัศน์ (Video Conference) ขนาดผู้เข้าร่วมประชุม 10 ท่าน', '425,000.-', '---.pdf', 2, 37, 1, '2019-04-25', '2020-04-07', 2),
(699, '147625', 'อุปกรณ์กระจายสัญญาณแบบบริหารจัดการได้ ขนาด 16 ช่องสัญญาณ', '15,900.-', '---.pdf', 1, 21, 1, '2019-04-25', '2019-04-25', 2),
(700, '502932', 'เครื่องคอมพิวเตอร์แบบ โน้ตบุ๊ค สำหรับงานประมวลผล พร้อมชุดโปรแกรมระบบปฏิบัติการ', '25,800.-', '---.pdf', 1, 17, 1, '2019-04-30', '2019-04-30', 1),
(701, '171784', 'เครื่องโทรศัพท์แบบ IP PHONE', '2,140.-', '---.pdf', 2, 29, 1, '2019-04-30', '2019-04-30', 1),
(702, '150123', 'dfdsfsd', '12345', '---.pdf', 2, 2, 1, '2019-05-01', '2019-05-01', 3),
(703, '135266', 'เครื่องคอมพิวเตอร์สำหรับงานประมวลผลแบบที่ 1 พร้อมชุดโปรแกรมระบบปฏิบัติการ', '25,800.-', '---.pdf', 1, 17, 1, '2019-05-02', '2019-05-02', 1),
(704, '125963', 'เครื่องคอมพิวเตอร์แบบ Workstation แบบที่ 2 พร้อมชุดโปรแกรมปฏิบัติการ', '100,000.-', '---.pdf', 1, 17, 1, '2019-05-24', '2019-05-24', 1),
(705, '124015', 'เครื่องคอมพิวเตอร์แบบ โน้ตบุ๊ค สำหรับงานประมวลผล พร้อมชุดโปรแกรมระบบปฏิบัติการ', '25,800.-', '---.pdf', 1, 17, 1, '2019-05-24', '2019-05-24', 1),
(706, '142185', 'เครื่องคอมพิวเตอร์แบบ ALL In One สำหรับงานสำนักงาน พร้อมชุดโปรแกรมปฎิบัติการ', '20,800.-', '---.pdf', 1, 17, 1, '2019-06-10', '2019-06-10', 1),
(707, '238883', 'เครื่องคอมพิวเตอร์สำหรับงานประมวลผล แบบที่ 2 พร้อมชุดโปรแกรมระบบปฎิบัติการ', '33,800.-', '---.pdf', 1, 17, 1, '2019-06-10', '2019-06-10', 1),
(708, '667861', 'อุปกรณ์ป้องกันไฟกระโชก ชนิดช่วงสั้นและช่วงยาวแบบพกพา', '2,400.-', '---.pdf', 2, 27, 1, '2019-07-12', '2019-07-12', 1),
(709, '722655', 'test', 'test', '---.pdf', 2, 2, 1, '2019-07-12', '2019-07-12', 3),
(710, '609693', 'มาตรวัดน้ำดิบ แบบ Electromagnetic Flow Meter', '350,000.-', '---.pdf', 12, 66, 5, '2019-08-05', '2019-08-05', 1),
(711, '780502', 'มาตรวัดอัตราการไหลของน้ำในท่อปิด แบบเคลื่อนที่', '500,000.-', '---.pdf', 12, 66, 5, '2019-08-05', '2019-08-05', 1),
(712, '173430', 'แท่นยืนบรรยาย แบบอะคริลิคใสและสแตนเลส', '33,000.-', '---.pdf', 3, 47, 2, '2019-08-09', '2019-08-09', 1),
(713, '225645', 'ถังเก็บน้ำไฟเบอร์กลาส ขนาดความจุ 20,000 ลิตร ชนิดวางบนดิน', '114,335.-', '---.pdf', 9, 9, 3, '2019-09-11', '2019-09-11', 3),
(714, '507937', 'ถังเก็บน้ำไฟเบอร์กลาส ขนาดความจุ 20,000 ลิตร ชนิดวางบนดิน', '114,335.-', '---.pdf', 9, 54, 3, '2019-09-11', '2019-09-11', 2),
(715, '862748', 'ชุดโต๊ะทำงาน แบบที่ 1 ขนาด 180 x 180 x 75 ซม.', '29,780.-', '---.pdf', 3, 42, 2, '2019-09-25', '2019-09-25', 1),
(716, '889929', 'ชุดโต๊ะทำงาน แบบที่ 2 ขนาด 140 x 60 x 75 ซม.', '21,840.-', '---.pdf', 3, 42, 2, '2019-09-25', '2019-09-25', 1),
(717, '861402', 'โต๊ะประชุม แบบที่ 1 ขนาด 420 x 120 x 75 ซม.', '45,850.-', '---.pdf', 3, 42, 2, '2019-09-25', '2019-09-25', 1),
(718, '637223', 'โต๊ะรับประทานอาหาร ขนาด 80 x 80 x 75 ซม.', '4,260.-', '---.pdf', 3, 42, 2, '2019-09-25', '2019-09-25', 1),
(719, '501910', 'ตู้บานเลื่อน แบบบานเลื่อน ขนาด 80 x 40 x 75 ซม.', '8,130.-', '---.pdf', 3, 44, 2, '2019-09-25', '2019-09-25', 1),
(720, '497883', 'ตู้เก็บเอกสารเตี้ย แบบบานเลื่อน ขนาด 90 x 45 x 150 ซม.', '13,630.-', '---.pdf', 3, 44, 2, '2019-09-25', '2019-09-25', 1),
(721, '883684', 'เก้าอี้ทำงานพนักพิงปกติ แบบที่ 1 ขนาด 62 x 62 x 93-103 ซม.', '9,830.-', '---.pdf', 3, 43, 2, '2019-09-25', '2019-09-25', 1),
(722, '124772', 'เก้าอี้ทำงานพนักพิงสูง แบบที่ 1 ขนาด 62 x 67 x 106-116 ซม.', '10,310.-', '---.pdf', 3, 43, 2, '2019-09-25', '2019-09-25', 1),
(723, '572809', 'เก้าอี้พนักพิงปกติ แบบที่ 1 ขนาด 57 x 60 x 89-97.5 ซม.', '10,190.-', '---.pdf', 3, 43, 2, '2019-09-25', '2019-09-25', 1),
(724, '589730', 'เก้าอี้พนักพิงสูง แบบที่ 1 ขนาด 57 x 60 x 107-115.5 ซม.', '11,670.-', '---.pdf', 3, 43, 2, '2019-09-25', '2019-09-25', 1),
(725, '230225', 'เก้าอี้เอนกประสงค์ แบบที่ 1 ขนาด 55 x 58.5 x 78.5 ซม.', '2,330.-', '---.pdf', 3, 43, 2, '2019-09-25', '2019-09-25', 1),
(726, '181933', 'พาร์ทิชั่น(Partition)ทึบเต็มแผ่น แบบมีช่องร้อยสายไฟ ขนาด 70 x 120 x 5.5 ซม.', '11,220.-', '---.pdf', 3, 39, 2, '2019-09-25', '2019-09-25', 1),
(727, '118993', 'พาร์ทิชั่น(Partition)ทึบครึ่งกระจก แบบมีช่องร้อยสายไฟล่าง ขนาด 60 x 120 x 5.5 ซม.', '12,100.-', '---.pdf', 3, 39, 2, '2019-09-25', '2019-09-25', 1),
(728, '849165', 'ชุดเครื่องขยายเสียงกลางแจ้ง', '500,000.-', '---.pdf', 2, 31, 1, '2019-10-16', '2019-10-16', 1),
(729, '188848', 'รถยนต์ตรวจการ ปริมาตรกระบอกสูบไม่ต่ำกว่า 2,000 ซีซี หรือกำลังเครื่องยนต์สูงสุดไม่ต่ำกว่า 110 กิโลวัตต์ เครื่องยนต์ดีเซล แบบขับเค', '', '---.pdf', 6, 83, 3, '2019-10-16', '2019-10-16', 3),
(730, '996746', 'รถยนต์ตรวจการ ปริมาตรกระบอกสูบไม่ต่ำกว่า 2,000 ซีซี หรือกำลังเครื่องยนต์สูงสุดไม่ต่ำกว่า 110 กิโลวัตต์ เครื่องยนต์ดีเซล แบบขับเค', '', '---.pdf', 6, 83, 3, '2019-10-16', '2019-10-16', 3),
(731, '717185', 'รถบรรทุก (ดีเซล) ขนาด 1 ตัน ปริมาตรกระบอกสูบไม่ต่ำกว่า 2,000 ซีซี หรือกำลังเครื่องยนต์สูงสุดไม่ต่ำกว่า 90 กิโลวัตต์ ขับเคลื่อน 2', '', '---.pdf', 6, 83, 3, '2019-10-16', '2019-11-20', 3),
(732, '495686', 'เครื่องเสียงสำหรับห้องประชุม ขนาด ผู้ร่วมประชุม 30 ท่านพร้อมอุปกรณ์ประกอบ (อยู่ระหว่างปรับปรุง)', '440,200.-', '---.pdf', 2, 37, 1, '2019-10-24', '2023-09-18', 2),
(733, '226879', 'ไมโครโฟนห้องประชุม ขนาด 9 ตัว', '60,400.-', '---.pdf', 2, 37, 1, '2019-10-24', '2019-10-24', 2),
(734, '447335', 'เครื่องเสียงสำหรับห้องประชุม ขนาด ผู้ร่วมประชุม 20 ท่านพร้อมอุปกรณ์ประกอบ', '312,800.-', '---.pdf', 2, 37, 1, '2019-10-25', '2019-10-25', 2),
(735, '556037', 'กระดานไวท์บอร์ด 1 หน้า แบบมีล้อเลื่อน', '-', '---.pdf', 3, 3, 2, '2019-11-21', '2019-11-21', 1),
(736, '438183', 'เคาน์เตอร์สูง', '-', '---.pdf', 3, 3, 2, '2019-11-21', '2019-11-21', 1),
(737, '422806', 'ชั้นเอนกประสงค์', '-', '---.pdf', 3, 3, 2, '2019-11-21', '2019-11-21', 1),
(738, '699479', 'รถฟาร์มแทรกเตอร์ ชนิดขับเคลื่อน 4 ล้อ ขนาด 85 แรงม้า', '-', '---.pdf', 7, 53, 3, '2019-11-21', '2019-11-21', 2),
(739, '328977', 'ผานบุกเบิก (สำหรับรถฟาร์มแทรกเตอร์ ขนาดไม่น้อยกว่า 85 แรงม้า)', '-', '---.pdf', 7, 53, 3, '2019-11-21', '2019-11-21', 2),
(740, '346451', 'ใบมีดดันหน้า (สำหรับรถฟาร์มแทรกเตอร์ ขนาดไม่น้อยกว่า 85 แรงม้า)', '-', '---.pdf', 7, 53, 3, '2019-11-21', '2019-11-21', 2),
(741, '645323', 'เครื่องตัดหญ้าไหล่ทาง (สำหรับรถฟาร์ม ขนาดไม่น้อยกว่า 70 แรงม้า)', '-', '---.pdf', 7, 53, 3, '2019-11-21', '2019-11-21', 2),
(742, '287264', 'เครื่องปรับอากาศ แบบแยกส่วน แบบตั้งพื้นหรือแบบแขวน ขนาด 24,000 บีทียู', '-', '---.pdf', 4, 4, 3, '2019-11-21', '2019-11-21', 2),
(743, '300349', 'ทดสอบ1', '10,000.-', '---.pdf', 2, 28, 1, '2019-11-27', '2019-11-27', 3),
(744, '539957', 'Test 27-11-62 14.16', '10,310.-', '---.pdf', 2, 31, 1, '2019-11-27', '2019-11-27', 3),
(745, '798735', '1', '1', '---.pdf', 1, 17, 1, '2019-11-27', '2019-11-27', 3),
(746, '473806', 'test', '33,000.-', '---.pdf', 15, 15, 7, '2019-11-28', '2019-11-28', 3),
(747, '772825', 'อุปกรณ์บันทึกภาพผ่านเครือข่าย แบบ 32 ช่่อง', '125,000.-', '---.pdf', 2, 32, 1, '2019-12-03', '2019-12-03', 2),
(748, '542709', 'อุปกรณ์บันทึกภาพผ่านเครือข่าย แบบ 16 ช่อง', '61,000.-', '---.pdf', 2, 32, 1, '2019-12-03', '2019-12-03', 2),
(749, '295069', 'อุปกรณ์บันทึกภาพผ่านเครือข่าย แบบ 8 ช่อง', '22,000.-', '---.pdf', 2, 32, 1, '2019-12-03', '2019-12-03', 2),
(750, '647218', 'กล้องโทรทัศน์วงจรปิดชนิดเครือข่าย แบบมุมมองคงที่สำหรับติดตั้งภายนอกอาคาร แบบที่ 2', '53,000.-', '---.pdf', 2, 32, 1, '2019-12-03', '2019-12-04', 2),
(751, '450883', 'กล้องโทรทัศน์วงจรปิดชนิดเครือข่าย แบบมุมมองคงที่สำหรับติดตั้งภายนอกอาคาร แบบที่ 1', '58,000.-', '---.pdf', 2, 32, 1, '2019-12-03', '2019-12-04', 2),
(752, '212760', 'กล้องโทรทัศน์วงจรปิดชนิดเครือข่าย แบบมุมมองคงที่สำหรับติดตั้งภายในอาคาร แบบที่ 2', '48,000.-', '---.pdf', 2, 32, 1, '2019-12-03', '2019-12-03', 2),
(753, '511155', 'กล้องโทรทัศน์วงจรปิดชนิดเครือข่าย แบบมุมมองคงที่สำหรับติดตั้งภายในอาคาร แบบที่ 1', '46,000.-', '---.pdf', 2, 32, 1, '2019-12-03', '2019-12-03', 2);
INSERT INTO `equipment` (`Equipment_id`, `Equipment_code`, `Equipment_details`, `Price`, `File_path_pdf`, `Category_id`, `Sub_category_id`, `Dep_id`, `Created_date`, `Update_date`, `Equipment_status`) VALUES
(754, '917494', 'กล้องโทรทัศน์วงจรปิดชนิดเครือข่าย แบบมุมมองคงที่สำหรับติดตั้งภายในอาคาร', '23,000.-', '---.pdf', 2, 32, 1, '2019-12-03', '2019-12-03', 2),
(755, '254007', 'กล้องโทรทัศน์วงจรปิดขนิดเครือข่าย แบบปรับมุมมอง แบบที่ 2', '92,000.-', '---.pdf', 2, 32, 1, '2019-12-03', '2019-12-03', 2),
(756, '217554', 'กล้องโทรทัศน์วงจรปิดชนิดเครือข่าย แบบปรับมุมมอง แบบที่ 1', '48,000.-', '---.pdf', 2, 32, 1, '2019-12-03', '2019-12-03', 2),
(757, '225750', 'เครื่องขยายเสียง แบบเคลื่อนที่ตู้ลำโพงมีล้อลาก ขนาดตู้ลำโพง 12 นิ้ว', '10,900.-', '---.pdf', 2, 31, 1, '2019-12-03', '2019-12-03', 1),
(758, '376088', 'เครื่องขยายเสียง แบบ Stereo Power Mixer ขนาด 300W.+300W.', '34,000.-', '---.pdf', 2, 31, 1, '2019-12-03', '2019-12-03', 1),
(759, '203188', 'รถขุดตีนตะขาบแบบแขนยาว ขนาดไม่น้อยกว่า 150 แรงม้า', '', '---.pdf', 8, 8, 3, '2019-12-06', '2019-12-06', 2),
(760, '687680', 'เครื่องถ่ายเอกสารระบบดิจิตอล แบบความเร็ว 20 แผ่นต่อนาที', '90,000.-', '---.pdf', 15, 15, 7, '2020-02-11', '2020-02-11', 2),
(761, '928835', 'เครื่องถ่ายเอกสารระบบดิจิตอล แบบความเร็ว 50 แผ่นต่อนาที', '220,000.-', '---.pdf', 15, 15, 7, '2020-02-11', '2020-02-11', 2),
(762, '681135', 'เครื่องถ่ายเอกสารสีระบบดิจิตอล แบบความเร็ว 40 แผ่นต่อนาที', '300,000.-', '---.pdf', 15, 15, 7, '2020-02-11', '2020-02-11', 2),
(763, '519169', 'เครื่องทำลายเอกสาร แบบตัดตรงทำลายครั้งละ 20 แผ่น', '31,000.-', '---.pdf', 15, 15, 7, '2020-02-11', '2020-02-11', 2),
(764, '452442', 'เครื่องเจาะกระดาษและเข้าเล่ม แบบเจาะกระดาษไฟฟ้าและเข้าเล่มมือโยก', '20,000.-', '---.pdf', 15, 15, 7, '2020-02-11', '2020-02-11', 2),
(765, '604705', 'โทรทัศน์ แอล อี ดี (LED TV) แบบ Smart TV ระดับความละเอียดจอภาพ 3840 x 2160 พิกเซล ขนาด 82 นิ้ว', '119,000.-', '---.pdf', 14, 79, 7, '2020-03-20', '2020-03-20', 1),
(766, '666200', 'ระบบห้องประชุมทางไกลผ่านวีดิทัศน์ (Video Conference) ขนาดผู้เข้าร่วมประชุม 10 ท่าน แบบที่ 2', '498,700.-', '---.pdf', 2, 37, 1, '2020-04-07', '2022-10-28', 2),
(767, '516884', 'ระบบห้องประชุมทางไกลผ่านวีดิทัศน์ (Video Conference) ขนาดผู้เข้าร่วมประชุม 10 ท่าน แบบที่ 2', '498,700.-', '---.pdf', 2, 37, 1, '2020-04-07', '2020-04-07', 3),
(768, '485820', 'เก้าอี้ประชุม ขนาด 55x60x85 ซม.', 'ติดต่อหน่วยงาน', '---.pdf', 3, 3, 2, '2020-04-15', '2020-04-15', 1),
(769, '778448', 'โต๊ะประชุม ยาว 2 ที่นั่ง ขนาด 160x60x75 ซม.', 'ติดต่อหน่วยงาน', '---.pdf', 3, 3, 2, '2020-04-15', '2020-04-15', 1),
(770, '534781', 'ตู้รางเลื่อนประหยัดพื้นที่', '-', '---.pdf', 3, 3, 2, '2020-06-02', '2020-06-02', 1),
(771, '238561', 'กล้องถ่ายภาพ ระบบดิจิตอล แบบสะท้อนเลนส์เดี่ยว ความละเอียด 24 ล้านพิกเซล', '', '---.pdf', 14, 73, 7, '2020-06-22', '2020-06-22', 2),
(772, '388464', 'กล้องถ่ายภาพ ระบบดิจิตอล (แบบสะท้อนเลนส์เดี่ยวความละเอียด 45.7 ล้านพิกเซล มี WIFI Bluetooth และบันทึกวีดีโอระดับ 4K UHD)', '193,000.-', '---.pdf', 14, 73, 7, '2020-07-10', '2022-05-30', 1),
(773, '226636', 'แฟลชภายนอก ชนิดใช้สำหรับกล้องดิจิตอล DSLR', '18,900.-', '---.pdf', 14, 73, 7, '2020-07-10', '2023-01-17', 1),
(774, '767788', 'ขาตั้งกล้อง ชนิดใช้กับกล้องวีดีโอ', '', '---.pdf', 14, 73, 7, '2020-07-10', '2020-07-10', 1),
(775, '359033', 'กล้องถ่ายภาพ ระบบดิจิตอล (แบบสะท้อนเลนส์เดี่ยวความละเอียด 24 ล้านพิกเซล มี WIFI และบันทึกวีดีโอ ระดับ Full HD)', '', '---.pdf', 14, 73, 7, '2020-07-10', '2020-07-10', 1),
(776, '291802', 'เครื่องเล่น DVD VCD CD', '', '---.pdf', 14, 87, 7, '2020-07-10', '2020-07-10', 1),
(777, '281910', 'ชั้นเหล็กวางเอกสาร ชนิด 4 ชั้น', '9,167.-', '---.pdf', 3, 3, 2, '2020-07-10', '2020-07-10', 1),
(778, '434145', 'ระบบห้องประชุมทางไกลผ่านวีดิทัศน์ (Video Conference) ชนิดเคลื่อนที่', '472,000.-', '---.pdf', 2, 37, 1, '2020-08-19', '2020-08-19', 2),
(779, '324996', 'จานรับสัญญาณดาวเทียม ชนิดจานโปร่ง ขนาดไม่น้อยกว่า 150 ซ.ม. และต่อเข้ากับทีวีได้ไม่น้อยกว่า 1 เครื่อง', '3,400.-', '---.pdf', 2, 35, 1, '2020-08-19', '2020-08-19', 1),
(780, '222545', 'จานรับสัญญาณดาวเทียม ชนิดจานโปร่ง ขนาดไม่น้อยกว่า 150 ซ.ม. และต่อเข้ากับทีวีได้ไม่น้อยกว่า 2 เครื่อง', '5,300.-', '---.pdf', 2, 35, 1, '2020-08-19', '2020-08-19', 1),
(781, '937737', 'เครื่องขยายเสียง แบบลำโพงพกพาคาดเอว', '1,000.-', '---.pdf', 2, 31, 1, '2020-08-19', '2020-08-19', 1),
(782, '321053', 'เครื่องขยายเสียง แบบลำโพงพกพาหูหิ้วพร้อมไมโครโฟนไร้สาย ขนาดลำโพงไม่น้อยกว่า 6 นิ้ว', '2,700.-', '---.pdf', 2, 31, 1, '2020-08-19', '2020-08-19', 1),
(783, '492052', 'เครื่องสูบน้ำชนิดหอยโข่งขับด้วยเครื่องยนต์ดีเซล อัตราการสูบน้ำ 3,800 ลิตรต่อนาที', '450,000.-', '---.pdf', 7, 52, 3, '2020-09-15', '2020-09-15', 2),
(784, '497101', 'เครื่องสูบน้ำชนิดหอยโข่งขับด้วยเครื่องยนต์เบนซิน อัตราการสูบน้ำ 1,100 ลิตรต่อนาที', '15,000.-', '---.pdf', 7, 52, 3, '2020-09-15', '2020-09-15', 2),
(785, '909352', 'เครื่องสูบน้ำชนิดหอยโข่งแบบขับด้วยเครื่องยนต์ดีเซล อัตราการสูบน้ำ 1,800 ลิตรต่อนาที ระยะยกน้ำ 10 เมตร', '110,000.-', '---.pdf', 7, 52, 3, '2020-09-15', '2020-09-15', 2),
(786, '255456', 'เครื่องสูบน้ำชนิดหอยโข่งขับด้วยมอเตอร์ไฟฟ้า อัตราการสูบน้ำ 450 ลิตรต่อนาที', '11,000.-', '---.pdf', 7, 52, 3, '2020-09-15', '2020-09-15', 2),
(787, '249225', 'เครื่องตัดหญ้าไหล่ทาง (สำหรับรถฟาร์ม ขนาดไม่น้อยกว่า 70 แรงม้า)', '750,000.-', '---.pdf', 7, 53, 3, '2020-09-15', '2020-09-15', 2),
(788, '379758', 'ผานบุกเบิก (สำหรับรถฟาร์มแทรกเตอร์ ขนาดไม่น้อยกว่า 85 แรงม้า)', '71,000.-', '---.pdf', 7, 53, 3, '2020-09-15', '2020-09-15', 2),
(789, '151117', 'ใบมีดดันหน้า (สำหรับรถฟาร์มแทรกเตอร์ ขนาดไม่น้อยกว่า 85 แรงม้า)', '77,000.-', '---.pdf', 7, 53, 3, '2020-09-15', '2020-09-15', 2),
(790, '416308', 'รถฟาร์มแทรกเตอร์ ชนิดขับเคลื่อน 4 ล้อ ขนาด 85 แรงม้า', '1,100,000.-', '---.pdf', 7, 53, 3, '2020-09-15', '2020-09-15', 2),
(791, '628192', 'เครื่องตัดหญ้า แบบข้อแข็ง', '9,500.-', '---.pdf', 9, 54, 3, '2020-09-15', '2020-09-15', 2),
(792, '892036', 'เครื่องตัดหญ้า แบบข้ออ่อน', '10,900.-', '---.pdf', 9, 54, 3, '2020-09-15', '2020-09-15', 2),
(793, '675606', 'เครื่องตัดหญ้า แบบเข็น', '13,000.-', '---.pdf', 9, 54, 3, '2020-09-15', '2020-09-15', 2),
(794, '601920', 'เครื่องตัดหญ้า แบบล้อจักรยาน', '12,000.-', '---.pdf', 9, 54, 3, '2020-09-15', '2020-09-15', 2),
(795, '882782', 'รถจักรยานยนต์ ขนาด 110 ซีซี แบบเกียร์ธรรมดา', '44,800.-', '---.pdf', 6, 6, 3, '2020-09-15', '2020-09-15', 3),
(796, '708153', 'รถจักรยานยนต์ ขนาด 110 ซีซี แบบเกียร์ธรรมดา', '44,800.-', '---.pdf', 6, 83, 3, '2020-09-15', '2020-09-15', 2),
(797, '792419', 'รถจักรยานยนต์ ขนาด 110 ซีซี แบบเกียร์อัตโนมัติ', '51,900.-', '---.pdf', 6, 83, 3, '2020-09-15', '2020-09-15', 2),
(798, '837635', 'รถจักรยานยนต์ ขนาด 120 ซีซี', '54,700.-', '---.pdf', 6, 83, 3, '2020-09-15', '2020-09-15', 2),
(799, '810919', 'รถบรรทุก (ดีเซล) ขนาด 1 ตัน ปริมาตรกระบอกสูบไม่ต่ำกว่า 2,400 ซีซี หรือกำลังเครื่องยนต์สูงสุดไม่ต่ำกว่า 110 กิโลวัตต์ ขับเคลื่อน ', '854,000.-', '---.pdf', 6, 83, 3, '2020-09-15', '2020-09-15', 2),
(800, '541692', 'รถบรรทุก (ดีเซล) ขนาด 1 ตัน ปริมาตรกระบอกสูบไม่ต่ำกว่า 2,400 ซีซี หรือกำลังเครื่องยนต์สูงสุดไม่ต่ำกว่า 110 กิโลวัตต์ ขับเคลื่อน ', '715,000.-', '---.pdf', 6, 83, 3, '2020-09-15', '2020-09-15', 2),
(801, '175705', 'รถบรรทุก (ดีเซล) ขนาด 2 ตัน ปริมาตรกระบอกสูบไม่ต่ำกว่า 2,700 ซีซี หรือกำลังเครื่องยนต์สูงสุดไม่ต่ำกว่า 75 กิโลวัตต์ แบบ 4 ล้อ', '982,000.-', '---.pdf', 6, 83, 3, '2020-09-15', '2020-09-15', 2),
(802, '953446', 'สว่านชนิดเจาะคอนกรีตแบบโรตารี่ ขนาด 24 มม.', '9,000.-', '---.pdf', 10, 56, 3, '2020-09-15', '2020-09-15', 2),
(803, '540116', ' เครื่องปรับอากาศแบบแยกส่วน ชนิดตั้งพื้นหรือแบบแขวน ขนาด 18,000 บีทียูต่อชั่วโมง', '28,600.-', '---.pdf', 4, 4, 3, '2020-09-15', '2020-09-15', 2),
(804, '640242', 'เครื่องกำเนิดไฟฟ้า ขนาด 10 กิโลวัตต์', '150,000.-', '---.pdf', 5, 5, 3, '2020-09-15', '2020-09-15', 2),
(805, '580865', 'เครื่องประจุแบตเตอรี่', '15,000.-', '---.pdf', 5, 5, 3, '2020-09-15', '2020-09-15', 2),
(806, '883600', 'รถขุดตีนตะขาบแบบแขนยาว ขนาดไม่น้อยกว่า 150 แรงม้า', '5,900,000.-', '---.pdf', 8, 8, 3, '2020-09-15', '2023-03-21', 1),
(807, '775403', 'รถตักหน้าขุดหลัง ชนิดขับเคลื่อน 4 ล้อ', '3,300,000.-', '---.pdf', 8, 8, 3, '2020-09-15', '2020-09-15', 2),
(808, '226218', 'เรือเครื่องติดท้าย 2 ตอน ทำด้วยไฟเบอร์กลาส จุคนโดยสารได้ไม่ต่ำกว่า 4 คน\r\n(2 Row of Seat Boat)', '270,000.-', '---.pdf', 6, 50, 3, '2020-09-15', '2020-09-15', 2),
(809, '504882', 'หลังคาไฟเบอร์กลาส', '32,400.-', '---.pdf', 6, 51, 3, '2020-09-15', '2020-09-15', 2),
(810, '845755', 'รถโดยสาร ขนาด 12 ที่นั่ง (ดีเซล) ปริมาตรกระบอกสูบไม่ต่ำกว่า 2,400 ซีซี หรือกำลังเครื่องยนต์สูงสุดไม่ต่ำกว่า 90 กิโลวัตต์', '1,364,000.-', '---.pdf', 6, 83, 3, '2020-09-15', '2020-09-15', 2),
(811, '814130', 'รถบรรทุก (ดีเซล) ขนาด 1 ตัน ปริมาตรกระบอกสูบไม่ต่ำกว่า 2,400 ซีซี หรือกำลังเครื่องยนต์สูงสุดไม่ต่ำกว่า 110 กิโลวัตต์ ขับเคลื่อน ', '1,025,000.-', '---.pdf', 6, 83, 3, '2020-09-15', '2020-09-15', 2),
(812, '533386', 'รถบรรทุก (ดีเซล) ขนาด 4 ตัน 6 ล้อ ปริมาตรกระบอกสูบไม่ต่ำกว่า 4,000 ซีซี หรือกำลังเครื่องยนต์สูงสุดไม่ต่ำกว่า 105 กิโลวัตต์', '1,375,000.-', '---.pdf', 6, 83, 3, '2020-09-15', '2020-09-15', 2),
(813, '124541', 'รถบรรทุก (ดีเซล) ขนาด 6 ตัน 6 ล้อ ปริมาตรกระบอกสูบไม่ต่ำกว่า 6,000 ซีซี หรือกำลังเครื่องยนต์สูงสุดไม่ต่ำกว่า 170 กิโลวัตต์ แบบกร', '1,980,000.-', '---.pdf', 6, 83, 3, '2020-09-15', '2020-09-15', 2),
(814, '722547', 'รถบรรทุก (ดีเซล) ขนาด 6 ตัน 6 ล้อ ปริมาตรกระบอกสูบไม่ต่ำกว่า 6,000 ซีซี หรือกำลังเครื่องยนต์สูงสุดไม่ต่ำกว่า 170 กิโลวัตต์ แบบกร', '1,920,000.-', '---.pdf', 6, 83, 3, '2020-09-15', '2020-09-15', 2),
(815, '439112', 'รถบรรทุก (ดีเซล) ขนาด 6 ตัน 6 ล้อ ปริมาตรกระบอกสูบไม่ต่ำกว่า 6,000 ซีซี หรือกำลังเครื่องยนต์สูงสุดไม่ต่ำกว่า 170 กิโลวัตต์ แบบบร', '2,5000,000.-', '---.pdf', 6, 83, 3, '2020-09-15', '2020-09-15', 2),
(816, '827919', 'รถบรรทุกกระบะเหล็ก ขนาด 6 ตัน 6 ล้อ ติดตั้งปั่นจั่นหรือเครน (Crane) 3 ตัน', '2,600,000.-', '---.pdf', 6, 83, 3, '2020-09-15', '2020-09-15', 2),
(817, '922259', 'รถยนต์ตรวจการณ์ ปริมาตรกระบอกสูบไม่ต่ำกว่า 2,000 ซีซี หรือกำลังเครื่องยนต์สูงสุดไม่ต่ำกว่า 110 กิโลวัตต์ เครื่องยนต์ดีเซล แบบขับ', '1,359,000.-', '---.pdf', 6, 83, 3, '2020-09-15', '2020-09-15', 2),
(818, '227541', 'รถยนต์ตรวจการณ์ ปริมาตรกระบอกสูบไม่ต่ำกว่า 2,000 ซีซี หรือกำลังเครื่องยนต์สูงสุดไม่ต่ำกว่า 110 กิโลวัตต์ เครื่องยนต์ดีเซล แบบขับ', '1,570,000.-', '---.pdf', 6, 83, 3, '2020-09-15', '2020-09-15', 2),
(819, '970928', 'เครื่องอัดลมขับด้วยมอเตอร์ไฟฟ้า ขนาด 8 ลบ.ฟุตต่อนาที', '55,000.-', '---.pdf', 8, 8, 3, '2020-09-15', '2020-09-15', 2),
(820, '472016', 'จานรับสัญญาณดาวเทียม ชนิดจานโปร่ง ขนาดไม่น้อยกว่า 150 ซ.ม. และต่อเข้ากับทีวีได้ไม่น้อยกว่า 4 เครื่อง', '9,150.-', '---.pdf', 2, 35, 1, '2020-09-17', '2020-09-17', 1),
(821, '247297', 'จานรับสัญญาณดาวเทียม ชนิดจานโปร่ง ขนาดไม่น้อยกว่า 150 ซ.ม. และต่อเข้ากับทีวีได้ไม่น้อยกว่า 3 เครื่อง', '7,200.-', '---.pdf', 2, 35, 1, '2020-09-17', '2020-09-17', 1),
(822, '620439', 'ชุดไมโครโฟนห้องประชุม สำหรับผู้เข้าร่วมประชุมรวม 11 ท่าน', '45,000.-', '---.pdf', 2, 37, 1, '2020-09-17', '2020-09-17', 2),
(823, '460304', 'ชุดไมโครโฟนห้องประชุม สำหรับผู้เข้าร่วมประชุมรวม 15 ท่าน', '60,000.-', '---.pdf', 2, 37, 1, '2020-09-17', '2020-09-17', 2),
(824, '340204', 'โต๊ะประชุมขนาด 20 ที่นั่ง', '160,215.-', '---.pdf', 3, 3, 2, '2020-10-14', '2023-05-23', 1),
(825, '220110', 'โต๊ะประชุมขนาด 10 ที่นั่ง', '87,455.-', '---.pdf', 3, 3, 2, '2020-10-14', '2023-05-23', 1),
(826, '879935', 'รถขุดตีนตะขาบ  ขนาด 120 แรงม้า', '4,000,000.-', '---.pdf', 8, 8, 3, '2020-10-30', '2023-03-21', 1),
(827, '939349', 'รถขุตตีนตะขาบ ขนาด 150 แรงม้า', '4,733,000.-', '---.pdf', 8, 8, 3, '2020-10-30', '2023-03-21', 1),
(828, '156940', 'รถขุดตีนตะขาบ ขนาด 200 แรงม้า', '7,200,000.-', '---.pdf', 8, 8, 3, '2020-10-30', '2023-03-21', 1),
(829, '566652', 'รถบดล้อเหล็ก ขนาด 10 ตัน', '3,230,000.-', '---.pdf', 8, 8, 3, '2020-10-30', '2021-11-17', 1),
(830, '462442', 'รถขุดตีนตะขาบแบบแขนยาว ขนาดไม่น้อยกว่า 120 แรงม้า', '5,600,000.-', '---.pdf', 8, 8, 3, '2020-10-30', '2023-03-21', 1),
(831, '512255', 'รถตักหน้าขุดหลัง ชนิดขับเคลื่อน 4 ล้อ', '3,520,000.-', '---.pdf', 8, 8, 3, '2020-10-30', '2021-11-17', 1),
(832, '173949', 'เครื่องอัดลมขับด้วยมอเตอร์ไฟฟ้า ขนาด 8 ลบ.ฟุตต่อนาที', '55,000.-', '---.pdf', 8, 8, 3, '2020-10-30', '2020-10-30', 1),
(833, '132979', 'รถยนต์ตรวจการณ์ ปริมาตรกระบอกสูบไม่ต่ำกว่า 2,000 ซีซี หรือกำลังเครื่องยนต์สูงสุดไม่ต่ำกว่า 110 กิโลวัตต์ เครื่องยนต์ดีเซล แบบขับ', '1,359,000.-', '---.pdf', 6, 83, 3, '2020-10-30', '2020-10-30', 2),
(834, '943049', 'รถยนต์ตรวจการณ์ ปริมาตรกระบอกสูบไม่ต่ำกว่า 2,000 ซีซี หรือกำลังเครื่องยนต์สูงสุดไม่ต่ำกว่า 110 กิโลวัตต์ เครื่องยนต์ดีเซล แบบขับ', '', '---.pdf', 6, 83, 3, '2020-10-30', '2021-03-09', 2),
(835, '616308', 'เครื่องกำเนิดไฟฟ้า ขนาด 5 กิโลวัตต์', '58,500.-', '---.pdf', 5, 88, 3, '2020-10-30', '2022-01-26', 1),
(836, '152392', 'เครื่องกำเนิดไฟฟ้า ขนาด 10 กิโลวัตต์', '174,000.-', '---.pdf', 5, 88, 3, '2020-10-30', '2023-01-04', 1),
(837, '613038', 'เครื่องกำเนิดไฟฟ้า ขนาด 120 กิโลวัตต์', '870,000.-', '---.pdf', 5, 88, 3, '2020-10-30', '2020-10-30', 2),
(838, '708017', 'เครื่องประจุแบตเตอรี่', '15,000.-', '---.pdf', 5, 88, 3, '2020-10-30', '2020-10-30', 2),
(839, '700968', 'เครื่องปรับอากาศ แบบแยกส่วน แบบตั้งพื้นหรือแบบแขวน ขนาด 18,000 BTU', '28,600.-', '---.pdf', 4, 4, 3, '2020-10-30', '2024-12-25', 1),
(840, '380790', 'เครื่องสูบน้ำชนิดหอยโข่งขับเคลื่อนด้วยเครื่องยนต์ดีเซลขนาด 40 แรงม้า อัตราการสูบน้ำ สูบน้ำได้ 500 ลูกบาศก์เมตรต่อชั่วโมง ที่ระยะ', '650,000.-', '---.pdf', 7, 52, 3, '2020-10-30', '2020-10-30', 2),
(841, '601048', 'เครื่องสูบน้ำชนิดหอยโข่งขับเคลื่อนด้วยเครื่องยนต์ดีเซล อัตราการสูบน้ำ 4,000 ลิตรต่อนาที', '450,000.-', '---.pdf', 7, 52, 3, '2020-10-30', '2020-10-30', 1),
(842, '862871', 'เครื่องสูบน้ำชนิดหอยโข่งขับเคลื่อนด้วยเครื่องยนต์เบนซิน อัตราการสูบน้ำ 1,100 ลิตรต่อนาที', '15,000.-', '---.pdf', 7, 52, 3, '2020-10-30', '2020-10-30', 2),
(843, '611210', 'เครื่องสูบน้ำชนิดหอยโข่งแบบขับด้วยเครื่องยนต์ดีเซล อัตราการสูบน้ำ 1,800 ลิตรต่อนาที ระยะยกน้ำ 10 เมตร', '110,000.-', '---.pdf', 7, 52, 3, '2020-10-30', '2020-11-24', 2),
(844, '367440', 'เครื่องสูบน้ำ แบบหอยโข่ง มอเตอร์ไฟฟ้า สูบน้ำได้ 450 ลิตรต่อนาที', '11,000.-', '---.pdf', 7, 52, 3, '2020-10-30', '2020-10-30', 2),
(845, '803569', 'เครื่องตัดหญ้าไหล่ทาง (สำหรับรถฟาร์มขนาดไม่น้อยกว่า 70 แรงม้า', '750,000.-', '---.pdf', 7, 53, 3, '2020-10-30', '2020-10-30', 1),
(846, '115524', 'ผานบุกเบิก (สำหรับรถฟาร์มแทรกเตอร์ ขนาดไม่น้อยกว่า 85 แรงม้า)', '71,000.-', '---.pdf', 7, 53, 3, '2020-10-30', '2020-10-30', 1),
(847, '766914', 'ใบมีดดันหน้า (สำหรับรถฟาร์มแทรกเตอร์ ขนาดไม่น้อยกว่า 85 แรงม้า)', '77,000.-', '---.pdf', 7, 53, 3, '2020-10-30', '2020-10-30', 1),
(848, '688000', 'รถฟาร์มแทรกเตอร์ ชนิดขับเคลื่อน 4 ล้อ ขนาด 85 แรงมม้า', '1,287,000.-', '---.pdf', 7, 53, 3, '2020-10-30', '2023-01-04', 1),
(849, '139259', 'เครื่องตัดหญ้า แบบข้อแข็ง', '9,500.-', '---.pdf', 9, 54, 3, '2020-10-30', '2020-10-30', 1),
(850, '332295', 'เครื่องตัดหญ้า แบบข้ออ่อน', '10,600.-', '---.pdf', 9, 54, 3, '2020-10-30', '2021-12-16', 1),
(851, '243698', 'เครื่องตัดหญ้า แบบเข็น', '13,800.-', '---.pdf', 9, 54, 3, '2020-10-30', '2021-12-16', 1),
(852, '121608', 'เครื่องตัดหญ้า แบบล้อจักรยาน', '12,000.-', '---.pdf', 9, 54, 3, '2020-10-30', '2020-10-30', 1),
(853, '676944', 'รถจักรยานยนต์ ขนาด 110 ซีซี แบบเกียร์ธรรมดา', '44,000.-', '---.pdf', 6, 83, 3, '2020-10-30', '2024-12-25', 1),
(854, '219896', 'รถจักรยานยนต์ ขนาด 110 ซีซี แบบเกียร์อัตโนมัติ', '52,000.-', '---.pdf', 6, 83, 3, '2020-10-30', '2024-12-25', 1),
(855, '768648', 'รถจักรยานยนต์ ขนาด 120 ซีซี', '60,100.-', '---.pdf', 6, 83, 3, '2020-10-30', '2024-12-25', 1),
(856, '383555', 'รถบรรทุก(ดีเซล) ขนาด 1 ตัน ปริมาตรกระบอกสูบไม่ต่ำกว่า 2,400 ซีซี หรือกำลังเครื่องยนต์สูงสุดไม่ต่ำกว่า 110 กิโลวัตต์ ขับเคลื่อน 4', '829,000.-', '---.pdf', 6, 83, 3, '2020-10-30', '2021-11-05', 2),
(857, '411830', 'รถบรรทุก(ดีเซล) ขนาด 1 ตัน ปริมาตรกระบอกสูบไม่ต่ำกว่า 2,400 ซีซี หรือกำลังเครื่องยนต์สูงสุดไม่ต่ำกว่า 110 กิโลวัตต์ ขับเคลื่อน 2', '854,000.-', '---.pdf', 6, 83, 3, '2020-10-30', '2021-11-05', 2),
(858, '808486', 'รถบบรทุก(ดีเซล) ขนาด 1 ตัน ปริมาตรกระบอกสูบไม่ต่ำกว่า 2,400 ซีซี หรือกำลังเครื่องยนต์สูงสุดไม่ต่ำกว่า 110 กิโลวัตต์ ขับเคลื่อน 2', '715,000.-', '---.pdf', 6, 83, 3, '2020-10-30', '2020-10-30', 2),
(859, '906940', 'รถบบรทุก(ดีเซล) ขนาด 2 ตัน ปริมาตรกระบอกสูบไม่ต่ำกว่า 2,700 ซีซี หรือกำลังเครื่องยนต์สูงสุดไม่ต่ำกว่า 75 กิโลวัตต์ แบบ 4 ล้อ', '1,160,000.-', '---.pdf', 6, 83, 3, '2020-10-30', '2024-12-25', 1),
(860, '209241', 'เรือเครื่องติดท้าย 2 ตอน ทำด้วยไฟเยอร์กลาส จุคนโดยสารได้ไม่ต่ำกว่า 4 คน (2 Row of Seat Boat)', '270,000.-', '---.pdf', 6, 50, 3, '2020-10-30', '2020-10-30', 2),
(861, '925388', 'หลังคารถบรรทุก ขนาด 1 ตัน หลังคาไฟเบอร์กลาสหรือเหล็ก', '35,900.-', '---.pdf', 6, 83, 3, '2020-10-30', '2021-12-16', 1),
(862, '299219', 'รถยกของ (Forklift) ขนาดการยกน้ำหนัก 3 ตัน', '900,000.-', '---.pdf', 6, 83, 3, '2020-10-30', '2020-11-05', 2),
(863, '419928', 'รถโดยสาร ขนาด 12 ที่นั้ง (ดีเซล) ปริมาตรกระบอกสูบไม่ต่ำกว่า 2,400 ซีซี หรือกำลังเครื่องยนต์สูงสุดไม่ต่ำกว่า 90 กิโลวัตต์', '1,364,000.-', '---.pdf', 6, 83, 3, '2020-10-30', '2020-10-30', 2),
(864, '201985', 'รถบบรทุก(ดีเซล) ขนาด 1 ตัน ปริมาตรกระบอกสูบไม่ต่ำกว่า 2,400 ซีซี หรือกำลังเครื่องยนต์สูงสุดไม่ต่ำกว่า 110 กิโลวัตต์ ขับเคลื่อน 4', '1,025,000.-', '---.pdf', 6, 83, 3, '2020-10-30', '2020-10-30', 2),
(865, '550143', 'รถบรรทุก (ดีเซล) ขนาด 4 ตัน 6 ล้อ ปริมาตรกระบอกสูบไม่ต่ำกว่า 4,000 ซีซี หรือกำลังเครื่องยนต์สูงสุด ไม่ต่ำกว่า 105 กิโลวัตต์', '1,405,000.-', '---.pdf', 6, 83, 3, '2020-10-30', '2021-12-16', 1),
(866, '244761', 'รถบรรทุก (ดีเซล) ขนาด 6 ตัน 6 ล้อ ปริมาตรกระบอกสูบไม่ต่ำกว่า 6,000 ซีซี หรือกำลังเครื่องยนต์สูงสุดไม่่ต่ำกว่า 170 กิโลวัตต์ แบบก', '2,386,000.-', '---.pdf', 6, 83, 3, '2020-10-30', '2024-12-25', 1),
(867, '373376', 'รถบรรทุก (ดีเซล) ขนาด 6 ตัน 6 ล้อ ปริมาตรกระบอกสูบไม่ต่ำกว่า 6,000 ซีซี หรือกำลังเครื่องยนต์สูงสุดไม่่ต่ำกว่า 170 กิโลวัตต์ แบบก', '2,190,000.-', '---.pdf', 6, 83, 3, '2020-10-30', '2024-01-12', 1),
(868, '132599', 'รถบรรทุก (ดีเซล) ขนาด 6 ตัน 6 ล้อ ปริมาตรกระบอกสูบไม่ต่ำกว่า 6,000 ซีซี หรือกำลังเครื่องยนต์สูงสุดไม่่ต่ำกว่า 170 กิโลวัตต์ แบบบ', '2,702,000.-', '---.pdf', 6, 83, 3, '2020-10-30', '2024-12-25', 1),
(869, '342866', 'รถบรรทุกกระบะเหล็ก ขนาด 6 ตัน 6 ล้อ ติดตั้งปั้นจั่นหรือเครน (crane) 3 ตัน', '2,600,000.-', '---.pdf', 6, 83, 3, '2020-10-30', '2024-07-15', 1),
(870, '316535', 'สว่านชนิดเจาะคอนกรีตแบบโรตารี่ ขนาด 24 มม.', '9,000.-', '---.pdf', 10, 56, 3, '2020-10-30', '2020-10-30', 1),
(871, '454076', 'จานรับสัญญาณดาวเทียม ชนิดจานทึบ ขนาดไม่น้อยกว่า 60 ซ.ม. และต่อเข้ากับทีวีได้ไม่น้อยกว่า 1 เครื่อง', '3,300 .-', '---.pdf', 2, 35, 1, '2020-11-03', '2020-11-03', 1),
(872, '320778', 'จานรับสัญญาณดาวเทียม ชนิดจานทึบ ขนาดไม่น้อยกว่า 60 ซ.ม. และต่อเข้ากับทีวีได้ไม่น้อยกว่า 2 เครื่อง', '5,600 .-', '---.pdf', 2, 35, 1, '2020-11-03', '2020-11-03', 1),
(873, '141661', 'จานรับสัญญาณดาวเทียม ชนิดจานทึบ ขนาดไม่น้อยกว่า 60 ซ.ม. และต่อเข้ากับทีวีได้ไม่น้อยกว่า 3 เครื่อง', '7,880 .-', '---.pdf', 2, 35, 1, '2020-11-03', '2020-11-03', 1),
(874, '545972', 'จานรับสัญญาณดาวเทียม ชนิดจานทึบ ขนาดไม่น้อยกว่า 60 ซ.ม. และต่อเข้ากับทีวีได้ไม่น้อยกว่า 4 เครื่อง', '10,150 .-', '---.pdf', 2, 35, 1, '2020-11-03', '2020-11-03', 1),
(875, '404877', 'เครื่องแต่งความหนาชิ้นทดสอบผลิตภัณฑ์ยาง', '1,267,660.-', '---.pdf', 13, 13, 6, '2020-11-06', '2020-11-06', 1),
(876, '286471', 'ชุดทดสอบกำลังของดิน Triaxial', '3,316,660.-', '---.pdf', 13, 13, 6, '2020-11-06', '2020-11-06', 1),
(877, '117721', 'เครื่องทดสอบแรงดึงขนาด 5 ตัน', '1,957,700.-', '---.pdf', 13, 13, 6, '2020-11-06', '2020-11-06', 1),
(878, '529196', 'รถผสมคอนกรีต ขนาด 6 คิว (10 ล้อ)', '4,000,000', '---.pdf', 8, 8, 3, '2020-11-11', '2021-11-05', 1),
(879, '392818', 'รถปั้นจั่น ล้อยาง ขนาด 50 ตัน (All Terrain Crane)', '', '---.pdf', 6, 83, 3, '2020-11-11', '2020-11-11', 1),
(880, '276503', 'เรือกำจัดวัชพืช ชนิดแบ็คโฮว์ลงโป๊ะ', '', '---.pdf', 8, 89, 3, '2020-11-24', '2021-03-09', 2),
(881, '104059', 'โดรนเพื่อการเกษตร', '', '---.pdf', 7, 90, 3, '2021-01-11', '2021-01-11', 3),
(882, '490789', 'โดรนเพื่อการเกษตร', '320,000', '---.pdf', 13, 91, 6, '2021-01-11', '2021-01-11', 1),
(883, '241769', 'เรือเก็บตัวอย่างตะกอนและคุณภาพน้ำ', '', '---.pdf', 6, 92, 3, '2021-02-16', '2021-02-16', 2),
(884, '536480', 'ชุดไมโครโฟนห้องประชุมสำหรับชุดประชุมทางไกล ขนาดผู้เข้าร่วมประชุมรวม 15 ท่าน', '387,900.-', '---.pdf', 2, 37, 1, '2021-02-23', '2021-03-01', 1),
(885, '957090', 'ชุดไมโครโฟนห้องประชุมสำหรับชุดประชุมทางไกล ขนาดผู้เข้าร่วมประชุมรวม 21 ท่าน', '510,300.-', '---.pdf', 2, 37, 1, '2021-02-23', '2021-03-01', 1),
(886, '376011', 'ชุดเครื่องเสียงสำหรับประชุมทางไกล แบบที่ 1 ', '50,100.-', '---.pdf', 2, 37, 1, '2021-02-23', '2021-02-23', 1),
(887, '708785', 'ชุดไมโครโฟนห้องประชุมสำหรับชุดประชุมทางไกล ขนาดผู้เข้าร่วมประชุมรวม 9 ท่าน', '265,500.-', '---.pdf', 2, 37, 1, '2021-03-01', '2021-03-01', 1),
(888, '515894', 'ชุดไมโครโฟนห้องประชุมสำหรับชุดประชุมทางไกล ขนาดผู้เข้าร่วมประชุมรวม 25 ท่าน', '591,900.-', '---.pdf', 2, 37, 1, '2021-03-01', '2021-03-01', 1),
(889, '353113', 'ชุดเก็บตัวอย่างตะกอนดินใต้ท้องน้ำ ชนิดไม่รบกวนโครงสร้าง', '431,000.-', '---.pdf', 12, 93, 5, '2021-03-08', '2021-03-08', 1),
(890, '117885', 'ตู้อบลมร้อนสมุนไพร', '330,333.-', '---.pdf', 13, 94, 6, '2021-03-12', '2021-03-12', 1),
(891, '330088', 'ตู้นึ่งขวดแก้ว', '186,666.-', '---.pdf', 13, 13, 6, '2021-03-12', '2021-03-12', 1),
(892, '296783', 'ตู้ควบคุมอุณหภูมิ ขนาดไม่น้อยกว่า 680 ลิตร', '38,533.-', '---.pdf', 13, 13, 6, '2021-03-12', '2021-03-12', 1),
(893, '393653', 'เครื่องชั่งอิเล็กทรนิกส์ ชนิด 1,200 กรัม ความละเอียด 0.01 กรัม', '23,313.-', '---.pdf', 13, 95, 6, '2021-03-12', '2021-03-12', 1),
(894, '977918', 'เครื่องชั่งอิเล็กทรอนิกส์ ชนิด 150 กิโลกรัม', '22,883.-', '---.pdf', 13, 95, 6, '2021-03-12', '2021-03-12', 1),
(895, '908629', 'เครื่องหั่นสมุนไพร', '323,800.-', '---.pdf', 13, 13, 6, '2021-03-12', '2021-03-12', 1),
(896, '609391', 'เครื่องบดย่อย', '186,666.-', '---.pdf', 13, 13, 6, '2021-03-12', '2021-03-12', 1),
(897, '221072', 'เครื่องบดละเอียด', '339,666.-', '---.pdf', 13, 13, 6, '2021-03-12', '2021-03-12', 1),
(898, '977184', 'เครื่องล้างสมุนไพร', '489,333.-', '---.pdf', 13, 95, 6, '2021-03-12', '2021-03-12', 1),
(899, '522707', 'เครื่องหาปริมาณความชื้น', '92,166.-', '---.pdf', 13, 13, 6, '2021-03-12', '2021-03-12', 1),
(900, '481983', 'เครื่องกรองน้ำระบบ Reverse Osmosis (OR)', '31,166.-', '---.pdf', 13, 97, 6, '2021-03-12', '2021-03-12', 1),
(901, '741796', 'เครื่องวัดความเค็มอัตโนมัติ แบบติดตั้ง สำหรับใช้งานระบบโทรมาตร', '230,000.-', '---.pdf', 12, 93, 5, '2021-03-30', '2021-03-30', 1),
(902, '363032', 'ตู้ตรวจเช็คและฆ่าเชื้อโคโรนาไวรัส', '', '---.pdf', 13, 98, 6, '2021-05-21', '2021-05-21', 1),
(903, '389772', 'ชุดไมโครโฟนห้องประชุม แบบใช้งานทั่วไป ขนาด ชุด 9 ตัว', '46,000.-', '---.pdf', 2, 37, 1, '2021-06-10', '2021-06-22', 1),
(904, '759766', 'ชุดไมโครโฟนห้องประชุม แบบใช้งานทั่วไป ขนาด ชุด 11 ตัว', '53,400.-', '---.pdf', 2, 37, 1, '2021-06-10', '2021-06-22', 1),
(905, '729514', 'ชุดไมโครโฟนห้องประชุม แบบใช้งานทั่วไป ขนาด ชุด 15 ตัว', '68,250.-', '---.pdf', 2, 37, 1, '2021-06-10', '2021-06-22', 1),
(906, '368271', 'เครื่องซีลขวด', '97,700.-', '---.pdf', 13, 13, 6, '2021-06-22', '2021-06-22', 1),
(907, '452815', 'เครื่องวัดความหนืด', '137,360.-', '---.pdf', 13, 13, 6, '2021-06-22', '2021-06-22', 1),
(908, '159264', 'กล้องจุลทรรศน์ชนิดหัวกลับ (Inverted Microscope) พร้อมชุดถ่ายภาพดิจิทัลและประมวลผล', '490,500.-', '---.pdf', 13, 98, 6, '2021-06-22', '2021-06-22', 1),
(909, '237873', 'เครื่องมือวัดค่าคุณภาพน้ำ แบบหัวรวม', '2,400,000.-', '---.pdf', 13, 13, 6, '2021-07-29', '2021-08-01', 1),
(910, '611572', ' หัววัดแรงดันน้ำ พร้อมสายสัญญาณชนิดวัดแรงดันน้ำปกติระหว่าง 0-10 เมตรของน้ำ', '', '---.pdf', 12, 58, 5, '2021-09-13', '2021-09-13', 3),
(911, '444244', 'หัววัดแรงดันน้ำ พร้อมสายสัญญาณชนิดวัดแรงดันน้ำปกติระหว่าง 0-25 เมตรของน้ำ', '', '---.pdf', 12, 58, 5, '2021-09-13', '2021-09-13', 3),
(912, '286504', 'หัววัดแรงดันน้ำ พร้อมสายสัญญาณชนิดวัดแรงดันน้ำปกติระหว่าง 0-50 เมตรของน้ำ', '', '---.pdf', 12, 58, 5, '2021-09-13', '2021-09-13', 3),
(913, '899788', 'หัววัดแรงดันน้ำ พร้อมสายสัญญาณชนิดวัดแรงดันน้ำปกติระหว่าง 0-75 เมตรของน้ำ', '', '---.pdf', 12, 58, 5, '2021-09-13', '2021-09-13', 3),
(914, '839428', 'หัววัดแรงดันน้ำ พร้อมสายสัญญาณชนิดวัดแรงดันน้ำปกติระหว่าง 0-100 เมตรของน้ำ\r\n', '', '---.pdf', 12, 58, 5, '2021-09-13', '2021-09-13', 3),
(915, '497776', 'อุปกรณ์อ่านค่าแรงดันน้ำ (Readout Unit หรือ Data Logger)\r\n', '', '---.pdf', 12, 58, 5, '2021-09-13', '2021-09-13', 3),
(916, '770596', ' หัววัดแรงดันน้ำ พร้อมสายสัญญาณชนิดวัดแรงดันน้ำปกติระหว่าง 0-10 เมตรของน้ำ', '- หัววัด 55,000 ', '---.pdf', 12, 57, 5, '2021-09-13', '2021-12-17', 1),
(917, '459652', 'หัววัดแรงดันน้ำ พร้อมสายสัญญาณชนิดวัดแรงดันน้ำปกติระหว่าง 0-25 เมตรของน้ำ\r\n', '- หัววัด 55,000 ', '---.pdf', 12, 57, 5, '2021-09-13', '2021-12-17', 1),
(918, '786474', 'หัววัดแรงดันน้ำ พร้อมสายสัญญาณชนิดวัดแรงดันน้ำปกติระหว่าง 0-50 เมตรของน้ำ\r\n', '- หัววัด 55,000 ', '---.pdf', 12, 57, 5, '2021-09-13', '2021-12-17', 1),
(919, '653416', 'หัววัดแรงดันน้ำ พร้อมสายสัญญาณชนิดวัดแรงดันน้ำปกติระหว่าง 0-75 เมตรของน้ำ\r\n', '- หัววัด 55,000 ', '---.pdf', 12, 57, 5, '2021-09-13', '2021-12-17', 1),
(920, '807656', 'หัววัดแรงดันน้ำ พร้อมสายสัญญาณชนิดวัดแรงดันน้ำปกติระหว่าง 0-100 เมตรของน้ำ\r\n', '- หัววัด 55,000 ', '---.pdf', 12, 57, 5, '2021-09-13', '2021-12-17', 1),
(921, '178032', 'อุปกรณ์อ่านค่าแรงดันน้ำ (Readout Unit หรือ Data Logger)', '315,000', '---.pdf', 12, 57, 5, '2021-09-13', '2021-12-17', 1),
(922, '167192', ' ชุดท่อของบ่อสังเกตการณ์ระดับน้ำใต้ดิน (Observation Well) สำหรับบ่อสังเกตการณ์ระดับน้ำใต้ดิน (Observation Well)\r\n', ' - L≤10m.  52,50', '---.pdf', 12, 57, 5, '2021-09-13', '2021-12-17', 1),
(923, '201863', 'อุปกรณ์อ่านค่าระดับน้ำ (Water Level Indicator หรือ Dip Meter) แบบสายเทปบอกตัวเลขความยาว 30 เมตร สำหรับบ่อสังเกตการณ์ระดับน้ำใต้ด', '67,000', '---.pdf', 12, 57, 5, '2021-09-13', '2021-12-17', 1),
(924, '407743', 'อุปกรณ์อ่านค่าระดับน้ำ (Water Level Indicator หรือ Dip Meter) แบบสายเทปบอกตัวเลขความยาวไม่น้อยกว่า 50 เมตร สำหรับบ่อสังเกตการณ์ร', '87,500', '---.pdf', 12, 57, 5, '2021-09-13', '2021-12-17', 1),
(925, '433126', 'หัววัดแรงดันน้ำ (Pore Water Pressure Transducer) พร้อมสายสัญญาณ สำหรับอุปกรณ์อ่านค่าระดับน้ำของบ่อสังเกตการณ์ระดับน้ำใต้ดิน (Obs', ' - หัววัด 55,000', '---.pdf', 12, 57, 5, '2021-09-13', '2021-12-17', 1),
(926, '842403', 'หัววัดแรงดันน้ำ (Pore Water Pressure Transducer) พร้อมสายสัญญาณ สำหรับอุปกรณ์อ่านค่าระดับน้ำของบ่อสังเกตการณ์ระดับน้ำใต้ดิน (Obs', ' - หัววัด 55,000', '---.pdf', 12, 57, 5, '2021-09-13', '2021-12-17', 1),
(927, '112637', 'แผ่นสลายพลังงาน แผ่นวัดระดับน้ำ และฝายวัดน้ำ สำหรับเครื่องมือวัดอัตราการไหลของน้ำผ่านตัวเขื่อน (Seepage Flow Meter)\r\n', ' - Stitting plae', '---.pdf', 12, 57, 5, '2021-09-13', '2021-12-17', 1),
(928, '635976', 'หัววัดแรงดันน้ำ (Pore Water Pressure Transducer) พร้อมสายสัญญาณ สำหรับเครื่องมือวัดอัตราการไหลของน้ำผ่านตัวเขื่อน (Seepage Flow ', '106,000/ชุด', '---.pdf', 12, 57, 5, '2021-09-13', '2021-12-17', 1),
(929, '941970', 'หัววัดแรงดันน้ำ (Pore Water Pressure Transducer) พร้อมสายสัญญาณ สำหรับเครื่องมือวัดระดับน้ำในอ่างเก็บน้ำ (Reservoir Water Level)', ' - หัววัด 66,000', '---.pdf', 12, 57, 5, '2021-09-13', '2021-12-17', 1),
(930, '901921', 'หัววัดแรงดันน้ำ (Pore Water Pressure Transducer) พร้อมสายสัญญาณ สำหรับเครื่องมือวัดระดับน้ำในอ่างเก็บน้ำ (Reservoir Water Level)', ' - หัววัด 66,000', '---.pdf', 12, 57, 5, '2021-09-13', '2021-12-17', 1),
(931, '683698', 'หัววัดแรงดันน้ำ (Pore Water Pressure Transducer) พร้อมสายสัญญาณ สำหรับเครื่องมือวัดระดับน้ำในอ่างเก็บน้ำ (Reservoir Water Level)', ' - หัววัด 66,000', '---.pdf', 12, 57, 5, '2021-09-13', '2021-12-17', 1),
(932, '612725', 'หัววัดแรงดันน้ำ (Pore Water Pressure Transducer) พร้อมสายสัญญาณ สำหรับเครื่องมือวัดระดับน้ำในอ่างเก็บน้ำ (Reservoir Water Level)', ' - หัววัด 66,000', '---.pdf', 12, 57, 5, '2021-09-13', '2021-12-17', 1),
(933, '912534', 'หัววัดแรงดันน้ำ (Pore Water Pressure Transducer) พร้อมสายสัญญาณ สำหรับเครื่องมือวัดระดับน้ำในอ่างเก็บน้ำ (Reservoir Water Level)', ' - หัววัด 66,000', '---.pdf', 12, 57, 5, '2021-09-13', '2021-12-17', 1),
(934, '824493', 'อาคาร Instrument House พร้อม Terminal Box แบบ Data Logger ภายใน พร้อมระบบอ่านค่าและส่งข้อมูงแบบอัตโนมัติ\r\n', 'Unit cost', '---.pdf', 12, 57, 5, '2021-09-13', '2021-12-17', 1),
(935, '384864', 'ชุดท่อวัดการเคลื่อนตัว (Access Tube) พร้อมส่วนประกอบ (Fitting) สำหรับเครื่องมือวัดการเคลื่อนตัวในแนวราบ (Inclinometer)\r\n', ' - ท่อ 5,300/เมต', '---.pdf', 12, 57, 5, '2021-09-13', '2021-12-17', 1),
(936, '250840', 'ชุดหัววัดการเครื่อนตัวในแนวราบ(Inclinometer Probe) พร้อมสายสัญญาณ 50 เมตร และระบบสื่อสารไร้สาย สำหรับเครื่องมือวัดการเคลื่อนตัวแ', '797,000', '---.pdf', 12, 57, 5, '2021-09-13', '2021-12-17', 1),
(937, '899611', 'ชุดหัววัดการเครื่อนตัวในแนวราบ(Inclinometer Probe) พร้อมสายสัญญาณ 100 เมตร และระบบสื่อสารไร้สาย สำหรับเครื่องมือวัดการเคลื่อนตัว', '907,500', '---.pdf', 12, 57, 5, '2021-09-13', '2021-12-17', 1),
(938, '945535', 'ชุดหัวทดสอบ (Dummy Probe) สำหรับเครื่องมือวัดการเคลื่อนตัวในแนวราบ (Inclinometer)\r\n', '72,000', '---.pdf', 12, 57, 5, '2021-09-13', '2021-12-17', 1),
(939, '128842', 'อุปกรณ์สอบเทียบค่า (Calibrating Frame) สำหรับเครื่องมือวัดการเคลื่อนตัวในแนวราบ (Inclinometer)\r\n', '50,750', '---.pdf', 12, 57, 5, '2021-09-13', '2021-12-17', 1),
(940, '407605', 'อุปกรณ์อ่านค่าการเคลื่อนตัวในแนวราบ (Inclinometer Readout Unit) แบบ Data Logger และระบบสื่อสารไร้สาย (Wireless) สำหรับเครื่องมือ', '144,500', '---.pdf', 12, 57, 5, '2021-09-13', '2021-12-17', 1),
(941, '651502', 'ชุดหัววัดการเคลื่อนตัวในแนวราบ (Inclinometer Probe) สำหรับความลึกไม่เกิน 80 เมตร เครื่องมือวัดการเคลื่อนตัวในแนวราบภายในตัวเขื่อ', '73,700/เมตร', '---.pdf', 12, 57, 5, '2021-09-13', '2021-12-17', 1),
(942, '134693', 'ชุดอุปกรณ์อ่านค่าการทรุดตัวภายในตัวเขื่อน (Magnetic Settlement Probe) พร้อมสายเทปวัดระยะ สำหรับเครื่องมือวัดการทรุดตัวภายในตัวเข', ' - L=30m.  63,00', '---.pdf', 12, 57, 5, '2021-09-13', '2021-12-17', 1),
(943, '418959', 'ชุดเครื่องมือวัดการทรุดตัวภายในตัวเขื่อน (Spider and Plate Magnetic Settlement Gauge) สำหรับเครื่องมือวัดการทรุดตัวภายในตัวเขื่อ', '6,800', '---.pdf', 12, 57, 5, '2021-09-13', '2021-12-17', 1),
(944, '690718', 'หมุดหลักฐานอ้างอิง (Reference Benchmark/Permanent Survey Monument)\r\n', '20,500', '---.pdf', 12, 57, 5, '2021-09-13', '2021-12-17', 1),
(945, '296712', 'หมุดวัดการทรุดตัว (Surface Settlement Point)\r\n', '6,250', '---.pdf', 12, 57, 5, '2021-09-13', '2021-12-17', 1),
(946, '211406', 'เครื่องวัดระดับน้ำอัตโนมัติแบบเรดาร์', '270,000.-', '---.pdf', 12, 64, 5, '2021-09-22', '2023-01-05', 2),
(947, '966898', 'ชุดเก็บตัวอย่างตะกอนดินใต้ท้องน้ำด้วยวิธีการสั่นด้วยคลื่นความถี่ประเภทใช้งานร่วมกับกว้าน เพื่อใช้บนเรือ', '955,000.-', '---.pdf', 12, 93, 5, '2021-10-01', '2021-10-01', 2),
(948, '500269', 'เครื่อง Switcher แบบ HDMI ขนาด 4 ช่องสัญญาณ สำหรับชุดประชุมทางไกล', '42,000.-', '---.pdf', 2, 37, 1, '2021-10-11', '2021-10-11', 2),
(949, '400652', 'ชุดอุปกรณ์ Live Streaming ขนาด 4 ช่องสัญญาณ', '110,000.-', '---.pdf', 2, 99, 1, '2021-10-18', '2021-11-23', 1),
(950, '402454', 'อุปกรณ์ GPRS Modem Router Wifi', '15,000.-', '---.pdf', 2, 99, 1, '2021-10-31', '2021-11-05', 1),
(951, '710316', 'test', '1234', '---.pdf', 2, 99, 1, '2021-11-01', '2021-11-01', 3),
(952, '444217', 'test', '', '---.pdf', 1, 1, 1, '2021-11-01', '2021-11-01', 3),
(953, '890138', 'รถบรรทุก (ดีเซล) ขนาด 1 ตัน ปริมาตรกระบอกสูบไม่ต่ำกว่า 2,400 ซีซี หรือกำลังเครื่องยนต์สูงสุดไม่ต่ำกว่า 110 กิโลวัตต์ ขับเคลื่อน ', '621,000.-', '---.pdf', 6, 83, 3, '2021-11-04', '2024-12-25', 1),
(954, '318039', 'รถบรรทุก (ดีเซล) ขนาด 1 ตัน ปริมาตรกระบอกสูบไม่ต่ำกว่า 2,400 ซีซี หรือกำลังเครื่องยนต์สูงสุดไม่ต่ำกว่า 110 กิโลวัตต์ ขับเคลื่อน ', 'ติดต่อสำนัก', '---.pdf', 6, 83, 3, '2021-11-05', '2022-03-11', 1),
(955, '619781', 'รถบรรทุก (ดีเซล) ขนาด 1 ตัน ปริมาตรกระบอกสูบไม่ต่ำกว่า 2,400 ซีซี หรือกำลังเครื่องยนต์สูงสุดไม่ต่ำกว่า 110 กิโลวัตต์ ขับเคลื่อน ', '777,000.-', '---.pdf', 6, 83, 3, '2021-11-05', '2024-12-25', 1),
(956, '244788', 'รถบรรทุก (ดีเซล) ขนาด 1 ตัน ปริมาตรกระบอกสูบไม่ต่ำกว่า 2,400 ซีซี หรือกำลังเครื่องยนต์สูงสุดไม่ต่ำกว่า 110 กิโลวัตต์ ขับเคลื่อน ', '975,000.-', '---.pdf', 6, 83, 3, '2021-11-05', '2024-12-25', 1),
(957, '164597', 'รถบรรทุก (ดีเซล) ขนาด 1 ตัน ปริมาตรกระบอกสูบไม่ต่ำกว่า 2,400 ซีซี หรือกำลังเครื่องยนต์สูงสุดไม่ต่ำกว่า 110 กิโลวัตต์ ขับเคลื่อน ', '935,000.-', '---.pdf', 6, 83, 3, '2021-11-05', '2024-12-25', 1),
(958, '888624', 'รถบรรทุก (ดีเซล) ขนาด 1 ตัน ปริมาตรกระบอกสูบไม่ต่ำกว่า 2,400 ซีซี หรือกำลังเครื่องยนต์สูงสุดไม่ต่ำกว่า 110 กิโลวัตต์ ขับเคลื่อน ', '1,172,000.-', '---.pdf', 6, 83, 3, '2021-11-05', '2024-12-25', 1),
(959, '249329', 'รถยนต์ตรวจการณ์ ปริมาตรกระบอกสูบไม่ต่ำกว่า 2,000 ซีซี หรือกำลังเครื่องยนต์ สูงสุดไม่ต่ำกว่า 110 กิโลวัตต์ เครื่องยนต์ดีเซล แบบขั', '1,480,000.-', '---.pdf', 6, 83, 3, '2021-11-05', '2024-12-25', 1),
(960, '280773', 'รถยนต์ตรวจการณ์ ปริมาตรกระบอกสูบไม่ต่ำกว่า 2,000 ซีซี หรือกำลังเครื่องยนต์ สูงสุดไม่ต่ำกว่า 110 กิโลวัตต์ เครื่องยนต์ดีเซล แบบขั', '1,664,000.-', '---.pdf', 6, 83, 3, '2021-11-05', '2021-11-05', 1),
(961, '555877', 'รถโดยสาร ขนาด 12 ที่นั่ง (ดีเซล) ปริมาตรกระบอกสูบไม่ต่ำกว่า 2,400 ซีซี หรือกำลังเครื่องยนต์สูงสุดไม่ต่ำกว่า 90 กิโลวัตต์', '1,358,000.-', '---.pdf', 6, 83, 3, '2021-11-05', '2021-11-05', 2),
(962, '937068', 'เครื่องตัดหญ้า แบบนั่งขับ', '170,000', '---.pdf', 9, 54, 3, '2021-11-05', '2021-11-17', 1),
(963, '217709', 'รถเกลี่ยดิน ขนาด 150 แรงม้า', '7,375,000.-', '---.pdf', 8, 8, 3, '2021-11-17', '2021-12-16', 1),
(964, '877340', 'รถยกของ (Forklift) ขนาดการยกน้ำหนัก 5 ตัน', '1,900,000.-', '---.pdf', 6, 83, 3, '2021-11-17', '2021-11-17', 1),
(965, '933574', 'อุปกรณ์ประชุมทางไกล (VDO Conference) ขนาดผู้เข้าร่วมประชุม 1-5 ท่าน แบบที่ 1', '43,500.-', '---.pdf', 2, 37, 1, '2021-11-19', '2021-11-19', 1),
(966, '135850', 'เครื่องเคลือบบัตร', '3,000.-', '---.pdf', 15, 102, 7, '2021-12-13', '2021-12-13', 1),
(967, '478531', 'เครื่องถ่ายเอกสารระบบดิจิตอล แบบความเร็ว 20 แผ่นต่อนาที', '87,500.-', '---.pdf', 15, 102, 7, '2021-12-14', '2021-12-14', 2),
(968, '985104', 'เครื่องถ่ายเอกสารระบบดิจิตอล แบบความเร็ว 30 แผ่นต่อนาที', '105,000.-', '---.pdf', 15, 102, 7, '2021-12-14', '2021-12-14', 2),
(969, '689929', 'เครื่องถ่ายเอกสารระบบดิจิตอล แบบความเร็ว 50 แผ่นต่อนาที', '200,000.-', '---.pdf', 15, 102, 7, '2021-12-14', '2021-12-14', 2),
(970, '394332', 'เครื่องถ่ายเอกสารสีระบบดิจิตอล แบบความเร็ว 50 แผ่นต่อนาที', '400,000.-', '---.pdf', 15, 102, 7, '2021-12-14', '2021-12-14', 2),
(971, '701872', 'เครื่องทำลายเอกสาร แบบตัดตรงทำลายครั้งละ 20 แผ่น', '29,900.-', '---.pdf', 15, 102, 7, '2021-12-14', '2021-12-14', 2),
(972, '426365', 'เครื่องเจาะกระดาษและเข้าเล่ม แบบเจาะกระดาษไฟฟ้าและเข้าเล่มมือโยก', '19,900.-', '---.pdf', 15, 102, 7, '2021-12-14', '2021-12-14', 2),
(973, '826211', 'เครื่องพิมพ์สำเนาระบบดิจิตอล แบบความละเอียด 300 x 400 จุดต่อตารางนิ้ว', '111,000.-', '---.pdf', 15, 102, 7, '2021-12-14', '2021-12-14', 2),
(974, '951962', 'อุปกรณ์วัดการเคลื่อนตัวในแนวราบแบบ Segment หรือ Shape Acceleration Array พร้อมระบบตรวจวัดอัตโนมัติ', '73,700/เมตร', '---.pdf', 12, 57, 5, '2021-12-17', '2021-12-17', 1),
(975, '381175', 'เครื่อง Switcher แบบ HDMI ขนาด 4 ช่อง สำหรับชุดประชุมทางไกล', '42,000.-', '---.pdf', 2, 37, 1, '2021-12-20', '2021-12-20', 1),
(976, '749991', 'โทรทัศน์ แอล อี ดี (LED TV) แบบ Smart TV ระดับความละเอียดจอภาพ 3840 x 2160 พิกเซล ขนาด 43 นิ้ว', '15,000.-', '---.pdf', 14, 79, 7, '2021-12-21', '2024-08-16', 1),
(977, '706430', 'โทรทัศน์ แอล อี ดี (LED TV) แบบ Smart TV ระดับความละเอียดจอภาพ 3840 x 2160 พิกเซล ขนาด 65 นิ้ว', '30,000.-', '---.pdf', 14, 79, 7, '2021-12-21', '2024-08-16', 1),
(978, '282179', 'กล้องถ่ายภาพ ระบบดิจิตอลแบบสะท้อนเลนส์เดี่ยว ความละเอียด 20 ล้านพิกเซล', '50,000.-', '---.pdf', 14, 73, 7, '2022-01-12', '2022-01-12', 1),
(979, '991604', 'เครื่องวัดระดับน้ำอัตโนมัติแบบเรดาร์และเครื่องวัดน้ำฝนอัตโนมัติแบบกระดก', '298,000', '---.pdf', 12, 64, 5, '2022-01-18', '2023-01-05', 1),
(980, '411485', 'เครื่องวัดระดับน้ำอัตโนมัติแบบเรดาร์', '270,000', '---.pdf', 12, 64, 5, '2022-01-18', '2023-01-05', 1),
(981, '782611', 'อุปกรณ์วัดคุณภาพน้ำ แบบอัตโนมัติ สำหรับระบบโทรมาตร', '350,000', '---.pdf', 12, 93, 5, '2022-01-18', '2022-01-18', 2),
(982, '778604', 'เครื่องวัดการระเหยของน้ำพร้อมอุปกรณ์ (EVAPORATION PAN WITH STILL WELL AND HOOK GAUGE)', '70,000', '---.pdf', 12, 71, 5, '2022-01-18', '2022-01-18', 1),
(983, '545184', 'เครื่องวัดกระแสลมแบบ COUNTER (CUP COUNTER ANEMOMETER) ', '50,000', '---.pdf', 12, 71, 5, '2022-01-18', '2022-01-18', 1),
(984, '290112', 'ชุดโต๊ะทำงาน 4 ที่นั่ง ขนาด 2400x1200x750 มม.', '101,365.-', '---.pdf', 3, 42, 2, '2022-01-27', '2022-01-27', 1),
(985, '615005', 'ตู้เก็บเอกสารแบบตอนบน 2 ช่องโล่งตอนล่างบานเลื่อนทึบ (ขนาด 800 x 400 x 1,600 มม.)', '5,290.-', '---.pdf', 3, 44, 2, '2022-01-27', '2022-01-27', 1),
(986, '304693', 'ตู้เก็บเอกสารบานเลื่อนทึบ (ขนาด 800 x 400 x 840 มม.)', '3,257.-', '---.pdf', 3, 44, 2, '2022-01-27', '2022-01-27', 1),
(987, '478448', 'โต๊ะคอมพิวเตอร์ (ขนาด 800 x 600 x 750 มม.)', '2,604.-', '---.pdf', 3, 42, 2, '2022-01-27', '2022-01-27', 1),
(988, '478161', 'ระบบห้องประชุมทางไกลผ่านวีดิทัศน์ (Video Conference) ขนาดผู้เข้าร่วมประชุม 10 ท่าน', '425,000.-', '---.pdf', 2, 37, 1, '2022-03-02', '2022-03-02', 2),
(989, '855461', 'ระบบห้องประชุมทางไกลผ่านวีดิทัศน์ (Video Conference) ขนาดผู้เข้าร่วมประชุม 10 ท่าน แบบที่ 3', '379,700.-', '---.pdf', 2, 37, 1, '2022-03-02', '2022-03-02', 2),
(990, '942823', 'เครื่องปรับอากาศ แบบแยกส่วน แบบตั้งพื้นหรือแบบแขวน ขนาด 24,000 บีทียู', '32,200.-', '---.pdf', 4, 4, 3, '2022-04-05', '2022-04-05', 1),
(991, '247731', 'เครื่องปรับอากาศ แบบแยกส่วน แบบตั้งพื้นหรือแบบแขวน ขนาด 30,000 บีทียู', '41,500.-', '---.pdf', 4, 4, 3, '2022-04-05', '2022-04-05', 1),
(992, '110188', 'ม่านปรับแสงแนวตั้ง แบบที่ 1 (SUNSCREEN)', '1,528 - /(ตารางห', '---.pdf', 3, 47, 2, '2022-04-07', '2022-04-07', 1),
(993, '607748', 'ม่านปรับแสงแนวตั้ง แบบที่ 2 (BLACK OUT)', '1,691 - /(ตารางห', '---.pdf', 3, 47, 2, '2022-04-07', '2022-04-07', 1),
(994, '808178', 'ม่านปรับแสงแนวตั้ง แบบที่ 3 (DIM OUT)', '1,122 - /(ตารางห', '---.pdf', 3, 47, 2, '2022-04-07', '2022-04-07', 1),
(995, '317644', 'ม่านปรับแสงแนวตั้ง แบบที่ 4 (ALUMINIUM)', '1,891 - /(ตารางห', '---.pdf', 3, 47, 2, '2022-04-07', '2022-04-07', 1),
(996, '863688', 'เครื่องวัดกระแสน้ำแบบ Acoustic Side Looking current Meter ขนาดความถี่ไม่เกิน 600 kHz', '940,000.-', '---.pdf', 12, 66, 5, '2022-04-28', '2022-05-09', 1),
(997, '565508', 'เครื่องรับส่งวิทยุระบบ VHF/FM ชนิดมือถือ 5 วัตต์', '12,000.-', '---.pdf', 2, 34, 1, '2022-05-06', '2022-05-06', 2),
(998, '136478', 'กล้องถ่ายทอดสัญญาณสำหรับชุดประชุมทางไกล', '35,000.-', '---.pdf', 2, 99, 1, '2022-05-24', '2022-05-24', 2),
(999, '685866', 'ลำโพงเคลื่อนที่พร้อมแอมป์ในตัว ขนาดไม่น้อยกว่า 1,000 วัตต์', '134,500.-', '---.pdf', 2, 31, 1, '2022-05-24', '2022-05-24', 1),
(1000, '219896', 'กล้องถ่ายทอดสัญญาณสำหรับชุดประชุมทางไกล', '35,000.-', '---.pdf', 2, 32, 1, '2022-05-24', '2022-05-24', 1),
(1001, '741882', 'อุปกรณ์บันทึกภาพผ่านเครือข่าย (Network Video Recorder) แบบ 8 ช่อง', '22,000.-', '---.pdf', 2, 32, 1, '2022-05-24', '2022-05-24', 1),
(1002, '249723', 'อุปกรณ์บันทึกภาพผ่านเครือข่าย (Network Video Recorder) แบบ 16 ช่อง', '57,000.-', '---.pdf', 2, 32, 1, '2022-05-24', '2022-05-24', 1),
(1003, '722968', 'อุปกรณ์บันทึกภาพผ่านเครือข่าย (Network Video Recorder) แบบ 32 ช่อง', '120,000.-', '---.pdf', 2, 32, 1, '2022-05-24', '2022-05-24', 1),
(1004, '965671', 'เครื่องวัดระดับน้ำอัตโนมัติ แบบฟองอากาศ', '274,000', '---.pdf', 12, 64, 5, '2022-06-06', '2022-06-06', 1),
(1005, '759453', 'กล้องโทรทัศน์วงจรปิดชนิดเครือข่าย แบบมุมมองคงที่สำหรับติดตั้งภายนอกสำนักงาน', '5,700.-', '---.pdf', 2, 32, 1, '2022-06-17', '2022-06-17', 1),
(1006, '800253', 'กล้องโทรทัศน์วงจรปิดชนิดเครือข่าย แบบมุมมองคงที่สำหรับติดตั้งภายในสำนักงาน', '3,000.-', '---.pdf', 2, 32, 1, '2022-06-17', '2022-06-17', 1),
(1007, '722907', 'กล้องโทรทัศน์วงจรปิดชนิดเครือข่าย แบบมุมมองคงที่สำหรับติดตั้งภายในอาคาร สำหรับใช้ในงานรักษาความปลอดภัยทั่วไปและงานอื่นๆ', '16,000.-', '---.pdf', 2, 32, 1, '2022-06-17', '2022-06-17', 1),
(1008, '213776', 'กล้องโทรทัศน์วงจรปิดชนิดเครือข่าย แบบมุมมองคงที่สำหรับติดตั้งภายนอกอาคาร สำหรับใช้ในงานรักษาความปลอดภัยทั่วไปและงานอื่นๆ', '22,000.-', '---.pdf', 2, 32, 1, '2022-06-17', '2022-06-17', 1),
(1009, '600159', 'กล้องโทรทัศน์วงจรปิดชนิดเครือข่าย แบบปรับมุมมอง สำหรับใช้ในงานรักษาความปลอดภัยทั่วไปและงานอื่นๆ', '61,000.-', '---.pdf', 2, 32, 1, '2022-06-17', '2022-06-17', 2),
(1010, '459466', 'กล้องโทรทัศน์วงจรปิดชนิดเครือข่าย แบบมุมมองคงที่สำหรับติดตั้งภายในอาคาร แบบที่ 1  สำหรับใช้ในงานรักษาความปลอดภัย วิเคราะห์ภาพ แล', '38,000.-', '---.pdf', 2, 32, 1, '2022-06-17', '2022-06-17', 1),
(1011, '396856', 'กล้องโทรทัศน์วงจรปิดชนิดเครือข่าย แบบมุมมองคงที่สำหรับติดตั้งภายในอาคาร แบบที่ 2 สำหรับใช้ในงานรักษาความปลอดภัย วิเคราะห์ภาพ และ', '44,000.-', '---.pdf', 2, 32, 1, '2022-06-17', '2022-06-17', 1),
(1012, '505883', 'กล้องโทรทัศน์วงจรปิดชนิดเครือข่าย แบบมุมมองคงที่สำหรับติดตั้งภายนอกอาคาร แบบที่ 1 สำหรับใช้ในงานรักษาความปลอดภัย วิเคราะห์ภาพ แล', '55,000.-', '---.pdf', 2, 32, 1, '2022-06-17', '2022-06-17', 1),
(1013, '338849', 'กล้องโทรทัศน์วงจรปิดชนิดเครือข่าย แบบมุมมองคงที่สำหรับติดตั้งภายนอกอาคาร แบบที่ 2 สำหรับใช้ในงานรักษาความปลอดภัย วิเคราะห์ภาพ แล', '53,000.-', '---.pdf', 2, 32, 1, '2022-06-17', '2022-06-17', 1),
(1014, '976593', 'อุปกรณ์กระจายสัญญาณแบบ PoE (PoE L2 Switch) ขนาด 8 ช่อง', '8,300.-', '---.pdf', 2, 32, 1, '2022-06-17', '2022-06-17', 1),
(1015, '166420', 'อุปกรณ์กระจายสัญญาณแบบ PoE (PoE L2 Switch) ขนาด 16 ช่อง', '15,000.-', '---.pdf', 2, 32, 1, '2022-06-17', '2022-06-17', 1),
(1016, '502320', 'กล้องวัดมุมพร้อมเครื่องวัดระยะอิเล็กทรอนิกส์ พร้อมอุปกรณ์', '400,000', '---.pdf', 11, 84, 4, '2022-07-06', '2022-07-06', 1),
(1017, '112340', 'กล้องวัดมุมพร้อมเครื่องวัดระยะอิเล็กทรอนิกส์อัตโนมัติ พร้อมอุปกรณ์', '963,000', '---.pdf', 11, 84, 4, '2022-07-06', '2022-07-06', 1),
(1018, '754742', 'กล้องระดับดิจิทัลความละเอียดสูงสำหรับงานระดับชั้น 2 พร้อมอุปกรณ์', '500,000', '---.pdf', 11, 84, 4, '2022-07-06', '2022-07-06', 1),
(1019, '636689', 'กล้องวัดมุม ชนิด อิเล็กทรอนิกส์อัตโนมัติ ค่ามุม 5 ฟิลิปดา พร้อมอุปกรณ์', '118,000', '---.pdf', 11, 84, 4, '2022-07-06', '2022-07-06', 1),
(1020, '819221', 'กล้องระดับ ชนิด อัตโนมัติพร้อมอุปกรณ์ (กำลังขยายไม่น้อยกว่า 30 เท่า)', '34,000', '---.pdf', 11, 84, 4, '2022-07-06', '2022-07-06', 2),
(1021, '286037', 'กล้องระดับ ชนิด อัตโนมัติพร้อมอุปกรณ์ (กำลังขยายไม่น้อยกว่า 24 เท่า)', '24,000', '---.pdf', 11, 84, 4, '2022-07-06', '2022-07-06', 1),
(1022, '672524', 'เครื่องพิมพ์แบบแปลนสีระบบมัลติฟังก์ชั่น ขนาดกระดาษ A0', '800,000.-', '---.pdf', 15, 102, 7, '2022-08-11', '2022-08-11', 2),
(1023, '604510', 'เครื่องพิมพ์แบบแปลนขาว-ดำ ระบบมัลติฟังก์ชั่น ขนาดกระดาษ A0', '780,000.-', '---.pdf', 15, 102, 7, '2022-08-11', '2022-08-11', 2),
(1024, '904977', 'เครื่องถ่ายเอกสารระบบดิจิตอล แบบความเร็ว 20 แผ่นต่อนาที', '87,500.-', '---.pdf', 15, 102, 7, '2022-09-18', '2022-09-18', 2),
(1025, '811355', 'เครื่องถ่ายเอกสารระบบดิจิตอล แบบความเร็ว 30 แผ่นต่อนาที', '120,000.-', '---.pdf', 15, 102, 7, '2022-09-18', '2022-09-18', 2),
(1026, '341844', 'เครื่องถ่ายเอกสารระบบดิจิตอล แบบความเร็ว 40 แผ่นต่อนาที', '180,000.-', '---.pdf', 15, 102, 7, '2022-09-18', '2022-09-18', 2),
(1027, '975155', 'เครื่องถ่ายเอกสารระบบดิจิตอล แบบความเร็ว 50 แผ่นต่อนาที', '200,000.-', '---.pdf', 15, 102, 7, '2022-09-18', '2022-09-18', 2),
(1028, '150244', 'เครื่องถ่ายเอกสารสีระบบดิจิตอล แบบความเร็ว 20 แผ่นต่อนาที', '120,000.-', '---.pdf', 15, 102, 7, '2022-09-18', '2022-09-18', 2),
(1029, '425755', 'เครื่องถ่ายเอกสารสีระบบดิจิตอล แบบความเร็ว 30 แผ่นต่อนาที', '250,000.-', '---.pdf', 15, 102, 7, '2022-09-18', '2022-09-18', 2),
(1030, '678042', 'เครื่องถ่ายเอกสารสีระบบดิจิตอล แบบความเร็ว 40 แผ่นต่อนาที', '300,000.-', '---.pdf', 15, 102, 7, '2022-09-18', '2022-09-18', 2),
(1031, '212948', 'เครื่องถ่ายเอกสารสีระบบดิจิตอล แบบความเร็ว 50 แผ่นต่อนาที', '400,000.-', '---.pdf', 15, 102, 7, '2022-09-18', '2022-09-18', 2),
(1032, '730616', 'เครื่องพิมพ์สำเนาระบบดิจิตอล แบบความละเอียด 300 x 400 จุดต่อตารางนิ้ว', '111,000.-', '---.pdf', 15, 102, 7, '2022-09-18', '2022-09-18', 1),
(1033, '214235', 'เครื่องพิมพ์สำเนาระบบดิจิตอล แบบความละเอียด 300 x 600 จุดต่อตารางนิ้ว', '180,000.-', '---.pdf', 15, 102, 7, '2022-09-18', '2022-09-18', 1),
(1034, '579327', 'เครื่องทำลายเอกสาร แบบตัดตรงทำลายครั้งละ 20 แผ่น', '30,000.-', '---.pdf', 15, 15, 7, '2022-09-18', '2023-03-21', 2),
(1035, '353931', 'เครื่องเจาะกระดาษและเข้าเล่ม แบบเจาะกระดาษไฟฟ้าและเข้าเล่มมือโยก', '19,300.-', '---.pdf', 15, 102, 7, '2022-09-18', '2022-09-18', 1),
(1036, '831673', 'เครื่องวัดระดับน้ำอัตโนมัติแบบฟองอากาศและเครื่องวัดน้ำฝนอัตโนมัติแบบกระดก', '319,000', '---.pdf', 12, 64, 5, '2022-10-05', '2022-10-05', 1),
(1037, '296574', 'เครื่องสั่นคอนกรีต ขนาด 38 มิลลิเมตร', '17,600.-*', '---.pdf', 8, 8, 3, '2022-10-20', '2023-03-21', 1),
(1038, '687849', 'อุปกรณ์เพื่อการเฝ้าระวังปรากฏการณ์ยูโทรฟิเคชั่น สำหรับระบบโทรมาตร', '985,000.-', '---.pdf', 12, 93, 5, '2022-11-07', '2022-11-07', 1),
(1039, '649527', 'เครื่องพิมพ์แบบการพิมพ์หน้ากว้าง', '', '---.pdf', 15, 15, 7, '2022-11-09', '2022-11-09', 3),
(1040, '184087', 'เครื่องสำเนาเอกสารสีมัลติฟังก์ชั่น แบบความเร็ว 100 แผ่นต่อนาที', '1,500,000.-', '---.pdf', 15, 102, 7, '2022-11-09', '2022-11-10', 2),
(1041, '671855', 'เครื่องพิมพ์แบบการพิมพ์หน้ากว้าง', '650,000.-', '---.pdf', 15, 102, 7, '2022-11-09', '2022-11-10', 1),
(1042, '907013', 'เครื่องขยายเสียงสำหรับการบรรยาย', '22,500.-', '---.pdf', 2, 31, 1, '2022-11-22', '2022-11-22', 2),
(1043, '619499', 'เครื่องขยายเสียงสำหรับการบรรยาย แบบมีเครื่องขยายเสียง ไมโครโฟนไร้สาย 1 คู่ ตู้ลำโพงติดผนัง 1 คู่', '22,500.-', '---.pdf', 2, 31, 1, '2022-12-21', '2022-12-21', 1),
(1044, '276460', 'เครื่องรับส่งวิทยุ แบบเครื่องแดง ชนิดมือถือ 5 วัตต์', '6,800.-', '---.pdf', 2, 34, 1, '2022-12-21', '2022-12-21', 1),
(1045, '323800', 'เครื่องรับส่งวิทยุ VHF/FM ชนิดมือถือ 5 วัตต์', '12,000.-', '---.pdf', 2, 34, 1, '2022-12-21', '2022-12-21', 1),
(1046, '689623', 'เครื่องบันทึกเสียง แบบดิจิตอล', '5,300.-', '---.pdf', 2, 32, 1, '2022-12-21', '2022-12-21', 1),
(1047, '576715', 'ชุดเก็บตัวอย่างตะกอนดินในท้องน้ำ ด้วยวิธีการสั่นด้วยคลื่นความถี่ประเภทใช้งานร่วมกับกว้านเพื่อใช้บนเรือ', '950,000', '---.pdf', 12, 93, 5, '2023-01-23', '2023-01-23', 1),
(1048, '714708', 'เก้าอี้สำนักงานพนักพิงกลาง ขนาด 640 x 640 x 990 มม.', '5,885.-', '---.pdf', 3, 43, 2, '2023-02-16', '2023-02-16', 1),
(1049, '843394', 'เก้าอี้สำนักงานพนักพิงกลาง ขนาด 630 x 640 x 1000 มม.', '5,609.-', '---.pdf', 3, 43, 2, '2023-02-16', '2023-02-16', 1),
(1050, '172848', 'เก้าอี้สำนักงานพนักพิงกลาง ขนาด 620 x 670 x 1020-1120 มม.', '5,885.-', '---.pdf', 3, 43, 2, '2023-02-16', '2023-02-16', 1),
(1051, '934058', 'เก้าอี้สำนักงานพนักพิงกลาง ขนาด 550 x 630 x 880 มม.', '5,817.-', '---.pdf', 3, 43, 2, '2023-02-16', '2023-02-16', 1),
(1052, '451747', 'เก้าอี้สำนักงานพนักพิงสูง ขนาด 660 x 570 x 1180-1240 มม.', '5,851.-', '---.pdf', 3, 43, 2, '2023-02-16', '2023-02-16', 1),
(1053, '256560', 'เครื่องวัดคุณภาพน้ำอัตโนมัติใช้งานระบบโทรมาตร', '540,000', '---.pdf', 12, 93, 5, '2023-02-28', '2023-02-28', 1),
(1054, '727559', 'เครื่องวัดคุณภาพน้ำอัตโนมัติใช้งานระบบโทรมาตร', '540,000', '---.pdf', 12, 93, 5, '2023-02-28', '2023-02-28', 3),
(1055, '968114', 'เครื่องวัดคุณภาพน้ำอัตโนมัติใช้งานระบบโทรมาตร', '540,000', '---.pdf', 12, 93, 5, '2023-02-28', '2023-02-28', 3),
(1056, '757897', 'ชุดสายพานลำเลียงผักตบชวาขึ้นฝั่ง', '4,000,000.-*', '---.pdf', 6, 50, 3, '2023-03-21', '2023-03-21', 1),
(1057, '785143', 'เรือเก็บผักตบชวาและวัชพืชแบบสายพานลำเลียง', '10,000,000.-*', '---.pdf', 6, 50, 3, '2023-03-21', '2023-03-21', 1),
(1058, '652025', 'เรือขุดชนิดหัวขุดและส่งดินด้วยท่อ ขนาดท่อส่งดินไม่น้อยกว่า 8 นิ้ว', '69,000,000.-*', '---.pdf', 8, 89, 3, '2023-03-21', '2023-03-21', 1),
(1059, '804694', 'เรือขุดชนิดหัวขุดและส่งดินด้วยท่อ ขนาดท่อส่งดินไม่น้อยกว่า 8 นิ้ว', '69,000,000.-*', '---.pdf', 8, 89, 3, '2023-03-21', '2023-03-21', 2),
(1060, '167396', 'ชุดไมโ่ครโฟนห้องประชุมสำหรับชุดประชุมทางไกล ขนาดผู้เข้าร่วมประชุมรวม 5 ท่าน', '183,900.-', '---.pdf', 2, 33, 1, '2023-03-22', '2023-03-22', 1),
(1061, '122899', 'ชุดไมโ่ครโฟนห้องประชุมสำหรับชุดประชุมทางไกล ขนาดผู้เข้าร่วมประชุมรวม 7 ท่าน', '224,700.-', '---.pdf', 2, 33, 1, '2023-03-22', '2023-03-22', 1),
(1062, '912308', 'เครื่องมือตรวจวัดคลื่นแผ่นดินไหวแบบ ACCELEROGRAPH', 'สอบถามต้นสังกัด', '---.pdf', 11, 11, 4, '2023-04-20', '2023-04-24', 1),
(1063, '492843', 'เครื่องมือตรวจวัดคลื่นแผ่นดินไหวแบบ SEISMOGRAPH FOR TRIAXIAL STATION', 'สอบถามต้นสังกัด', '---.pdf', 11, 11, 4, '2023-04-20', '2023-04-24', 1),
(1064, '527293', 'ชุดโซฟารับแขกหนังแท้', '', '---.pdf', 3, 47, 2, '2023-05-22', '2023-05-22', 1),
(1065, '157934', 'เก้าอี้พนักพิงสูง', '', '---.pdf', 3, 43, 2, '2023-05-23', '2023-05-23', 1),
(1066, '907792', 'บอร์ดโปสเตอร์ (ประชาสัมพันธ์)', '', '---.pdf', 3, 47, 2, '2023-05-23', '2023-05-23', 1),
(1067, '365157', 'เตียงนอน ขนาด 3.5 ฟุต', '', '---.pdf', 3, 41, 2, '2023-05-23', '2023-05-23', 1),
(1068, '802410', 'โต๊ะทำงานไม้ ชนิด 2 ลิ้นชัก (ด้านขวา) แบบที่ 2', '', '---.pdf', 3, 42, 2, '2023-05-23', '2023-05-23', 1),
(1069, '116581', 'เตียงนอน ขนาด 6 ฟุต', '', '---.pdf', 3, 41, 2, '2023-05-23', '2023-05-23', 1),
(1070, '775675', 'โต๊ะคอมพิวเตอร์ชนิดแบบมี 2 ลิ้นชัก (ด้านขวา)', '', '---.pdf', 3, 42, 2, '2023-05-23', '2023-05-23', 1),
(1071, '728634', 'ตู้สำนักงานเคลื่อนที่สำเร็จรูปอเนกประสงค์ และ ตู้พักอาศัยสำเร็จรูปเคลื่อนที่อเนกประสงค์', '', '---.pdf', 3, 47, 2, '2023-05-23', '2023-05-23', 1),
(1072, '316144', 'ห้องพักอาศัยสำเร็จรูป', '', '---.pdf', 3, 47, 2, '2023-05-23', '2023-05-23', 1),
(1073, '194819', 'สำนักงานสำเร็จรูป', '', '---.pdf', 3, 47, 2, '2023-05-23', '2023-05-23', 1),
(1074, '825663', 'ตู้เหล็กเก็บเอกสารชนิกบานเลื่อน', '', '---.pdf', 3, 44, 2, '2023-05-23', '2023-05-23', 1),
(1075, '743860', 'ตู้เหล็กเก็บเอกสาร 3 ลิ้นชัก (มี มอก.)', '', '---.pdf', 3, 44, 2, '2023-05-23', '2023-05-23', 1),
(1076, '242310', 'โคมไฟฟ้าชนิดติดตั้งกับโต๊ะเขียนแบบ', '', '---.pdf', 3, 47, 2, '2023-05-23', '2023-05-23', 1),
(1077, '679972', 'เครื่องเขียนตัวอักษรภาษาอักกฤษ (LETTRING SET)', '', '---.pdf', 3, 46, 2, '2023-05-23', '2023-05-23', 1),
(1078, '772928', 'เครื่องคำนวนเลขไฟฟ้าอีเล็คโทรนิคแบบกระเป๋า', '', '---.pdf', 3, 3, 2, '2023-05-23', '2023-05-23', 3),
(1079, '824727', 'เครื่องคำนวนเลขไฟฟ้าอีเล็คโทรนิคแบบกระเป๋า', '', '---.pdf', 3, 46, 2, '2023-05-23', '2023-05-23', 1),
(1080, '804851', 'ตู้เหล็กเก็บบัตร 7 ลิ้นชัก', '', '---.pdf', 3, 44, 2, '2023-05-23', '2023-05-23', 1),
(1081, '550076', 'ชั้นวางหนังสือ', '', '---.pdf', 3, 45, 2, '2023-05-23', '2023-05-23', 1),
(1082, '235827', 'เครื่องทำความสะอาดปากกาเขียนแบบด้วยคลื่นเสียง', '', '---.pdf', 3, 46, 2, '2023-05-23', '2023-05-23', 1),
(1083, '328906', 'วงล้อวัดระยะความยาว', '', '---.pdf', 3, 46, 2, '2023-05-23', '2023-05-23', 1),
(1084, '837051', 'โต๊ะพิมพ์ดีดติดล้อเลื่อน', '', '---.pdf', 3, 42, 2, '2023-05-23', '2023-05-23', 1),
(1085, '398536', 'ชุดเครื่องเขียน (DRAWING SETS)', '', '---.pdf', 3, 46, 2, '2023-05-23', '2023-05-23', 1);
INSERT INTO `equipment` (`Equipment_id`, `Equipment_code`, `Equipment_details`, `Price`, `File_path_pdf`, `Category_id`, `Sub_category_id`, `Dep_id`, `Created_date`, `Update_date`, `Equipment_status`) VALUES
(1086, '281528', 'ตู้เหล็กสำหรับแขวนเสื้อผ้า', '', '---.pdf', 3, 44, 2, '2023-05-23', '2023-05-23', 1),
(1087, '112034', 'BEAM COMPASS', '', '---.pdf', 3, 46, 2, '2023-05-23', '2023-05-23', 1),
(1088, '515588', 'ตู้เหล็กเก็บบัตร 5 ลิ้นชัก', '', '---.pdf', 3, 44, 2, '2023-05-23', '2023-05-23', 1),
(1089, '341835', 'โต๊ะประชุมพร้อมเก้าอี้ขนาด 10 ที่นั่ง', '', '---.pdf', 3, 42, 2, '2023-05-23', '2023-05-23', 1),
(1090, '962415', 'โต๊ะทำงานไม้ ชนิด 2 ลิ้นชัก (ด้านขวา) แบบที่ 1', '', '---.pdf', 3, 42, 2, '2023-05-23', '2023-05-23', 1),
(1091, '986568', 'โต๊ะประชุมพร้อมเก้าอี้ขนาด 20 ที่นั่ง', '80,000.-', '---.pdf', 3, 42, 2, '2023-05-23', '2023-05-23', 1),
(1092, '145598', 'โต๊ะทำงานขาเหล็ก แบบที่ 1 (1200 X 600 X 750 มม.)', '', '---.pdf', 3, 42, 2, '2023-05-23', '2023-05-23', 1),
(1093, '368285', 'โต๊ะโทรศัพท์ โต๊ะรับแขกและโต๊ะข้าง โต๊ะเครื่องคิดเลข', '', '---.pdf', 3, 42, 2, '2023-05-23', '2023-05-23', 1),
(1094, '404634', 'ชั้นวางเอกสาร ก.', '800.-', '---.pdf', 3, 45, 2, '2023-05-23', '2023-05-23', 1),
(1095, '818313', 'ชั้นวางเอกสาร ข.', '1200.-', '---.pdf', 3, 45, 2, '2023-05-23', '2023-05-23', 1),
(1096, '977664', 'โต๊ะพิมพ์ดีดมาตรฐาน', '', '---.pdf', 3, 42, 2, '2023-05-23', '2023-05-23', 1),
(1097, '533381', 'ขุดไมค์ลอย แบบมือถือคู่ย่าน UHF', '26,200.-', '---.pdf', 2, 33, 1, '2023-05-25', '2023-05-25', 1),
(1098, '533916', 'ตู้ลำโพง 15 นิ้ว 2 ทาง แบบไม่มีกำลังขยายในตัว ขนาด 1,000 วัตต์', '24,500.-', '---.pdf', 2, 33, 1, '2023-05-25', '2023-05-25', 1),
(1099, '969435', 'เครื่องผสมสัญญาณเสียงมีกำลังขยายในตัว ขนาด 12 ช่องสัญญาณ', '48,000.-', '---.pdf', 2, 31, 1, '2023-05-25', '2023-05-25', 1),
(1100, '445428', 'มิกเซอร์สำหรับงานสตรีมมิ่ง พร้อมออดิโออินเตอร์เฟส', '10,600.-', '---.pdf', 2, 31, 1, '2023-05-25', '2023-05-25', 1),
(1101, '118838', 'เครื่องผสมสัญญาณเสียง ขนาด 10 ช่องสัญญาณ', '14,900.-', '---.pdf', 2, 31, 1, '2023-05-25', '2023-05-25', 1),
(1102, '957903', 'ชุดไมค์ลอย แบบมือถือเดี่ยวย่าน UHF', '33,000.-', '---.pdf', 2, 33, 1, '2023-05-25', '2023-05-25', 1),
(1103, '733003', 'ไมโครโฟนไร้สาย ติดปกเสื้อ/ติดกล้อง ระบบดิจิตอล', '15,500.-', '---.pdf', 2, 33, 1, '2023-05-25', '2023-05-25', 1),
(1104, '691307', 'ไมโครโฟนมีสายแบบไดนามิคมีสวิตซ์เปิดปิด', '4,600.-', '---.pdf', 2, 33, 1, '2023-05-25', '2023-05-25', 1),
(1105, '257528', 'ชุดหูฟังอินเตอร์คอมไร้สาย', '47,200.-', '---.pdf', 2, 31, 1, '2023-05-25', '2023-05-25', 1),
(1106, '913719', 'เครื่องพิมพ์แบบแปลนสีระบบมัลติฟังก์ชั่น ขนาดกระดาษ A0', '1,500,000.-', '---.pdf', 15, 102, 7, '2023-06-29', '2023-06-29', 1),
(1107, '996011', 'เครื่องพิมพ์แบบแปลนขาว-ดำ ระบบมัลติฟังก์ชั่น ขนาดกระดาษ A0', '750,000.-', '---.pdf', 15, 102, 7, '2023-06-29', '2023-06-29', 1),
(1108, '338897', 'จักรทำลวดลาย แบบใช้มอเตอร์ไฟฟ้าเย็บผ้าและทำลวดลายได้อัตโนมัติไม่ต่ำกว่า 8 ลวดลาย', '8,500.-', '---.pdf', 2, 103, 1, '2023-06-29', '2023-06-29', 1),
(1109, '406454', 'จักรทำลวดลาย แบบใช้มอเตอร์ไฟฟ้าเย็บผ้าและทำลวดลายได้อัตโนมัติไม่ต่ำกว่า 17 ลวดลาย', '11,500.-', '---.pdf', 2, 103, 1, '2023-06-29', '2023-06-29', 1),
(1110, '915578', 'ตู้เหล็กเก็บเอกสารบานเลื่อนทึบ ขนาด 850 x 400 x 850 มม.', '5,250.-', '---.pdf', 3, 44, 2, '2023-08-18', '2023-08-18', 1),
(1111, '558529', 'ตู้เหล็กเก็บเอกสารบานเลื่อนกระจก ขนาด 850 x 400 x 850 มม.', '5,250.-', '---.pdf', 3, 44, 2, '2023-08-18', '2024-06-10', 1),
(1112, '845912', 'เก้าอี้ทำงานพนักพิงตาข่ายสูงปกติ ขนาด 630 x 560 x 930-1030 มม.', '4,515.-', '---.pdf', 3, 43, 2, '2023-08-18', '2023-08-18', 1),
(1113, '653971', 'เก้าอี้ทำงานพนักพิงตาข่ายสูง ขนาด 650 x 560 x 1060-1160 มม.', '6,090.-', '---.pdf', 3, 43, 2, '2023-08-18', '2023-08-18', 1),
(1114, '632123', 'ชุดโต๊ะทำงานขาเหล็ก ขนาด 1950 x 2000 x 750 มม.', '26,250.-', '---.pdf', 3, 42, 2, '2023-08-18', '2023-08-18', 1),
(1115, '198702', 'ชุดโต๊ะทำงานขาเหล็กพร้อมตู้ลิ้นชัก 2 ชั้นล้อเลื่อน ขนาด 1600 x 600 x 750 มม.', '9,975.-', '---.pdf', 3, 42, 2, '2023-08-18', '2023-08-18', 2),
(1116, '797140', 'ชุดโต๊ะทำงานขาเหล็กพร้อมตู้ลิ้นชัก 2 ชั้นล้อเลื่อน ขนาด 1200 x 600 x 750 มม.', '11,025.-', '---.pdf', 3, 42, 2, '2023-08-18', '2023-08-22', 2),
(1117, '589595', 'ถังบรรจุน้ำมัน ขนาด 5,000 ลิตร', '65,000 (ไม่รวม v', '---.pdf', 10, 104, 3, '2023-08-18', '2023-08-18', 1),
(1118, '456555', 'ถังบรรจุน้ำมัน ขนาด 10,000 ลิตร', '128,000 (ไม่รวม ', '---.pdf', 10, 104, 3, '2023-08-18', '2023-08-18', 1),
(1119, '413991', 'ถังบรรจุน้ำมัน ขนาด 15,000 ลิตร', '137,000 (ไม่รวม ', '---.pdf', 10, 104, 3, '2023-08-18', '2023-08-18', 1),
(1120, '600293', 'ถังบรรจุน้ำมัน ขนาด 20,000 ลิตร', '177,000 (ไม่รวม ', '---.pdf', 10, 104, 3, '2023-08-18', '2023-08-18', 1),
(1121, '759489', 'ตู้จ่ายน้ำมันชนิด 1 หัวจ่าย', '117,500 (ไม่รวม ', '---.pdf', 10, 104, 3, '2023-08-18', '2023-08-18', 1),
(1122, '996567', 'ตู้จ่ายน้ำมันเชื้อเพลิงชนิด 2 หัวจ่าย', '163,000 (ไม่รวม ', '---.pdf', 10, 104, 3, '2023-08-18', '2023-08-18', 1),
(1123, '804368', 'ระบบห้องประชุมทางไกลผ่านวีดิทัศน์ (Video Conference) ขนาดผู้เข้าร่วมประชุม 10 ท่าน', '425,000.-', '---.pdf', 2, 37, 1, '2023-09-19', '2023-09-19', 1),
(1124, '932142', 'ระบบห้องประชุมทางไกลผ่านวีดิทัศน์ (Video Conference) ขนาดผู้เข้าร่วมประชุม 10 ท่าน แบบที่ 2', '498,700.-', '---.pdf', 2, 37, 1, '2023-09-19', '2023-09-19', 1),
(1125, '347603', 'ระบบห้องประชุมทางไกลผ่านวีดิทัศน์ (Video Conference) ชนิดเคลื่อนที่', '487,400.-', '---.pdf', 2, 37, 1, '2023-09-19', '2023-09-19', 1),
(1126, '641593', 'อุปกรณ์ประชุมทางไกล (VDO Conference) ขนาดผู้เข้าร่วมประชุม 1-5 ท่าน แบบที่ 2', '111,000.-', '---.pdf', 2, 37, 1, '2023-09-20', '2023-09-20', 1),
(1127, '265156', 'เครื่องตรวจวัดปริมาณการไหลและหน้าตัดการไหลในลำน้ำ(River Survey Overview) พร้อมอุปกรณ์(ไม่มีเครื่องหาค่าพิกัด)', '1,850,000', '---.pdf', 12, 66, 5, '2023-09-29', '2023-10-04', 1),
(1128, '201000', 'เครื่องวัดแรงดึงน้ำของดิน (Tensiometer)', '72,000.-', '---.pdf', 12, 105, 5, '2023-10-04', '2023-10-06', 2),
(1129, '109532', 'เครื่องเสียงสำหรับห้องประชุมขนาดผู้ร่วมประชุม 20 ท่าน พร้อมอุปกรณ์ประกอบ ', '312,800.-', '---.pdf', 2, 37, 1, '2023-10-09', '2023-10-09', 2),
(1130, '744662', 'เครื่องเสียงสำหรับห้องประชุมขนาดผู้ร่วมประชุม 24 ท่าน พร้อมอุปกรณ์ประกอบ ', '408,600.-', '---.pdf', 2, 37, 1, '2023-10-09', '2023-10-09', 2),
(1131, '594715', 'เครื่องเสียงสำหรับห้องประชุมขนาดผู้ร่วมประชุม 30 ท่าน พร้อมอุปกรณ์ประกอบ ', '440,200.-', '---.pdf', 2, 37, 1, '2023-10-09', '2023-10-09', 2),
(1132, '639589', 'ชุดอุปกรณ์ควบคุมแบบสั่งการระยะไกล ขนาด 8 Analog Input , 40 Digital Input และ 40 Digital Output', '265,000', '---.pdf', 2, 27, 1, '2023-10-20', '2023-10-20', 2),
(1133, '413802', 'เครื่องมือเก็บตัวอย่างตะกอนแบบ DH-59', '280,000', '---.pdf', 12, 93, 5, '2023-10-20', '2023-12-13', 1),
(1134, '950242', 'เครื่องเก็บตัวอย่างตะกอนแขวนลอยแบบ DH-49', '499,000', '---.pdf', 12, 93, 5, '2023-10-20', '2023-12-13', 3),
(1135, '709804', 'เครื่องเก็บตัวอย่างตะกอนแขวนลอยแบบ DH-48', '98,000', '---.pdf', 12, 93, 5, '2023-10-20', '2023-12-13', 1),
(1136, '598293', 'เครื่องวัดความหวาน (Brix Refractometer)', '12,000', '---.pdf', 12, 105, 5, '2023-10-27', '2023-10-27', 1),
(1137, '762057', 'เครื่องกว้าน', '374,000', '---.pdf', 12, 93, 5, '2023-10-27', '2023-10-27', 1),
(1138, '115405', 'เครื่องวัดแรงดึงน้ำของดิน (Tensiometer)', '12,000', '---.pdf', 12, 105, 5, '2023-10-31', '2023-10-31', 2),
(1139, '890856', 'เครื่องวัดกระแสน้ำแบบคลื่นเสียงความถี่ 300 kHz\r\n', '1,400,000', '---.pdf', 12, 66, 5, '2023-11-17', '2023-11-17', 1),
(1140, '408064', '111', '1111', '---.pdf', 1, 17, 1, '2023-12-06', '2023-12-06', 3),
(1141, '167754', 'เครื่องมือสำรวจหาค่าพิกัดและระดับด้วยสัญญาณดาวเทียม GNSS สำรวจแบบ RTK พร้อมอุปกรณ์ประกอบ', '400,000', '---.pdf', 11, 11, 4, '2023-12-08', '2023-12-08', 1),
(1142, '414578', 'กล้องถ่ายภาพนิ่งระบบดิจิตอล Mirrorless แบบที่ 1 พร้อมอุปกรณ์', '230,050.-', '---.pdf', 14, 73, 7, '2023-12-13', '2023-12-13', 1),
(1143, '569627', 'กล้องถ่ายภาพนิ่งระบบดิจิตอล Mirrorless แบบที่ 2 พร้อมอุปกรณ์', '337,050.-', '---.pdf', 14, 73, 7, '2023-12-13', '2023-12-13', 1),
(1144, '604403', 'เลนส์ Mirrorless Full Frame ขนาดทางยาวโฟกัส 24-200 mm. รูรับแสง F4-6.3 VR', '39,850.-', '---.pdf', 14, 73, 7, '2023-12-13', '2023-12-13', 1),
(1145, '313135', 'เลนส์ Mirrorless Full Frame ขนาดทางยาวโฟกัส 180-600 มม. รูรับแสง F/5.6-6.3 VR', '78,065.-', '---.pdf', 14, 73, 7, '2023-12-13', '2023-12-13', 1),
(1146, '552464', 'เลนส์ Mirrorless Full Frame ขนาดทางยาวโฟกัส 17-28 mm. รูรับแสง F/2.8', '52,700.-', '---.pdf', 14, 73, 7, '2023-12-13', '2023-12-13', 1),
(1147, '822919', 'เลนส์ Mirrorless Full Frame ขนาดทางยาวโฟกัส 70-200 มม. รูรับแสง F/2.8 VR S', '101,150.-', '---.pdf', 14, 73, 7, '2023-12-13', '2023-12-13', 1),
(1148, '557201', 'กล้องถ่ายภาพวีดีโอ ระดับ XDCAM Full HD ( 4K )', '532,325.-', '---.pdf', 14, 73, 7, '2023-12-13', '2023-12-13', 1),
(1149, '217249', 'เครื่องเก็บตัวอย่างตะกอนแขวนลอยแบบ DH-49', '499,000', '---.pdf', 12, 93, 5, '2023-12-13', '2024-05-01', 1),
(1150, '214642', 'เครื่องวัดแรงดึงน้ำของดิน (Tensiometer)', '12,000', '---.pdf', 12, 105, 5, '2023-12-20', '2023-12-20', 3),
(1151, '321465', 'เครื่องวัดแรงดึงน้ำของดิน (Tensiometer)', '12,000', '---.pdf', 12, 105, 5, '2023-12-20', '2023-12-20', 1),
(1152, '863397', 'เครื่องตัดเหล็กไฟเบอร์ ขนาด 355 มม.', '9,000 (ไม่รวม va', '---.pdf', 10, 56, 3, '2024-02-01', '2024-02-01', 1),
(1153, '552593', 'เครื่องเชื่อมไฟฟ้าแบบหม้อแปลง (AC./DC.) ขนาด 300 แอมป์', '70,000 (ไม่รวม v', '---.pdf', 10, 56, 3, '2024-02-01', '2024-02-01', 1),
(1154, '972772', 'เครื่องยกรถยนต์ชนิด 2 เสา แบบคานบน ขนาด 4 เมตริกตัน', '180,000 (ไม่รวม ', '---.pdf', 10, 56, 3, '2024-02-01', '2024-02-01', 1),
(1155, '406082', 'เครื่องสำเนาเอสารสี แบบความเร็ว 80 แผ่นต่อนาที', '1,460,000.00', '---.pdf', 15, 102, 7, '2024-02-01', '2024-02-01', 1),
(1156, '812095', 'เครื่องเชื่อมไฟฟ้าระบบ INVERTER ขนาด 150 แอมป์', '10,000 ', '---.pdf', 10, 56, 3, '2024-02-02', '2024-02-02', 1),
(1157, '942227', 'เครื่องเชื่อมไฟฟ้าแบบขับด้วยเครื่องยนต์ ขนาด 170 แอมป์', '185,000 (ไม่รวม ', '---.pdf', 10, 56, 3, '2024-02-02', '2024-02-02', 1),
(1158, '374854', 'เครื่องมือชุดซ่อมทั่วไประบบเมตริก ขนาด 3/4 นิ้ว', '13,000', '---.pdf', 10, 56, 3, '2024-02-02', '2024-02-02', 1),
(1159, '747589', 'เครื่องมือชุดซ่อมทั่วไประบบเมตริก ขนาด 1/2 นิ้ว', '6,800', '---.pdf', 10, 56, 3, '2024-02-02', '2024-02-02', 1),
(1160, '713383', 'เครื่องทำลายเอกสาร แบบตัดตรงทำลายครั้งละ 20 แผ่น', '29,700.00', '---.pdf', 15, 106, 7, '2024-02-14', '2024-02-14', 1),
(1161, '324150', 'ชุดไมโครโฟนห้องประชุม แบบ Digital ขนาดชุด 20 ตัว พร้อมเครื่องขยายเสียง', '369,000.-', '---.pdf', 2, 33, 1, '2024-02-27', '2024-02-27', 1),
(1162, '280601', 'ชุดไมโครโฟนห้องประชุม แบบ Digital ขนาดชุด 25 ตัว พร้อมเครื่องขยายเสียง', '434,000.-', '---.pdf', 2, 33, 1, '2024-02-27', '2024-02-27', 1),
(1163, '330555', 'ชุดไมโครโฟนห้องประชุม แบบ Digital ขนาดชุด 30 ตัว พร้อมเครื่องขยายเสียง', '499,000.-', '---.pdf', 2, 33, 1, '2024-02-27', '2024-02-27', 1),
(1164, '710972', 'ชุดโปรแกรมระบบคอมพิวเตอร์แม่ข่ายเสมือน (Virtualization)', '335,000.-', '---.pdf', 2, 107, 1, '2024-03-28', '2024-04-04', 1),
(1165, '663196', 'ชุดโปรแกรมจัดเก็บข้อมูลแบบเสมือนสำหรับระบบแม่ข่ายคอมพิวเตอร์เสมือน', '341,000.-', '---.pdf', 2, 107, 1, '2024-03-28', '2024-04-04', 1),
(1166, '183066', 'เครื่องคอมพิวเตอร์แม่ข่าย แบบที่ 3', '1,107,000.-', '---.pdf', 2, 107, 1, '2024-03-28', '2024-04-01', 3),
(1167, '625743', 'อุปกรณ์กระจายสัญญาณ (L3 Switch) ชนิด 10 Gbps ขนาด 24 ช่อง', '670,000.-', '---.pdf', 2, 107, 1, '2024-03-28', '2024-03-28', 3),
(1168, '679517', 'เครื่องคอมพิวเตอร์แม่ข่าย แบบที่ 3', '1,107,000.-', '---.pdf', 2, 107, 1, '2024-04-01', '2024-10-25', 1),
(1169, '520357', 'อุปกรณ์กระจายสัญญาณ (L3 Switch) ชนิด 10 Gbps ขนาด 24 ช่อง', '670,000', '---.pdf', 2, 107, 1, '2024-04-01', '2024-04-01', 1),
(1170, '463234', 'กล้องถ่ายภาพวิดีโอแบบพกพา ความละเอียด 4K พร้อมอุปกรณ์ครบชุด', '26,900.-', '---.pdf', 14, 73, 7, '2024-04-17', '2024-04-17', 1),
(1171, '655099', 'กล้องถ่ายภาพนิ่งและวิดีโอระบบดิจิตอล Mirrorless พร้อมอุปกรณ์', '26,900.-', '---.pdf', 14, 73, 7, '2024-04-17', '2024-04-17', 1),
(1172, '885796', 'ขาตั้งกล้องแบบพกพา ชนิดติดประกอบกับกล้องวิดีโอ', '25,000.-', '---.pdf', 14, 73, 7, '2024-04-17', '2024-04-17', 1),
(1173, '563680', 'ขาตั้งกล้องแบบพกพา ชนิดติดประกอบกับโทรศัพท์มือถือ', '7,000.-', '---.pdf', 14, 73, 7, '2024-04-17', '2024-04-17', 1),
(1174, '961014', 'ชุดอุปกรณ์วัดปริมาณน้ำฝนแบบถ้วยกระดก', '46,000', '---.pdf', 12, 68, 5, '2024-04-24', '2024-04-24', 1),
(1175, '314032', 'ชุดอุปกรณ์วัดระยะเปิดบานประตูระบายน้ำแบบจานหมุน', '77,000', '---.pdf', 12, 93, 5, '2024-04-24', '2024-04-24', 1),
(1176, '387116', 'ชุดอุปกรณ์วัดระดับน้ำแบบเรดาร์', '118,000', '---.pdf', 12, 64, 5, '2024-04-24', '2024-04-24', 1),
(1177, '893486', 'ชุดอุปกรณ์วัดระดับน้ำแบบลูกลอย', '84,000', '---.pdf', 12, 64, 5, '2024-04-24', '2024-04-24', 1),
(1178, '506081', 'ชุดอุปกรณ์วัดระดับน้ำแบบฟองอากาศ', '185,000', '---.pdf', 12, 64, 5, '2024-04-24', '2024-04-24', 2),
(1179, '649950', 'ชุดอุปกรณ์วัดคุณภาพน้ำอัตโนมัติ', '588,000', '---.pdf', 12, 93, 5, '2024-05-16', '2024-05-16', 1),
(1180, '731507', 'เครื่องเสียงสำหรับห้องประชุมขนาดผู้ร่วมประชุม 20 ท่าน พร้อมอุปกรณ์ประกอบ', '369,000', '---.pdf', 2, 37, 1, '2024-05-24', '2024-05-24', 1),
(1181, '707684', 'เครื่องเสียงสำหรับห้องประชุมขนาดผู้ร่วมประชุม 25 ท่าน พร้อมอุปกรณ์ประกอบ', '434,000', '---.pdf', 2, 37, 1, '2024-05-24', '2024-05-24', 1),
(1182, '343899', 'เครื่องเสียงสำหรับห้องประชุมขนาดผู้ร่วมประชุม 30 ท่าน พร้อมอุปกรณ์ประกอบ', '499,000', '---.pdf', 2, 37, 1, '2024-05-24', '2024-05-24', 1),
(1183, '396442', 'ชุดอุปกรณ์วัดระดับน้ำแบบฟองอากาศ', '220,000', '---.pdf', 12, 64, 5, '2024-07-03', '2024-07-03', 1),
(1184, '850517', 'เครื่องวัดน้ำฝนอัตโนมัติ แบบเรดาร์', '156,000.-', '---.pdf', 12, 93, 5, '2024-09-19', '2024-09-19', 1),
(1185, '263257', 'เครื่องวััดระดับน้ำอัตโนมัติ แบบลูกลอย', '195,000.-', '---.pdf', 12, 64, 5, '2024-10-03', '2024-10-03', 1),
(1186, '464737', 'เครื่องวัดระดับน้ำอัตโนมัติแบบลูกลอยและเครื่องวัดน้ำฝนอัตโนมัติแบบกระดก', '240,200.-', '---.pdf', 12, 64, 5, '2024-10-09', '2024-10-09', 1),
(1187, '533914', 'ชั้นเหล็กวางเอกสาร ขนาด 200x60x200 ซม.', '3,430.-', '---.pdf', 3, 45, 2, '2024-10-24', '2024-10-24', 1),
(1188, '275360', 'แผ่่นตัวเลขกำกับแผ่นวัดระดับน้ำ ', '45.-', '---.pdf', 12, 63, 5, '2024-11-13', '2024-11-13', 1),
(1189, '575060', 'เครื่องขยายสัญญาณเสียงขนาด 120 วัตต์ พร้อมลำโพงกระจายเสียงขนาด 30 วัตต์', '82,100.-', '---.pdf', 2, 108, 1, '2024-11-25', '2024-11-25', 1),
(1190, '149219', 'ลำโพงซาวด์บาร์', '54,000.-', '---.pdf', 2, 108, 1, '2024-11-25', '2024-11-25', 1),
(1191, '720915', 'เครื่องควบคุมและประมวลผลเสียง', '242,600.-', '---.pdf', 2, 108, 1, '2024-11-25', '2024-11-25', 1),
(1192, '356919', 'ไมโครโฟนชนิดไร้สาย สำหรับกล้องถ่ายภาพวิดีโอ', '29,000.-', '---.pdf', 2, 108, 1, '2024-11-25', '2024-11-26', 1),
(1193, '421849', 'อุปกรณ์ควบคุมสัญญาณภาพและเสียง แบบ Multiformat Switcher', '999,200.-', '---.pdf', 2, 108, 1, '2024-11-25', '2024-11-25', 1),
(1194, '938489', 'อุปกรณ์ควบคุมสัญญาณภาพและเสียง แบบ Multiformat Switcher', '999,200.-', '---.pdf', 2, 108, 1, '2024-11-25', '2024-11-25', 3),
(1195, '626901', 'อุปกรณ์ SDI to USB Capture', '24,500.-', '---.pdf', 2, 108, 1, '2024-11-25', '2024-11-25', 1),
(1196, '219037', 'เครื่องปรับสัญญาณภาพ (HDMI Scaler)', '44,200.-', '---.pdf', 2, 108, 1, '2024-11-25', '2024-11-26', 1),
(1197, '914482', 'ชุดอุปกรณ์ถ่ายทอดสัญญาณผ่านเครือข่าย(Streaming) แบบไร้สาย พร้อมอุปกรณ์ประกอบ', ' 253,100.-', '---.pdf', 2, 108, 1, '2024-11-25', '2024-11-25', 1),
(1198, '215299', 'กล้องสำหรับประชุมทางไกล', '47,600.-', '---.pdf', 2, 108, 1, '2024-11-25', '2024-11-25', 1),
(1199, '933052', 'เครื่องคอมพิวเตอร์สำเร็จรูปขนาดเล็ก  (Mini PC)', '35,000.-', '---.pdf', 2, 108, 1, '2024-11-25', '2024-11-25', 1),
(1200, '319363', 'จอภาพ Digital Signage ขนาด 55 นิ้ว', '142,700.-', '---.pdf', 2, 108, 1, '2024-11-25', '2024-11-25', 1),
(1201, '497659', 'จอภาพ Digital Signage ขนาด 43 นิ้ว', '102,100.-', '---.pdf', 2, 108, 1, '2024-11-25', '2024-11-25', 1),
(1202, '530207', 'อุปกรณ์ค้นหาเส้นทางเครือข่าย (Router) ชนิด 5G', '5,900.-', '---.pdf', 2, 108, 1, '2024-11-25', '2024-11-25', 1),
(1203, '158059', 'อุปกรณ์รับและส่งสัญญาณแบบจุดต่อจุด', '62,000.-', '---.pdf', 2, 108, 1, '2024-11-25', '2024-11-25', 1),
(1204, '899676', 'เครื่องพิมพ์บัตรพลาสติก แบบหน้าเดียว ชนิด Retransfer', '220,000.-', '---.pdf', 2, 28, 1, '2024-11-26', '2024-11-26', 1),
(1205, '324201', 'เครื่องถ่ายเอกสารสีระบบดิจิทัล (ขาว-ดำ และสี) แบบความเร็ว 20 แผ่นต่อนาที', '120,000.00', '---.pdf', 15, 102, 7, '2024-12-16', '2024-12-16', 1),
(1206, '621980', 'เครื่องถ่ายเอกสารระบบดิจิทัล (ขาว-ดำ) แบบความเร็ว 20 แผ่นต่อนาที', '92,100.00', '---.pdf', 15, 102, 7, '2024-12-16', '2024-12-16', 1),
(1207, '237296', 'เครื่องถ่ายเอสการระบบดิิจิทัล (ขาว-ดำ) แบบความเร็ว 30 แผ่นต่อนาที', '120,000.00', '---.pdf', 15, 102, 7, '2024-12-16', '2024-12-16', 1),
(1208, '120542', 'เครื่องถ่ายเอกสารระบบดิจิทัล (ขาว-ดำ) แบบความเร็ว 40 แผ่นต่อนาที', '180,000.00', '---.pdf', 15, 102, 7, '2024-12-16', '2024-12-16', 1),
(1209, '690820', 'เครื่องถ่ายเอกสารระบบดิจิทัล (ขาว-ดำ) แบบความเร็ว 50 แผ่นต่อนาที', '200,000.00', '---.pdf', 15, 102, 7, '2024-12-16', '2024-12-16', 1),
(1210, '292477', 'เครื่องถ่ายเอกสารสีระบบดิจิทัล (ขาว-ดำ และสี) แบบความเร็ว 30 แผ่นต่อนาที', '250,000.00', '---.pdf', 15, 102, 7, '2024-12-16', '2024-12-16', 1),
(1211, '189926', 'เครื่องถ่ายเอกสารสีระบบดิจิทัล (ขาว-ดำ และสี)  แบบความเร็ว 40 แผ่นต่อนาที', '300,000.00', '---.pdf', 15, 102, 7, '2024-12-16', '2024-12-16', 1),
(1212, '872197', 'เครื่องถ่ายเอกสารสีระบบดิจิทัล (ขาว-ดำ และสี) แบบความเร็ว 50 แผ่นต่อนาที', '325,000.00', '---.pdf', 15, 102, 7, '2024-12-16', '2024-12-16', 1);

-- --------------------------------------------------------

--
-- Table structure for table `status`
--

CREATE TABLE `status` (
  `Status_id` int(11) NOT NULL,
  `Status_name` varchar(32) CHARACTER SET utf8mb4 COLLATE utf8mb4_general_ci NOT NULL
) ENGINE=InnoDB DEFAULT CHARSET=utf8 COLLATE=utf8_general_ci;

--
-- Dumping data for table `status`
--

INSERT INTO `status` (`Status_id`, `Status_name`) VALUES
(1, 'ผู้ดูแลระบบ'),
(2, ' ผู้ดูแลระบบระดับหน่วยงาน');

-- --------------------------------------------------------

--
-- Table structure for table `sub_category`
--

CREATE TABLE `sub_category` (
  `Sub_category_id` int(11) NOT NULL,
  `Sub_category_name` varchar(32) NOT NULL,
  `Category_id` int(11) NOT NULL,
  `Dep_id` int(11) NOT NULL
) ENGINE=InnoDB DEFAULT CHARSET=utf8 COLLATE=utf8_general_ci;

--
-- Dumping data for table `sub_category`
--

INSERT INTO `sub_category` (`Sub_category_id`, `Sub_category_name`, `Category_id`, `Dep_id`) VALUES
(3, 'เครื่องใช้สำนักงาน', 3, 2),
(4, 'เครื่องปรับอากาศ', 4, 3),
(5, 'เครื่องประจุแบตเตอรี่', 5, 3),
(6, 'ยานพาหนะและขนส่ง', 6, 3),
(7, 'การเกษตร', 7, 3),
(8, 'เครื่องจักรกลก่อสร้าง', 8, 3),
(10, 'ไม่ระบุ', 10, 3),
(11, 'ครุภัณฑ์เครื่องมือสำรวจ', 11, 4),
(12, 'ไม่ระบุ', 12, 5),
(13, 'เครื่องมือวิเคราะห์วิจัย', 13, 6),
(14, 'ไม่ระบุ', 14, 7),
(15, 'ไม่ระบุ', 15, 7),
(16, 'ไม่ระบุ', 16, 7),
(17, 'Computer', 1, 1),
(18, 'Monitor', 1, 1),
(19, 'Printer', 1, 1),
(20, 'Scanner', 1, 1),
(21, 'Network Device', 1, 1),
(22, 'UPS', 1, 1),
(23, 'Backup Unit', 1, 1),
(24, 'ตู้ Rack', 1, 1),
(25, 'อุปกรณ์แปลง', 1, 1),
(26, 'โปรแกรมประยุกต์', 1, 1),
(27, 'ครุภัณฑ์ระบบโทรมาตร', 2, 1),
(28, 'เครื่องโทรสาร', 2, 1),
(29, 'เครื่องโทรศัพท์และอุปกรณ์อื่น ๆ', 2, 1),
(30, 'เครื่องบันทึกเสียง', 2, 1),
(31, 'ชุดเครื่องขยายเสียง', 2, 1),
(32, 'กล้องโทรทัศน์วงจรปิด', 2, 1),
(33, 'เครื่องไมโครโฟน', 2, 1),
(34, 'เครื่องรับ - ส่งวิทยุ', 2, 1),
(35, 'เครื่องรับสัญญาณดาวเทียมและอุปกร', 2, 1),
(36, 'เสาอากาศวิทยุ', 2, 1),
(37, 'เครื่องเสียงสำหรับห้องประชุม', 2, 1),
(38, 'ตู้สาขาโทรศัพท์อัตโนมัติ', 2, 1),
(39, 'พาร์ทิชั่น', 3, 2),
(40, 'ประเภทที่นอน', 3, 2),
(41, 'ประเภทเตียง', 3, 2),
(42, 'ประเภทโต๊ะ', 3, 2),
(43, 'ประเภทเก้าอี้', 3, 2),
(44, 'ประเภทตู้', 3, 2),
(45, 'ประเภทชั้นวางของ', 3, 2),
(46, 'ประเภทเครื่องมือ', 3, 2),
(47, 'ประเภทอื่น ๆ', 3, 2),
(48, 'รถจักรยานยนต์', 6, 3),
(50, 'เรือ', 6, 3),
(51, 'Spare Parts', 6, 3),
(52, 'เครื่องสูบน้ำและอุปกรณ์', 7, 3),
(53, 'รถฟาร์มแทรกเตอร์และอุปกรณ์', 7, 3),
(54, 'เบ็ดเตล็ด', 9, 3),
(55, 'ครุภัณฑ์ก่อสร้าง', 10, 3),
(56, 'ครุภัณฑ์โรงงาน', 10, 3),
(57, 'อุปกรณ์ตรวจวัดพฤติกรรมเขื่อน', 12, 5),
(58, 'เครื่องมือวัดแรงดันน้ำด้วยไฟฟ้าแ', 12, 5),
(59, 'เครื่องมือวัดอัตราการไหลของน้ำผ่', 12, 5),
(60, 'อุปกรณ์อ่านค่าระดับน้ำ (Water Le', 12, 5),
(61, 'แผ่นสลายพลังงาน แผ่นวัดระดับน้ำแ', 12, 5),
(62, 'อื่นๆ', 12, 5),
(63, 'แผ่นวัดระดับน้ำ (Staffgate)', 12, 5),
(64, 'เครื่องวัดระดับน้ำ(แบบอิเล็กทรอน', 12, 5),
(65, 'เครื่องวัดกระแสน้ำ (แบบกลไก)', 12, 5),
(66, 'เครื่องวัดกระแสน้ำ (แบบอิเลคทรอน', 12, 5),
(67, 'เครื่องวัดน้ำฝน (แบบธรรมดา)', 12, 5),
(68, 'เครื่องวัดน้ำฝน (แบบอิเล็กทรอนิก', 12, 5),
(69, 'เครื่องวัดความชื้น (แบบอิเลคทรอน', 12, 5),
(70, 'เครื่องหยั่งความลึก (แบบอิเลคทรอ', 12, 5),
(71, 'เครื่องมือสำรวจอุตุนิยมวิทยา (อิ', 12, 5),
(72, 'เลนส์', 14, 7),
(73, 'ถ่ายภาพ และถอดจำลอง', 14, 7),
(74, 'กล้องถ่ายภาพวีดีโอ', 14, 7),
(76, 'เครื่องฉายภาพ', 14, 7),
(77, 'ป้ายอักษรไฟวิ่ง', 14, 7),
(79, 'โทรทัศน์', 14, 7),
(80, 'Plotter', 1, 1),
(81, 'กระดานวาดรูป', 1, 1),
(82, 'Projector', 1, 1),
(83, 'รถและอุปกรณ์ประกอบ', 6, 3),
(84, 'เครื่องมือและเครื่องใช้ในกิจการส', 11, 4),
(87, 'เครื่อง วี.ดี.โอ / ดี.วี.ดี', 14, 7),
(88, 'ไฟฟ้า', 5, 3),
(89, 'เรือขุดและอุปกรณ์', 8, 3),
(91, 'การเกษตร_เครื่องมือและอุปกรณ์', 13, 6),
(92, 'สำรวจ_เครื่องมืองานปฐพีและธรณีวิ', 6, 3),
(93, 'วิทยาศาสตร์และการแพทย์_เครื่องมื', 12, 5),
(94, 'การเกษตร_เครื่องกลการเกษตร', 13, 6),
(95, 'การเกษตร_เครื่องมือวิเคราะห์วิจั', 13, 6),
(96, '222', 17, 0),
(97, 'งานบ้านงานครัว_งานบ้านงานครัว', 13, 6),
(98, 'เครื่องมือวิทยาศาสตร์และการแพทย์', 13, 6),
(99, 'เครื่องมือและอุปกรณ์ประกอบการปฏิ', 2, 1),
(102, 'การพิมพ์', 15, 7),
(103, 'ครุภัณฑ์การศึกษา', 2, 1),
(104, 'ครุภัณฑ์อื่นๆ', 10, 3),
(105, 'เครื่องมือทดลองเกี่ยวกับการเกษตร', 12, 5),
(106, 'อื่น ๆ', 15, 7),
(107, 'จ้างพัฒนาระบบบริหารจัดการน้ำด้วย', 2, 1),
(108, 'โครงการจัดหารถปฏิบัติการติดตามสถ', 2, 1);

-- --------------------------------------------------------

--
-- Table structure for table `users`
--

CREATE TABLE `users` (
  `User_id` int(11) NOT NULL,
  `Username` varchar(32) NOT NULL,
  `Name` varchar(32) NOT NULL,
  `Surname` varchar(32) NOT NULL,
  `Dep_id` int(11) NOT NULL,
  `Status_id` int(11) NOT NULL,
  `Password` varchar(32) NOT NULL
) ENGINE=InnoDB DEFAULT CHARSET=utf8mb4 COLLATE=utf8mb4_general_ci;

--
-- Dumping data for table `users`
--

INSERT INTO `users` (`User_id`, `Username`, `Name`, `Surname`, `Dep_id`, `Status_id`, `Password`) VALUES
(1, '1', 'ผู้ดูแลระบบ ', 'ผู้ดูแลระบบ ', 1, 1, '1'),
(7, '2', '2', '2', 1, 2, '2'),
(12, '4', '4', '4', 2, 2, '4'),
(14, '3', '3', '3', 3, 2, '3'),
(15, 'itc_1', 'ปองคุณ', 'สายเครือคำ', 1, 2, '123'),
(16, 'ออกแบบ', 'ปองคุณ', 'สายเครือคำ', 2, 2, '123'),
(17, 'จักรกล', 'ปองคุณ', 'สายเครือคำ', 3, 2, '123'),
(18, 'สำรวจ', 'ปองคุณ', 'สายเครือคำ', 4, 2, '123'),
(19, 'บริหาร', 'ปองคุณ', 'สายเครือคำ', 5, 2, '123'),
(20, 'วิจัย', 'ปองคุณ', 'สายเครือคำ', 6, 2, '123'),
(21, 'เลขา', 'ปองคุณ', 'สายเครือคำ', 7, 2, '123');

--
-- Indexes for dumped tables
--

--
-- Indexes for table `category`
--
ALTER TABLE `category`
  ADD PRIMARY KEY (`Category_id`),
  ADD KEY `Dep_id` (`Dep_id`);

--
-- Indexes for table `department`
--
ALTER TABLE `department`
  ADD PRIMARY KEY (`Department_id`);

--
-- Indexes for table `equipment`
--
ALTER TABLE `equipment`
  ADD PRIMARY KEY (`Equipment_id`),
  ADD KEY `Category_id` (`Category_id`),
  ADD KEY `Sub_category_id` (`Sub_category_id`),
  ADD KEY `Dep_id` (`Dep_id`);

--
-- Indexes for table `status`
--
ALTER TABLE `status`
  ADD PRIMARY KEY (`Status_id`);

--
-- Indexes for table `sub_category`
--
ALTER TABLE `sub_category`
  ADD PRIMARY KEY (`Sub_category_id`),
  ADD KEY `Category_id` (`Category_id`),
  ADD KEY `Dep_id` (`Dep_id`);

--
-- Indexes for table `users`
--
ALTER TABLE `users`
  ADD PRIMARY KEY (`User_id`),
  ADD UNIQUE KEY `Username` (`Username`),
  ADD KEY `Dep_id` (`Dep_id`),
  ADD KEY `users_ibfk_2` (`Status_id`);

--
-- AUTO_INCREMENT for dumped tables
--

--
-- AUTO_INCREMENT for table `category`
--
ALTER TABLE `category`
  MODIFY `Category_id` int(11) NOT NULL AUTO_INCREMENT, AUTO_INCREMENT=17;

--
-- AUTO_INCREMENT for table `department`
--
ALTER TABLE `department`
  MODIFY `Department_id` int(11) NOT NULL AUTO_INCREMENT, AUTO_INCREMENT=8;

--
-- AUTO_INCREMENT for table `equipment`
--
ALTER TABLE `equipment`
  MODIFY `Equipment_id` int(11) NOT NULL AUTO_INCREMENT, AUTO_INCREMENT=3260;

--
-- AUTO_INCREMENT for table `status`
--
ALTER TABLE `status`
  MODIFY `Status_id` int(11) NOT NULL AUTO_INCREMENT, AUTO_INCREMENT=3;

--
-- AUTO_INCREMENT for table `sub_category`
--
ALTER TABLE `sub_category`
  MODIFY `Sub_category_id` int(11) NOT NULL AUTO_INCREMENT, AUTO_INCREMENT=109;

--
-- AUTO_INCREMENT for table `users`
--
ALTER TABLE `users`
  MODIFY `User_id` int(11) NOT NULL AUTO_INCREMENT, AUTO_INCREMENT=22;

--
-- Constraints for dumped tables
--

--
-- Constraints for table `category`
--
ALTER TABLE `category`
  ADD CONSTRAINT `category_ibfk_1` FOREIGN KEY (`Dep_id`) REFERENCES `department` (`Department_id`) ON DELETE CASCADE;
COMMIT;

/*!40101 SET CHARACTER_SET_CLIENT=@OLD_CHARACTER_SET_CLIENT */;
/*!40101 SET CHARACTER_SET_RESULTS=@OLD_CHARACTER_SET_RESULTS */;
/*!40101 SET COLLATION_CONNECTION=@OLD_COLLATION_CONNECTION */;
